nome;sinal;subsetor;subsetor_nome;forma_empresarial;fonte;ano
Caixa Geral de Aposentações;APU;S.13111;Administração Central;nao;INE S.13 2025;2025
Estado;APU;S.13111;Administração Central;nao;INE S.13 2025;2025
Serviços Integrados do Estado;APU;S.13111;Administração Central;nao;INE S.13 2025;2025
ADSE - Instituto de Proteção e Assistência na Doença, I.P.;APU;S.13112;Administração Central;nao;INE S.13 2025;2025
AICEP Portugal Global - Agência para o Investimento e Comércio Externo de Portugal, E.P.E.;SPE_PROVAVEL;S.13112;Administração Central;sim;INE S.13 2025;2025
ANAC - Autoridade Nacional da Aviação Civil;APU;S.13112;Administração Central;nao;INE S.13 2025;2025
ANACOM - Autoridade Nacional de Comunicações;APU;S.13112;Administração Central;nao;INE S.13 2025;2025
ANI - Agência Nacional de Inovação, S.A.;SPE_PROVAVEL;S.13112;Administração Central;sim;INE S.13 2025;2025
AdC - Autoridade da Concorrência;APU;S.13112;Administração Central;nao;INE S.13 2025;2025
Administração Central do Sistema de Saúde, I.P.;APU;S.13112;Administração Central;nao;INE S.13 2025;2025
Administração Regional de Saúde de Lisboa e Vale do Tejo, I.P.;APU;S.13112;Administração Central;nao;INE S.13 2025;2025
Administração Regional de Saúde do Alentejo, I.P.;APU;S.13112;Administração Central;nao;INE S.13 2025;2025
Administração Regional de Saúde do Algarve, I.P.;APU;S.13112;Administração Central;nao;INE S.13 2025;2025
Administração Regional de Saúde do Centro, I.P.;APU;S.13112;Administração Central;nao;INE S.13 2025;2025
Administração Regional de Saúde do Norte, I.P.;APU;S.13112;Administração Central;nao;INE S.13 2025;2025
Agência Nacional para a Gestão do Programa Erasmus + Educação e Formação;APU;S.13112;Administração Central;nao;INE S.13 2025;2025
Agência Nacional para a Gestão do Programa Erasmus + Juventude em Ação;APU;S.13112;Administração Central;nao;INE S.13 2025;2025
Agência Nacional para a Qualificação e o Ensino Profissional, I.P.;APU;S.13112;Administração Central;nao;INE S.13 2025;2025
Agência Portuguesa do Ambiente, I.P.;APU;S.13112;Administração Central;nao;INE S.13 2025;2025
Agência para a Gestão do Sistema Educativo;APU;S.13112;Administração Central;nao;INE S.13 2025;2025
Agência para a Integração, Migrações e Asilo, I.P.;APU;S.13112;Administração Central;nao;INE S.13 2025;2025
Agência para a Reforma Tecnológica do Estado, I.P.;APU;S.13112;Administração Central;nao;INE S.13 2025;2025
Agência para o Clima, I.P.;APU;S.13112;Administração Central;nao;INE S.13 2025;2025
Agência para o Desenvolvimento e Coesão, I.P.;APU;S.13112;Administração Central;nao;INE S.13 2025;2025
Arsenal do Alfeite, S.A.;SPE_PROVAVEL;S.13112;Administração Central;sim;INE S.13 2025;2025
Assembleia da República;APU;S.13112;Administração Central;nao;INE S.13 2025;2025
Autoridade Nacional de Emergência e Proteção Civil;APU;S.13112;Administração Central;nao;INE S.13 2025;2025
Autoridade da Mobilidade e dos Transportes;APU;S.13112;Administração Central;nao;INE S.13 2025;2025
AveiroPolis - Sociedade para o Desenvolvimento do Programa Polis em Aveiro, S.A.;SPE_PROVAVEL;S.13112;Administração Central;sim;INE S.13 2025;2025
Banif - Banco Internacional do Funchal, S.A.;SPE_PROVAVEL;S.13112;Administração Central;sim;INE S.13 2025;2025
Banif Imobiliária, S.A.;SPE_PROVAVEL;S.13112;Administração Central;sim;INE S.13 2025;2025
CCDR Alentejo - Comissão de Coordenação e Desenvolvimento Regional do Alentejo, I.P.;APU;S.13112;Administração Central;nao;INE S.13 2025;2025
CCDR Algarve - Comissão de Coordenação e Desenvolvimento Regional do Algarve, I.P.;APU;S.13112;Administração Central;nao;INE S.13 2025;2025
CCDR Centro - Comissão de Coordenação e Desenvolvimento Regional do Centro, I.P.;APU;S.13112;Administração Central;nao;INE S.13 2025;2025
CCDR LVT - Comissão de Coordenação e Desenvolvimento Regional de Lisboa e Vale do Tejo, I.P.;APU;S.13112;Administração Central;nao;INE S.13 2025;2025
CCDR Norte - Comissão de Coordenação e Desenvolvimento Regional do Norte, I.P.;APU;S.13112;Administração Central;nao;INE S.13 2025;2025
Camões - Instituto da Cooperação e da Língua, I.P.;APU;S.13112;Administração Central;nao;INE S.13 2025;2025
Cinemateca Portuguesa - Museu do Cinema, I.P.;APU;S.13112;Administração Central;nao;INE S.13 2025;2025
Cofre Privativo do Tribunal de Contas - Açores;APU;S.13112;Administração Central;nao;INE S.13 2025;2025
Cofre Privativo do Tribunal de Contas - Madeira;APU;S.13112;Administração Central;nao;INE S.13 2025;2025
Cofre Privativo do Tribunal de Contas - Sede;APU;S.13112;Administração Central;nao;INE S.13 2025;2025
Cofre de Previdência da Polícia de Segurança Pública;APU;S.13112;Administração Central;nao;INE S.13 2025;2025
Comissão Nacional de Proteção de Dados;APU;S.13112;Administração Central;nao;INE S.13 2025;2025
Comissão para o Acompanhamento dos Auxiliares de Justiça;APU;S.13112;Administração Central;nao;INE S.13 2025;2025
Conselho Superior da Magistratura;APU;S.13112;Administração Central;nao;INE S.13 2025;2025
Conselho Superior dos Tribunais Administrativos e Fiscais;APU;S.13112;Administração Central;nao;INE S.13 2025;2025
Conselho das Finanças Públicas;APU;S.13112;Administração Central;nao;INE S.13 2025;2025
Consest - Promoção Imobiliária, S.A.;SPE_PROVAVEL;S.13112;Administração Central;sim;INE S.13 2025;2025
Construção Pública, E.P.E.;SPE_PROVAVEL;S.13112;Administração Central;sim;INE S.13 2025;2025
CostaPolis, Sociedade para o Desenvolvimento do Programa Polis na Costa da Caparica, S.A.;SPE_PROVAVEL;S.13112;Administração Central;sim;INE S.13 2025;2025
Direção Executiva do Serviço Nacional de Saúde, I.P.;APU;S.13112;Administração Central;nao;INE S.13 2025;2025
EAS - Empresa Ambiente na Saúde - Tratamento de Resíduos Hospitalares, Unipessoal, Lda.;SPE_PROVAVEL;S.13112;Administração Central;sim;INE S.13 2025;2025
EDIA - Empresa de Desenvolvimento e Infra-estruturas do Alqueva, S.A.;SPE_PROVAVEL;S.13112;Administração Central;sim;INE S.13 2025;2025
ENSE – Entidade Nacional para o Setor Energético;APU;S.13112;Administração Central;nao;INE S.13 2025;2025
ERSAR - Entidade Reguladora dos Serviços de Águas e Resíduos;APU;S.13112;Administração Central;nao;INE S.13 2025;2025
ERSE - Entidade Reguladora dos Serviços Energéticos;APU;S.13112;Administração Central;nao;INE S.13 2025;2025
ERT-RL - Entidade Regional de Turismo de Lisboa e Vale do Tejo;APU;S.13112;Administração Central;nao;INE S.13 2025;2025
ESPAP - Entidade de Serviços Partilhados da Administração Pública, I.P.;APU;S.13112;Administração Central;nao;INE S.13 2025;2025
Editorial do Ministério da Educação e Cência;APU;S.13112;Administração Central;nao;INE S.13 2025;2025
Enatur - Empresa Nacional de Turismo, S.A.;SPE_PROVAVEL;S.13112;Administração Central;sim;INE S.13 2025;2025
Entidade Regional de Turismo do Centro de Portugal;APU;S.13112;Administração Central;nao;INE S.13 2025;2025
Entidade Reguladora da Saúde;APU;S.13112;Administração Central;nao;INE S.13 2025;2025
Entidade Reguladora para a Comunicação Social;APU;S.13112;Administração Central;nao;INE S.13 2025;2025
Escola Superior Náutica Infante D. Henrique;APU;S.13112;Administração Central;nao;INE S.13 2025;2025
Escola Superior de Enfermagem da Universidade de Lisboa;APU;S.13112;Administração Central;nao;INE S.13 2025;2025
Escola Superior de Enfermagem de Coimbra;APU;S.13112;Administração Central;nao;INE S.13 2025;2025
Escola Superior de Enfermagem do Porto;APU;S.13112;Administração Central;nao;INE S.13 2025;2025
Escola Superior de Hotelaria e Turismo do Estoril;APU;S.13112;Administração Central;nao;INE S.13 2025;2025
Estamo, Participações Imobiliárias, S.A.;SPE_PROVAVEL;S.13112;Administração Central;sim;INE S.13 2025;2025
Extra - Explosivos da Trafaria, S.A.;SPE_PROVAVEL;S.13112;Administração Central;sim;INE S.13 2025;2025
FACCE - Fundo Autónomo de Apoio à Concentração e Consolidação de Empresas;APU;S.13112;Administração Central;nao;INE S.13 2025;2025
FCT - Fundação para a Ciência e a Tecnologia, I.P.;APU;S.13112;Administração Central;nao;INE S.13 2025;2025
FINOVA - Fundo de Apoio Ao Financiamento a Inovação;APU;S.13112;Administração Central;nao;INE S.13 2025;2025
Ferconsult - Consultoria, Estudos e Projectos de Engenharia de Transportes, S.A.;SPE_PROVAVEL;S.13112;Administração Central;sim;INE S.13 2025;2025
Fundo Ambiental;APU;S.13112;Administração Central;nao;INE S.13 2025;2025
Fundo Azul;APU;S.13112;Administração Central;nao;INE S.13 2025;2025
Fundo Imobiliário Especial de Apoio às Empresas;APU;S.13112;Administração Central;nao;INE S.13 2025;2025
Fundo Nacional de Reabilitação do Edificado;APU;S.13112;Administração Central;nao;INE S.13 2025;2025
Fundo Para o Serviço Público de Transportes;APU;S.13112;Administração Central;nao;INE S.13 2025;2025
Fundo REVITA;APU;S.13112;Administração Central;nao;INE S.13 2025;2025
Fundo Revive Natureza;APU;S.13112;Administração Central;nao;INE S.13 2025;2025
Fundo Sanitário e de Segurança Alimentar Mais;APU;S.13112;Administração Central;nao;INE S.13 2025;2025
Fundo da Língua Portuguesa;APU;S.13112;Administração Central;nao;INE S.13 2025;2025
Fundo de Acidentes de Trabalho;APU;S.13112;Administração Central;nao;INE S.13 2025;2025
Fundo de Apoio Municipal;APU;S.13112;Administração Central;nao;INE S.13 2025;2025
Fundo de Apoio ao Turismo e ao Cinema;APU;S.13112;Administração Central;nao;INE S.13 2025;2025
Fundo de Capital e Quase Capital;APU;S.13112;Administração Central;nao;INE S.13 2025;2025
Fundo de Capitalização e Resiliência;APU;S.13112;Administração Central;nao;INE S.13 2025;2025
Fundo de Coinvestimento 200M;APU;S.13112;Administração Central;nao;INE S.13 2025;2025
Fundo de Compensação Salarial dos Profissionais da Pesca;APU;S.13112;Administração Central;nao;INE S.13 2025;2025
Fundo de Contragarantia Mútuo;APU;S.13112;Administração Central;nao;INE S.13 2025;2025
Fundo de Dívida e Garantias;APU;S.13112;Administração Central;nao;INE S.13 2025;2025
Fundo de Estabilização Tributário;APU;S.13112;Administração Central;nao;INE S.13 2025;2025
Fundo de Fomento Cultural;APU;S.13112;Administração Central;nao;INE S.13 2025;2025
Fundo de Garantia Automóvel;APU;S.13112;Administração Central;nao;INE S.13 2025;2025
Fundo de Garantia de Depósitos;APU;S.13112;Administração Central;nao;INE S.13 2025;2025
Fundo de Garantia de Viagens e Turismo;APU;S.13112;Administração Central;nao;INE S.13 2025;2025
Fundo de Inovação, Tecnologia e Economia Circular;APU;S.13112;Administração Central;nao;INE S.13 2025;2025
Fundo de Reabilitação e Conservação Patrimonial;APU;S.13112;Administração Central;nao;INE S.13 2025;2025
Fundo de Reestruturação do Setor Solidário;APU;S.13112;Administração Central;nao;INE S.13 2025;2025
Fundo de Regularização da Dívida Pública;APU;S.13112;Administração Central;nao;INE S.13 2025;2025
Fundo de Resolução;APU;S.13112;Administração Central;nao;INE S.13 2025;2025
Fundo de Salvaguarda do Património Cultural;APU;S.13112;Administração Central;nao;INE S.13 2025;2025
Fundo dos Fundos para a Internacionalização;APU;S.13112;Administração Central;nao;INE S.13 2025;2025
Fundo para a Aquisição de Bens Culturais;APU;S.13112;Administração Central;nao;INE S.13 2025;2025
Fundo para a Inovação Social;APU;S.13112;Administração Central;nao;INE S.13 2025;2025
Fundo para a Modernização da Justiça;APU;S.13112;Administração Central;nao;INE S.13 2025;2025
Fundo para a Promoção dos Direitos dos Consumidores;APU;S.13112;Administração Central;nao;INE S.13 2025;2025
Fundo para a Revitalização e Modernização do Tecido Empresarial, SGPS, S.A.;SPE_PROVAVEL;S.13112;Administração Central;sim;INE S.13 2025;2025
Fundo para as Relações Internacionais, I.P.;APU;S.13112;Administração Central;nao;INE S.13 2025;2025
Gabinete do Secretário-Geral do SIRP e Estruturas Comuns ao SIED e SIS;APU;S.13112;Administração Central;nao;INE S.13 2025;2025
IAPMEI - Agência para a Competitividade e Inovação, I.P.;APU;S.13112;Administração Central;nao;INE S.13 2025;2025
IASFA - Instituto de Ação Social das Forças Armadas;APU;S.13112;Administração Central;nao;INE S.13 2025;2025
IAVE - Instituto de Avaliação Educativa, I.P.;APU;S.13112;Administração Central;nao;INE S.13 2025;2025
ICAD - Instituto para os Comportamentos Aditivos e as Dependências, I.P.;APU;S.13112;Administração Central;nao;INE S.13 2025;2025
IDD - Portugal Defence, S.A.;SPE_PROVAVEL;S.13112;Administração Central;sim;INE S.13 2025;2025
IEFP - Instituto do Emprego e da Formação Profissional, I.P.;APU;S.13112;Administração Central;nao;INE S.13 2025;2025
IFAP - Instituto de Financiamento da Agricultura e Pescas, I.P.;APU;S.13112;Administração Central;nao;INE S.13 2025;2025
IGCP - Agência de Gestão da Tesouraria e da Dívida Pública, E.P.E.;SPE_PROVAVEL;S.13112;Administração Central;sim;INE S.13 2025;2025
IGEFE - Instituto de Gestão Financeira da Educação, I.P.;APU;S.13112;Administração Central;nao;INE S.13 2025;2025
IGFEJ - Instituto Gestão Financeira e Equipamentos da Justiça, I.P.;APU;S.13112;Administração Central;nao;INE S.13 2025;2025
IHRU - Instituto da Habitação e da Reabilitação Urbana, I.P.;APU;S.13112;Administração Central;nao;INE S.13 2025;2025
IMPIC - Instituto dos Mercados Públicos, do Imobiliário e da Construção, I.P.;APU;S.13112;Administração Central;nao;INE S.13 2025;2025
IMT - Instituto da Mobilidade e dos Transportes, I.P.;APU;S.13112;Administração Central;nao;INE S.13 2025;2025
INA - Instituto Nacional de Administração, I.P.;APU;S.13112;Administração Central;nao;INE S.13 2025;2025
INEM - Instituto Nacional de Emergência Médica, I.P.;APU;S.13112;Administração Central;nao;INE S.13 2025;2025
INFARMED - Autoridade Nacional do Medicamento e Produtos de Saúde, I.P.;APU;S.13112;Administração Central;nao;INE S.13 2025;2025
INIAV - Instituto Nacional de Investigação Agrária e Veterinária, I.P.;APU;S.13112;Administração Central;nao;INE S.13 2025;2025
INMLCF - Instituto Nacional de Medicina Legal e Ciências Forenses, I.P.;APU;S.13112;Administração Central;nao;INE S.13 2025;2025
INSA - Instituto Nacional de Saúde Dr. Ricardo Jorge, I.P.;APU;S.13112;Administração Central;nao;INE S.13 2025;2025
INTELI - Inteligência em Inovação, Centro de Inovação;APU;S.13112;Administração Central;nao;INE S.13 2025;2025
IPDJ - Instituto Português do Desporto e Juventude, I.P.;APU;S.13112;Administração Central;nao;INE S.13 2025;2025
IPQ - Instituto Português da Qualidade, I.P.;APU;S.13112;Administração Central;nao;INE S.13 2025;2025
ISCTE - Instituto Universitário de Lisboa, Fundação Pública;APU;S.13112;Administração Central;nao;INE S.13 2025;2025
IVDP - Instituto dos Vinhos do Douro e do Porto, I.P.;APU;S.13112;Administração Central;nao;INE S.13 2025;2025
IVV - Instituto da Vinha e do Vinho, I.P.;APU;S.13112;Administração Central;nao;INE S.13 2025;2025
Infraestruturas de Portugal, S.A.;SPE_PROVAVEL;S.13112;Administração Central;sim;INE S.13 2025;2025
Instituto Hidrográfico;APU;S.13112;Administração Central;nao;INE S.13 2025;2025
Instituto Politécnico da Guarda;APU;S.13112;Administração Central;nao;INE S.13 2025;2025
Instituto Politécnico de Beja;APU;S.13112;Administração Central;nao;INE S.13 2025;2025
Instituto Politécnico de Bragança;APU;S.13112;Administração Central;nao;INE S.13 2025;2025
Instituto Politécnico de Castelo Branco;APU;S.13112;Administração Central;nao;INE S.13 2025;2025
Instituto Politécnico de Coimbra;APU;S.13112;Administração Central;nao;INE S.13 2025;2025
Instituto Politécnico de Leiria;APU;S.13112;Administração Central;nao;INE S.13 2025;2025
Instituto Politécnico de Lisboa;APU;S.13112;Administração Central;nao;INE S.13 2025;2025
Instituto Politécnico de Portalegre;APU;S.13112;Administração Central;nao;INE S.13 2025;2025
Instituto Politécnico de Santarém;APU;S.13112;Administração Central;nao;INE S.13 2025;2025
Instituto Politécnico de Setúbal;APU;S.13112;Administração Central;nao;INE S.13 2025;2025
Instituto Politécnico de Tomar;APU;S.13112;Administração Central;nao;INE S.13 2025;2025
Instituto Politécnico de Viana Do Castelo;APU;S.13112;Administração Central;nao;INE S.13 2025;2025
Instituto Politécnico de Viseu;APU;S.13112;Administração Central;nao;INE S.13 2025;2025
Instituto Politécnico do Cávado e do Ave - Fundação Pública;APU;S.13112;Administração Central;nao;INE S.13 2025;2025
Instituto Politécnico do Porto;APU;S.13112;Administração Central;nao;INE S.13 2025;2025
Instituto Português de Acreditação, I.P.;APU;S.13112;Administração Central;nao;INE S.13 2025;2025
Instituto Português de Oncologia de Coimbra Francisco Gentil, E.P.E.;SPE_PROVAVEL;S.13112;Administração Central;sim;INE S.13 2025;2025
Instituto Português de Oncologia de Lisboa Francisco Gentil, E.P.E.;SPE_PROVAVEL;S.13112;Administração Central;sim;INE S.13 2025;2025
Instituto Português de Oncologia do Porto Francisco Gentil, E.P.E.;SPE_PROVAVEL;S.13112;Administração Central;sim;INE S.13 2025;2025
Instituto Português do Mar e da Atmosfera, I.P.;APU;S.13112;Administração Central;nao;INE S.13 2025;2025
Instituto Português do Sangue e da Transplantação, I.P.;APU;S.13112;Administração Central;nao;INE S.13 2025;2025
Instituto Superior de Engenharia de Lisboa;APU;S.13112;Administração Central;nao;INE S.13 2025;2025
Instituto Superior de Engenharia do Porto;APU;S.13112;Administração Central;nao;INE S.13 2025;2025
Instituto da Conservação da Natureza e das Florestas, I.P.;APU;S.13112;Administração Central;nao;INE S.13 2025;2025
Instituto de Educação, Qualidade e Avaliação, I.P.;APU;S.13112;Administração Central;nao;INE S.13 2025;2025
Instituto do Cinema e do Audiovisual, I.P.;APU;S.13112;Administração Central;nao;INE S.13 2025;2025
Instituto para o Ensino Superior, I.P.;APU;S.13112;Administração Central;nao;INE S.13 2025;2025
LNEC - Laboratório Nacional de Engenharia Civil;APU;S.13112;Administração Central;nao;INE S.13 2025;2025
LNEG - Laboratório Nacional de Energia e Geologia, I.P.;APU;S.13112;Administração Central;nao;INE S.13 2025;2025
LNM - Laboratório Nacional do Medicamento;APU;S.13112;Administração Central;nao;INE S.13 2025;2025
MENAC - Mecanismo Nacional Anticorrupção;APU;S.13112;Administração Central;nao;INE S.13 2025;2025
Metro - Mondego, S.A.;SPE_PROVAVEL;S.13112;Administração Central;sim;INE S.13 2025;2025
Metro do Porto Consultoria - Consultoria em Transportes Urbanos e Participações, Unipessoal, Lda.;SPE_PROVAVEL;S.13112;Administração Central;sim;INE S.13 2025;2025
Metro do Porto, S.A.;SPE_PROVAVEL;S.13112;Administração Central;sim;INE S.13 2025;2025
Metropolitano de Lisboa, E.P.E.;SPE_PROVAVEL;S.13112;Administração Central;sim;INE S.13 2025;2025
Museus e Monumentos de Portugal, E.P.E.;SPE_PROVAVEL;S.13112;Administração Central;sim;INE S.13 2025;2025
OPART - Organismo de Produção Artística, E.P.E.;SPE_PROVAVEL;S.13112;Administração Central;sim;INE S.13 2025;2025
Oitante, S.A.;SPE_PROVAVEL;S.13112;Administração Central;sim;INE S.13 2025;2025
Parpública - Participações Públicas, SGPS, S.A.;SPE_PROVAVEL;S.13112;Administração Central;sim;INE S.13 2025;2025
Parvalorem, S.A.;SPE_PROVAVEL;S.13112;Administração Central;sim;INE S.13 2025;2025
Património Cultural, I.P.;APU;S.13112;Administração Central;nao;INE S.13 2025;2025
Polis Litoral Norte - Sociedade para a Requalificação e Valorização do Litoral Norte, S.A.;SPE_PROVAVEL;S.13112;Administração Central;sim;INE S.13 2025;2025
Polis Litoral Ria de Aveiro - Sociedade para a Requalificação e Valorização da Ria de Aveiro, S.A.;SPE_PROVAVEL;S.13112;Administração Central;sim;INE S.13 2025;2025
Presidência da República;APU;S.13112;Administração Central;nao;INE S.13 2025;2025
Procuradoria Geral da República;APU;S.13112;Administração Central;nao;INE S.13 2025;2025
Promonet - Associação Promotora de Novas Empresas e Tecnologias;APU;S.13112;Administração Central;nao;INE S.13 2025;2025
Provedoria de Justiça;APU;S.13112;Administração Central;nao;INE S.13 2025;2025
RTA - Região de Turismo do Algarve;APU;S.13112;Administração Central;nao;INE S.13 2025;2025
Rádio e Televisão de Portugal, S.A.;SPE_PROVAVEL;S.13112;Administração Central;sim;INE S.13 2025;2025
SAGESECUR - Sociedade de Estudos, Desenvolvimento e Participação em Projectos, S.A.;SPE_PROVAVEL;S.13112;Administração Central;sim;INE S.13 2025;2025
SAS - Instituto Politécnico da Guarda;APU;S.13112;Administração Central;nao;INE S.13 2025;2025
SAS - Instituto Politécnico de Beja;APU;S.13112;Administração Central;nao;INE S.13 2025;2025
SAS - Instituto Politécnico de Bragança;APU;S.13112;Administração Central;nao;INE S.13 2025;2025
SAS - Instituto Politécnico de Castelo Branco;APU;S.13112;Administração Central;nao;INE S.13 2025;2025
SAS - Instituto Politécnico de Coimbra;APU;S.13112;Administração Central;nao;INE S.13 2025;2025
SAS - Instituto Politécnico de Leiria;APU;S.13112;Administração Central;nao;INE S.13 2025;2025
SAS - Instituto Politécnico de Lisboa;APU;S.13112;Administração Central;nao;INE S.13 2025;2025
SAS - Instituto Politécnico de Portalegre;APU;S.13112;Administração Central;nao;INE S.13 2025;2025
SAS - Instituto Politécnico de Santarém;APU;S.13112;Administração Central;nao;INE S.13 2025;2025
SAS - Instituto Politécnico de Setúbal;APU;S.13112;Administração Central;nao;INE S.13 2025;2025
SAS - Instituto Politécnico de Tomar;APU;S.13112;Administração Central;nao;INE S.13 2025;2025
SAS - Instituto Politécnico de Viana Do Castelo;APU;S.13112;Administração Central;nao;INE S.13 2025;2025
SAS - Instituto Politécnico de Viseu;APU;S.13112;Administração Central;nao;INE S.13 2025;2025
SAS - Instituto Politécnico do Porto;APU;S.13112;Administração Central;nao;INE S.13 2025;2025
SAS - Universidade da Beira Interior;APU;S.13112;Administração Central;nao;INE S.13 2025;2025
SAS - Universidade da Madeira;APU;S.13112;Administração Central;nao;INE S.13 2025;2025
SAS - Universidade de Coimbra;APU;S.13112;Administração Central;nao;INE S.13 2025;2025
SAS - Universidade de Lisboa;APU;S.13112;Administração Central;nao;INE S.13 2025;2025
SAS - Universidade de Trás-os-Montes e Alto Douro;APU;S.13112;Administração Central;nao;INE S.13 2025;2025
SAS - Universidade de Évora;APU;S.13112;Administração Central;nao;INE S.13 2025;2025
SAS - Universidade do Algarve;APU;S.13112;Administração Central;nao;INE S.13 2025;2025
SAS - Universidade do Minho;APU;S.13112;Administração Central;nao;INE S.13 2025;2025
SAS - Universidade dos Açores;APU;S.13112;Administração Central;nao;INE S.13 2025;2025
SIRESP - Gestão de Redes Digitais de Segurança e Emergência, S.A.;SPE_PROVAVEL;S.13112;Administração Central;sim;INE S.13 2025;2025
SPMS - Serviços Partilhados do Ministério da Saúde, E.P.E.;SPE_PROVAVEL;S.13112;Administração Central;sim;INE S.13 2025;2025
SUCH - Serviço de Utilização Comum dos Hospitais;APU;S.13112;Administração Central;nao;INE S.13 2025;2025
Santa Casa Global, Unipessoal Lda.;SPE_PROVAVEL;S.13112;Administração Central;sim;INE S.13 2025;2025
Serviço de Informações Estratégicas de Defesa e Militares;APU;S.13112;Administração Central;nao;INE S.13 2025;2025
Serviço de Informações e de Segurança;APU;S.13112;Administração Central;nao;INE S.13 2025;2025
Serviços Sociais da Administração Pública;APU;S.13112;Administração Central;nao;INE S.13 2025;2025
Serviços Sociais da G.N.R.;APU;S.13112;Administração Central;nao;INE S.13 2025;2025
Serviços Sociais da P.S.P.;APU;S.13112;Administração Central;nao;INE S.13 2025;2025
Serviços e Fundos Autónomos da Administração Central;APU;S.13112;Administração Central;nao;INE S.13 2025;2025
Siavilo - SGPS, S.A.;SPE_PROVAVEL;S.13112;Administração Central;sim;INE S.13 2025;2025
Sistema de Indemnização aos Investidores;APU;S.13112;Administração Central;nao;INE S.13 2025;2025
TREM - Aluguer de Material Circulante, A.C.E.;APU;S.13112;Administração Central;nao;INE S.13 2025;2025
TREM II - Aluguer de Material Circulante, A.C.E.;APU;S.13112;Administração Central;nao;INE S.13 2025;2025
TTSL - Transtejo Soflusa, S.A.;SPE_PROVAVEL;S.13112;Administração Central;sim;INE S.13 2025;2025
Teatro Nacional D. Maria II, E.P.E.;SPE_PROVAVEL;S.13112;Administração Central;sim;INE S.13 2025;2025
Teatro Nacional de São João, E.P.E.;SPE_PROVAVEL;S.13112;Administração Central;sim;INE S.13 2025;2025
Tribunal Constitucional;APU;S.13112;Administração Central;nao;INE S.13 2025;2025
Turismo de Portugal, I.P.;APU;S.13112;Administração Central;nao;INE S.13 2025;2025
Turismo do Alentejo, E.R.T.;APU;S.13112;Administração Central;nao;INE S.13 2025;2025
Turismo do Porto e Norte de Portugal;APU;S.13112;Administração Central;nao;INE S.13 2025;2025
UL - Faculdade de Arquitetura;APU;S.13112;Administração Central;nao;INE S.13 2025;2025
UL - Faculdade de Belas-Artes;APU;S.13112;Administração Central;nao;INE S.13 2025;2025
UL - Faculdade de Ciências;APU;S.13112;Administração Central;nao;INE S.13 2025;2025
UL - Faculdade de Direito;APU;S.13112;Administração Central;nao;INE S.13 2025;2025
UL - Faculdade de Farmácia;APU;S.13112;Administração Central;nao;INE S.13 2025;2025
UL - Faculdade de Letras;APU;S.13112;Administração Central;nao;INE S.13 2025;2025
UL - Faculdade de Medicina;APU;S.13112;Administração Central;nao;INE S.13 2025;2025
UL - Faculdade de Medicina Dentária;APU;S.13112;Administração Central;nao;INE S.13 2025;2025
UL - Faculdade de Medicina Veterinária;APU;S.13112;Administração Central;nao;INE S.13 2025;2025
UL - Faculdade de Motricidade Humana;APU;S.13112;Administração Central;nao;INE S.13 2025;2025
UL - Faculdade de Psicologia;APU;S.13112;Administração Central;nao;INE S.13 2025;2025
UL - Instituto De Ciências Sociais;APU;S.13112;Administração Central;nao;INE S.13 2025;2025
UL - Instituto Superior Técnico;APU;S.13112;Administração Central;nao;INE S.13 2025;2025
UL - Instituto Superior de Agronomia;APU;S.13112;Administração Central;nao;INE S.13 2025;2025
UL - Instituto Superior de Ciências Sociais e Politicas;APU;S.13112;Administração Central;nao;INE S.13 2025;2025
UL - Instituto Superior de Economia e Gestão;APU;S.13112;Administração Central;nao;INE S.13 2025;2025
UL - Instituto de Educação;APU;S.13112;Administração Central;nao;INE S.13 2025;2025
UL - Instituto de Geografia e Ordenamento do Território;APU;S.13112;Administração Central;nao;INE S.13 2025;2025
UL - Reitoria;APU;S.13112;Administração Central;nao;INE S.13 2025;2025
Unidade Local de Saúde da Arrábida, E.P.E.;SPE_PROVAVEL;S.13112;Administração Central;sim;INE S.13 2025;2025
Unidade Local de Saúde da Cova da Beira, E.P.E.;SPE_PROVAVEL;S.13112;Administração Central;sim;INE S.13 2025;2025
Unidade Local de Saúde da Guarda, E.P.E.;SPE_PROVAVEL;S.13112;Administração Central;sim;INE S.13 2025;2025
Unidade Local de Saúde da Lezíria, E.P.E.;SPE_PROVAVEL;S.13112;Administração Central;sim;INE S.13 2025;2025
Unidade Local de Saúde da Póvoa de Varzim/Vila do Conde, E.P.E.;SPE_PROVAVEL;S.13112;Administração Central;sim;INE S.13 2025;2025
Unidade Local de Saúde da Região de Aveiro, E.P.E.;SPE_PROVAVEL;S.13112;Administração Central;sim;INE S.13 2025;2025
Unidade Local de Saúde da Região de Leiria, E.P.E.;SPE_PROVAVEL;S.13112;Administração Central;sim;INE S.13 2025;2025
Unidade Local de Saúde de Almada-Seixal, E.P.E.;SPE_PROVAVEL;S.13112;Administração Central;sim;INE S.13 2025;2025
Unidade Local de Saúde de Amadora/Sintra, E.P.E.;SPE_PROVAVEL;S.13112;Administração Central;sim;INE S.13 2025;2025
Unidade Local de Saúde de Barcelos/Esposende, E.P.E.;SPE_PROVAVEL;S.13112;Administração Central;sim;INE S.13 2025;2025
Unidade Local de Saúde de Braga, E.P.E.;SPE_PROVAVEL;S.13112;Administração Central;sim;INE S.13 2025;2025
Unidade Local de Saúde de Castelo Branco, E.P.E.;SPE_PROVAVEL;S.13112;Administração Central;sim;INE S.13 2025;2025
Unidade Local de Saúde de Coimbra, E.P.E.;SPE_PROVAVEL;S.13112;Administração Central;sim;INE S.13 2025;2025
Unidade Local de Saúde de Entre o Douro e Vouga, E.P.E.;SPE_PROVAVEL;S.13112;Administração Central;sim;INE S.13 2025;2025
Unidade Local de Saúde de Gaia/Espinho, E.P.E.;SPE_PROVAVEL;S.13112;Administração Central;sim;INE S.13 2025;2025
Unidade Local de Saúde de Lisboa Ocidental, E.P.E.;SPE_PROVAVEL;S.13112;Administração Central;sim;INE S.13 2025;2025
Unidade Local de Saúde de Loures-Odivelas, E.P.E.;SPE_PROVAVEL;S.13112;Administração Central;sim;INE S.13 2025;2025
Unidade Local de Saúde de Matosinhos, E.P.E.;SPE_PROVAVEL;S.13112;Administração Central;sim;INE S.13 2025;2025
Unidade Local de Saúde de Santa Maria, E.P.E.;SPE_PROVAVEL;S.13112;Administração Central;sim;INE S.13 2025;2025
Unidade Local de Saúde de Santo António, E.P.E.;SPE_PROVAVEL;S.13112;Administração Central;sim;INE S.13 2025;2025
Unidade Local de Saúde de São José, E.P.E.;SPE_PROVAVEL;S.13112;Administração Central;sim;INE S.13 2025;2025
Unidade Local de Saúde de São João, E.P.E.;SPE_PROVAVEL;S.13112;Administração Central;sim;INE S.13 2025;2025
Unidade Local de Saúde de Trás-os-Montes e Alto Douro, E.P.E.;SPE_PROVAVEL;S.13112;Administração Central;sim;INE S.13 2025;2025
Unidade Local de Saúde de Viseu Dão-Lafões, E.P.E.;SPE_PROVAVEL;S.13112;Administração Central;sim;INE S.13 2025;2025
Unidade Local de Saúde do Alentejo Central, E.P.E.;SPE_PROVAVEL;S.13112;Administração Central;sim;INE S.13 2025;2025
Unidade Local de Saúde do Algarve, E.P.E.;SPE_PROVAVEL;S.13112;Administração Central;sim;INE S.13 2025;2025
Unidade Local de Saúde do Alto Alentejo, E.P.E.;SPE_PROVAVEL;S.13112;Administração Central;sim;INE S.13 2025;2025
Unidade Local de Saúde do Alto Ave, E.P.E.;SPE_PROVAVEL;S.13112;Administração Central;sim;INE S.13 2025;2025
Unidade Local de Saúde do Alto Minho, E.P.E.;SPE_PROVAVEL;S.13112;Administração Central;sim;INE S.13 2025;2025
Unidade Local de Saúde do Arco Ribeirinho, E.P.E.;SPE_PROVAVEL;S.13112;Administração Central;sim;INE S.13 2025;2025
Unidade Local de Saúde do Baixo Alentejo, E.P.E.;SPE_PROVAVEL;S.13112;Administração Central;sim;INE S.13 2025;2025
Unidade Local de Saúde do Baixo Mondego, E.P.E.;SPE_PROVAVEL;S.13112;Administração Central;sim;INE S.13 2025;2025
Unidade Local de Saúde do Estuário do Tejo, E.P.E.;SPE_PROVAVEL;S.13112;Administração Central;sim;INE S.13 2025;2025
Unidade Local de Saúde do Litoral Alentejano, E.P.E.;SPE_PROVAVEL;S.13112;Administração Central;sim;INE S.13 2025;2025
Unidade Local de Saúde do Médio Ave, E.P.E.;SPE_PROVAVEL;S.13112;Administração Central;sim;INE S.13 2025;2025
Unidade Local de Saúde do Médio Tejo, E.P.E.;SPE_PROVAVEL;S.13112;Administração Central;sim;INE S.13 2025;2025
Unidade Local de Saúde do Nordeste, E.P.E.;SPE_PROVAVEL;S.13112;Administração Central;sim;INE S.13 2025;2025
Unidade Local de Saúde do Oeste, E.P.E.;SPE_PROVAVEL;S.13112;Administração Central;sim;INE S.13 2025;2025
Unidade Local de Saúde do Tâmega e Sousa, E.P.E.;SPE_PROVAVEL;S.13112;Administração Central;sim;INE S.13 2025;2025
Universidade Aberta;APU;S.13112;Administração Central;nao;INE S.13 2025;2025
Universidade Nova de Lisboa;APU;S.13112;Administração Central;nao;INE S.13 2025;2025
Universidade da Beira Interior;APU;S.13112;Administração Central;nao;INE S.13 2025;2025
Universidade da Madeira;APU;S.13112;Administração Central;nao;INE S.13 2025;2025
Universidade de Aveiro - Fundação Pública;APU;S.13112;Administração Central;nao;INE S.13 2025;2025
Universidade de Coimbra;APU;S.13112;Administração Central;nao;INE S.13 2025;2025
Universidade de Trás-os-Montes e Alto Douro;APU;S.13112;Administração Central;nao;INE S.13 2025;2025
Universidade de Évora;APU;S.13112;Administração Central;nao;INE S.13 2025;2025
Universidade do Algarve;APU;S.13112;Administração Central;nao;INE S.13 2025;2025
Universidade do Minho;APU;S.13112;Administração Central;nao;INE S.13 2025;2025
Universidade do Porto - Fundação Pública;APU;S.13112;Administração Central;nao;INE S.13 2025;2025
Universidade dos Açores;APU;S.13112;Administração Central;nao;INE S.13 2025;2025
ViseuPolis - Sociedade para o Desenvolvimento do Programa Polis em Viseu, S.A.;SPE_PROVAVEL;S.13112;Administração Central;sim;INE S.13 2025;2025
W.I.L. - Compra e Venda de Imóveis, S.A.;SPE_PROVAVEL;S.13112;Administração Central;sim;INE S.13 2025;2025
Z.E.A. - Sociedade Agrícola, Unipessoal Lda.;SPE_PROVAVEL;S.13112;Administração Central;sim;INE S.13 2025;2025
ADENE - Agência para a Energia;APU;S.13113;Administração Central;nao;INE S.13 2025;2025
AMOLIS - Associação Metropolitana de Operadores de Transporte de Lisboa;APU;S.13113;Administração Central;nao;INE S.13 2025;2025
AUP - Associação das Universidades Portuguesas;APU;S.13113;Administração Central;nao;INE S.13 2025;2025
Agência Espacial Portuguesa - Portugal Space;APU;S.13113;Administração Central;nao;INE S.13 2025;2025
Associação Exploratório Infante D. Henrique;APU;S.13113;Administração Central;nao;INE S.13 2025;2025
Associação Évora 2027;APU;S.13113;Administração Central;nao;INE S.13 2025;2025
Biblioteca Lúcio Craveiro da Silva;APU;S.13113;Administração Central;nao;INE S.13 2025;2025
CACREAB - Centro Académico Clinico de Reabilitação, Associação;APU;S.13113;Administração Central;nao;INE S.13 2025;2025
CASES - Cooperativa António Sérgio para a Economia Social;APU;S.13113;Administração Central;nao;INE S.13 2025;2025
CEARTE -Centro de Formação Profissional para o Artesanato e Património;APU;S.13113;Administração Central;nao;INE S.13 2025;2025
CECOA - Centro de Formação Profissional para o Comércio e Afins;APU;S.13113;Administração Central;nao;INE S.13 2025;2025
CEFOSAP - Centro de Formação Sindical e Aperfeiçoamento Profissional;APU;S.13113;Administração Central;nao;INE S.13 2025;2025
CEFPI - Centro de Educação e Formação Profissional Integrada;APU;S.13113;Administração Central;nao;INE S.13 2025;2025
CEIS - Centro para a Economia e Inovação Social;APU;S.13113;Administração Central;nao;INE S.13 2025;2025
CENCAL - Centro de Formação Profissional para a Indústria da Cerâmica;APU;S.13113;Administração Central;nao;INE S.13 2025;2025
CENFIC - Centro de Formação Profissional da Indústria da Construção Civil e Obras Públicas do Sul;APU;S.13113;Administração Central;nao;INE S.13 2025;2025
CENFIM - Centro de Formação Profissional da Indústria Metalúrgica e Metalomecânica;APU;S.13113;Administração Central;nao;INE S.13 2025;2025
CENJOR - Centro Protocolar de Formação Profissional para Jornalistas;APU;S.13113;Administração Central;nao;INE S.13 2025;2025
CEPRA - Centro de Formação Profissional da Reparação Automóvel;APU;S.13113;Administração Central;nao;INE S.13 2025;2025
CFPIC - Centro de Formação Profissional da Indústria de Calçado;APU;S.13113;Administração Central;nao;INE S.13 2025;2025
CFPIMM - Centro de Formação Profissional das Indústria da Madeira e Mobiliário;APU;S.13113;Administração Central;nao;INE S.13 2025;2025
CFPSA - Centro de Formação Profissional para o Sector Alimentar;APU;S.13113;Administração Central;nao;INE S.13 2025;2025
CICCOPN - Centro de Formação Profissional da Indústria da Construção Civil e Obras Públicas do Norte;APU;S.13113;Administração Central;nao;INE S.13 2025;2025
CINDOR - Centro de Formação Profissional da Indústria de Ourivesaria e Relojoaria;APU;S.13113;Administração Central;nao;INE S.13 2025;2025
CINEL - Centro de Formação Profissional da Indústria Electrónica, Energia, Telecomunicações e Tecnologias de Informação;APU;S.13113;Administração Central;nao;INE S.13 2025;2025
CINFU - Centro de Formação Profissional da Indústria de Fundição;APU;S.13113;Administração Central;nao;INE S.13 2025;2025
CNPCE - Comissão Nacional Permanente dos Congressos da Estrada;APU;S.13113;Administração Central;nao;INE S.13 2025;2025
CRPG - Centro de Reabilitação Profissional de Gaia;APU;S.13113;Administração Central;nao;INE S.13 2025;2025
CTE - Centro de Formação para a Transição Energética;APU;S.13113;Administração Central;nao;INE S.13 2025;2025
Casa Pia de Lisboa, I.P.;APU;S.13113;Administração Central;nao;INE S.13 2025;2025
Centro Protocolar de Formação Profissional para o Setor da Justiça;APU;S.13113;Administração Central;nao;INE S.13 2025;2025
Centro de Competências Ferroviário;APU;S.13113;Administração Central;nao;INE S.13 2025;2025
Centro de Competências de Envelhecimento Ativo;APU;S.13113;Administração Central;nao;INE S.13 2025;2025
Centro de Competências para a Economia Social;APU;S.13113;Administração Central;nao;INE S.13 2025;2025
Cesae Digital - Centro para o Desenvolvimento de Competências Digitais;APU;S.13113;Administração Central;nao;INE S.13 2025;2025
Cincork - Centro de Formação Profissional da Indústria de Cortiça;APU;S.13113;Administração Central;nao;INE S.13 2025;2025
Citeforma - Centro de Formação Profissional dos Trabalhadores de Escritório, Comércio e Serviços e Novas Tecnologias;APU;S.13113;Administração Central;nao;INE S.13 2025;2025
Côa Parque - Fundação para a Salvaguarda e Valorização do Vale do Côa;APU;S.13113;Administração Central;nao;INE S.13 2025;2025
Escola Nacional de Bombeiros;APU;S.13113;Administração Central;nao;INE S.13 2025;2025
FOR-MAR - Centro de Formação Profissional das Pescas e do Mar;APU;S.13113;Administração Central;nao;INE S.13 2025;2025
Fundação Centro Cultural de Belém;APU;S.13113;Administração Central;nao;INE S.13 2025;2025
Fundação Económicas - Fundação para o Desenvolvimento das Ciências Económicas, Financeiras e Empresariais;APU;S.13113;Administração Central;nao;INE S.13 2025;2025
Fundação Gaspar Frutuoso, F.P.;APU;S.13113;Administração Central;nao;INE S.13 2025;2025
Fundação Luso-Americana para o Desenvolvimento;APU;S.13113;Administração Central;nao;INE S.13 2025;2025
Fundação Museu Nacional Ferroviário Armando Ginestal Machado;APU;S.13113;Administração Central;nao;INE S.13 2025;2025
Fundação do Desporto;APU;S.13113;Administração Central;nao;INE S.13 2025;2025
IMAR - Instituto do Mar;APU;S.13113;Administração Central;nao;INE S.13 2025;2025
INEB - Instituto Nacional de Engenharia Biomédica;APU;S.13113;Administração Central;nao;INE S.13 2025;2025
INOVINTER - Centro de Formação e de Inovação Tecnológica;APU;S.13113;Administração Central;nao;INE S.13 2025;2025
Instituições Sem Fim Lucrativo da Administração Central;APU;S.13113;Administração Central;nao;INE S.13 2025;2025
MODATEX - Centro de Formação Profissional da Indústria Têxtil, Vestuário, Confeção e Lanifícios;APU;S.13113;Administração Central;nao;INE S.13 2025;2025
Santa Casa da Misericórdia de Lisboa;APU;S.13113;Administração Central;nao;INE S.13 2025;2025
UNESUL - Associação Universidade - Empresa do Sul;APU;S.13113;Administração Central;nao;INE S.13 2025;2025
UNINOVA - Instituto de Desenvolvimento de Novas Tecnologias;APU;S.13113;Administração Central;nao;INE S.13 2025;2025
Ulisses - Fundação para o Desenvolvimento da Gestão, F.P.;APU;S.13113;Administração Central;nao;INE S.13 2025;2025
Assembleia Legislativa da Região Autónoma dos Açores;APU;S.131311A;Administração Regional e Local – Administração Regional – Órgãos dos Governos Regionais;nao;INE S.13 2025;2025
Centro de Consulta e Estudos Técnico-Jurídicos do Governo Regional;APU;S.131311A;Administração Regional e Local – Administração Regional – Órgãos dos Governos Regionais;nao;INE S.13 2025;2025
Direção Regional da Agricultura, Veterinária e Alimentação;APU;S.131311A;Administração Regional e Local – Administração Regional – Órgãos dos Governos Regionais;nao;INE S.13 2025;2025
Direção Regional da Ciência, Inovação e Desenvolvimento;APU;S.131311A;Administração Regional e Local – Administração Regional – Órgãos dos Governos Regionais;nao;INE S.13 2025;2025
Direção Regional da Cooperação com o Poder Local;APU;S.131311A;Administração Regional e Local – Administração Regional – Órgãos dos Governos Regionais;nao;INE S.13 2025;2025
Direção Regional da Cultura;APU;S.131311A;Administração Regional e Local – Administração Regional – Órgãos dos Governos Regionais;nao;INE S.13 2025;2025
Direção Regional da Educação e Administração Educativa;APU;S.131311A;Administração Regional e Local – Administração Regional – Órgãos dos Governos Regionais;nao;INE S.13 2025;2025
Direção Regional da Energia;APU;S.131311A;Administração Regional e Local – Administração Regional – Órgãos dos Governos Regionais;nao;INE S.13 2025;2025
Direção Regional da Juventude;APU;S.131311A;Administração Regional e Local – Administração Regional – Órgãos dos Governos Regionais;nao;INE S.13 2025;2025
Direção Regional da Mobilidade;APU;S.131311A;Administração Regional e Local – Administração Regional – Órgãos dos Governos Regionais;nao;INE S.13 2025;2025
Direção Regional da Saúde;APU;S.131311A;Administração Regional e Local – Administração Regional – Órgãos dos Governos Regionais;nao;INE S.13 2025;2025
Direção Regional da Solidariedade Social;APU;S.131311A;Administração Regional e Local – Administração Regional – Órgãos dos Governos Regionais;nao;INE S.13 2025;2025
Direção Regional das Comunicações e da Transição Digital;APU;S.131311A;Administração Regional e Local – Administração Regional – Órgãos dos Governos Regionais;nao;INE S.13 2025;2025
Direção Regional das Comunidades;APU;S.131311A;Administração Regional e Local – Administração Regional – Órgãos dos Governos Regionais;nao;INE S.13 2025;2025
Direção Regional das Obras Públicas;APU;S.131311A;Administração Regional e Local – Administração Regional – Órgãos dos Governos Regionais;nao;INE S.13 2025;2025
Direção Regional das Pescas;APU;S.131311A;Administração Regional e Local – Administração Regional – Órgãos dos Governos Regionais;nao;INE S.13 2025;2025
Direção Regional de Habitação;APU;S.131311A;Administração Regional e Local – Administração Regional – Órgãos dos Governos Regionais;nao;INE S.13 2025;2025
Direção Regional de Organização, Planeamento e Emprego Público;APU;S.131311A;Administração Regional e Local – Administração Regional – Órgãos dos Governos Regionais;nao;INE S.13 2025;2025
Direção Regional de Políticas Marítimas;APU;S.131311A;Administração Regional e Local – Administração Regional – Órgãos dos Governos Regionais;nao;INE S.13 2025;2025
Direção Regional de Prevenção e Combate às Dependências;APU;S.131311A;Administração Regional e Local – Administração Regional – Órgãos dos Governos Regionais;nao;INE S.13 2025;2025
Direção Regional de Qualificação Profissional e Emprego;APU;S.131311A;Administração Regional e Local – Administração Regional – Órgãos dos Governos Regionais;nao;INE S.13 2025;2025
Direção Regional do Ambiente e Ação Climática;APU;S.131311A;Administração Regional e Local – Administração Regional – Órgãos dos Governos Regionais;nao;INE S.13 2025;2025
Direção Regional do Desenvolvimento Rural;APU;S.131311A;Administração Regional e Local – Administração Regional – Órgãos dos Governos Regionais;nao;INE S.13 2025;2025
Direção Regional do Desporto;APU;S.131311A;Administração Regional e Local – Administração Regional – Órgãos dos Governos Regionais;nao;INE S.13 2025;2025
Direção Regional do Empreendedorismo e Competitividade;APU;S.131311A;Administração Regional e Local – Administração Regional – Órgãos dos Governos Regionais;nao;INE S.13 2025;2025
Direção Regional do Orçamento e Tesouro;APU;S.131311A;Administração Regional e Local – Administração Regional – Órgãos dos Governos Regionais;nao;INE S.13 2025;2025
Direção Regional do Planeamento e Fundos Estruturais;APU;S.131311A;Administração Regional e Local – Administração Regional – Órgãos dos Governos Regionais;nao;INE S.13 2025;2025
Direção Regional do Turismo;APU;S.131311A;Administração Regional e Local – Administração Regional – Órgãos dos Governos Regionais;nao;INE S.13 2025;2025
Direção Regional dos Assuntos Europeus e de Cooperação Externa;APU;S.131311A;Administração Regional e Local – Administração Regional – Órgãos dos Governos Regionais;nao;INE S.13 2025;2025
Direção Regional dos Recursos Florestais e Ordenamento Territorial;APU;S.131311A;Administração Regional e Local – Administração Regional – Órgãos dos Governos Regionais;nao;INE S.13 2025;2025
Direção Regional para a Promoção da Igualdade e Inclusão Social;APU;S.131311A;Administração Regional e Local – Administração Regional – Órgãos dos Governos Regionais;nao;INE S.13 2025;2025
Governo Regional dos Açores;APU;S.131311A;Administração Regional e Local – Administração Regional – Órgãos dos Governos Regionais;nao;INE S.13 2025;2025
Inspeção Administrativa Regional;APU;S.131311A;Administração Regional e Local – Administração Regional – Órgãos dos Governos Regionais;nao;INE S.13 2025;2025
Inspeção Regional da Educação;APU;S.131311A;Administração Regional e Local – Administração Regional – Órgãos dos Governos Regionais;nao;INE S.13 2025;2025
Inspeção Regional da Saúde;APU;S.131311A;Administração Regional e Local – Administração Regional – Órgãos dos Governos Regionais;nao;INE S.13 2025;2025
Inspeção Regional das Atividades Culturais;APU;S.131311A;Administração Regional e Local – Administração Regional – Órgãos dos Governos Regionais;nao;INE S.13 2025;2025
Inspeção Regional das Atividades Económicas;APU;S.131311A;Administração Regional e Local – Administração Regional – Órgãos dos Governos Regionais;nao;INE S.13 2025;2025
Inspeção Regional das Pescas e de Usos Marítimos;APU;S.131311A;Administração Regional e Local – Administração Regional – Órgãos dos Governos Regionais;nao;INE S.13 2025;2025
Inspeção Regional do Ambiente;APU;S.131311A;Administração Regional e Local – Administração Regional – Órgãos dos Governos Regionais;nao;INE S.13 2025;2025
Inspeção Regional do Trabalho;APU;S.131311A;Administração Regional e Local – Administração Regional – Órgãos dos Governos Regionais;nao;INE S.13 2025;2025
Inspeção Regional do Turismo;APU;S.131311A;Administração Regional e Local – Administração Regional – Órgãos dos Governos Regionais;nao;INE S.13 2025;2025
Laboratório Regional de Engenharia Civil;APU;S.131311A;Administração Regional e Local – Administração Regional – Órgãos dos Governos Regionais;nao;INE S.13 2025;2025
Presidência do Governo Regional;APU;S.131311A;Administração Regional e Local – Administração Regional – Órgãos dos Governos Regionais;nao;INE S.13 2025;2025
Região Autónoma dos Açores;APU;S.131311A;Administração Regional e Local – Administração Regional – Órgãos dos Governos Regionais;nao;INE S.13 2025;2025
Secretaria Regional da Agricultura e Alimentação;APU;S.131311A;Administração Regional e Local – Administração Regional – Órgãos dos Governos Regionais;nao;INE S.13 2025;2025
Secretaria Regional da Educação, Cultura e Desporto;APU;S.131311A;Administração Regional e Local – Administração Regional – Órgãos dos Governos Regionais;nao;INE S.13 2025;2025
Secretaria Regional da Juventude, Habitação e Emprego;APU;S.131311A;Administração Regional e Local – Administração Regional – Órgãos dos Governos Regionais;nao;INE S.13 2025;2025
Secretaria Regional da Saúde e Segurança Social;APU;S.131311A;Administração Regional e Local – Administração Regional – Órgãos dos Governos Regionais;nao;INE S.13 2025;2025
Secretaria Regional das Finanças, Planeamento e Administração Pública;APU;S.131311A;Administração Regional e Local – Administração Regional – Órgãos dos Governos Regionais;nao;INE S.13 2025;2025
Secretaria Regional do Ambiente e Ação Climática;APU;S.131311A;Administração Regional e Local – Administração Regional – Órgãos dos Governos Regionais;nao;INE S.13 2025;2025
Secretaria Regional do Mar e das Pescas;APU;S.131311A;Administração Regional e Local – Administração Regional – Órgãos dos Governos Regionais;nao;INE S.13 2025;2025
Secretaria Regional do Turismo, Mobilidade e Infraestruturas;APU;S.131311A;Administração Regional e Local – Administração Regional – Órgãos dos Governos Regionais;nao;INE S.13 2025;2025
Secretaria Regional dos Assuntos Parlamentares e Comunidades;APU;S.131311A;Administração Regional e Local – Administração Regional – Órgãos dos Governos Regionais;nao;INE S.13 2025;2025
Secretaria-Geral da Presidência;APU;S.131311A;Administração Regional e Local – Administração Regional – Órgãos dos Governos Regionais;nao;INE S.13 2025;2025
Serviço Regional de Estatística dos Açores;APU;S.131311A;Administração Regional e Local – Administração Regional – Órgãos dos Governos Regionais;nao;INE S.13 2025;2025
Vice-Presidência do Governo Regional;APU;S.131311A;Administração Regional e Local – Administração Regional – Órgãos dos Governos Regionais;nao;INE S.13 2025;2025
Autoridade Regional das Atividades Económicas;APU;S.131311M;Administração Regional e Local – Administração Regional – Órgãos dos Governos Regionais;nao;INE S.13 2025;2025
Autoridade Regional para as Condições de Trabalho;APU;S.131311M;Administração Regional e Local – Administração Regional – Órgãos dos Governos Regionais;nao;INE S.13 2025;2025
Autoridade Tributária e Assuntos Fiscais da Região Autónoma da Madeira;APU;S.131311M;Administração Regional e Local – Administração Regional – Órgãos dos Governos Regionais;nao;INE S.13 2025;2025
Conselho Consultivo de Economia;APU;S.131311M;Administração Regional e Local – Administração Regional – Órgãos dos Governos Regionais;nao;INE S.13 2025;2025
Conselho Desportivo da Região Autónoma da Madeira;APU;S.131311M;Administração Regional e Local – Administração Regional – Órgãos dos Governos Regionais;nao;INE S.13 2025;2025
Conselho Regional de Educação e Formação Profissional;APU;S.131311M;Administração Regional e Local – Administração Regional – Órgãos dos Governos Regionais;nao;INE S.13 2025;2025
Direção Regional da Administração Pública;APU;S.131311M;Administração Regional e Local – Administração Regional – Órgãos dos Governos Regionais;nao;INE S.13 2025;2025
Direção Regional da Administração da Justiça;APU;S.131311M;Administração Regional e Local – Administração Regional – Órgãos dos Governos Regionais;nao;INE S.13 2025;2025
Direção Regional da Cidadania e dos Assuntos Sociais;APU;S.131311M;Administração Regional e Local – Administração Regional – Órgãos dos Governos Regionais;nao;INE S.13 2025;2025
Direção Regional das Comunidades e Cooperação Externa;APU;S.131311M;Administração Regional e Local – Administração Regional – Órgãos dos Governos Regionais;nao;INE S.13 2025;2025
Direção Regional de Administração Escolar;APU;S.131311M;Administração Regional e Local – Administração Regional – Órgãos dos Governos Regionais;nao;INE S.13 2025;2025
Direção Regional de Agricultura e Desenvolvimento Rural;APU;S.131311M;Administração Regional e Local – Administração Regional – Órgãos dos Governos Regionais;nao;INE S.13 2025;2025
Direção Regional de Ambiente e Mar;APU;S.131311M;Administração Regional e Local – Administração Regional – Órgãos dos Governos Regionais;nao;INE S.13 2025;2025
Direção Regional de Competitividade, Inovação e Sustentabilidade;APU;S.131311M;Administração Regional e Local – Administração Regional – Órgãos dos Governos Regionais;nao;INE S.13 2025;2025
Direção Regional de Desporto;APU;S.131311M;Administração Regional e Local – Administração Regional – Órgãos dos Governos Regionais;nao;INE S.13 2025;2025
Direção Regional de Educação;APU;S.131311M;Administração Regional e Local – Administração Regional – Órgãos dos Governos Regionais;nao;INE S.13 2025;2025
Direção Regional de Energia;APU;S.131311M;Administração Regional e Local – Administração Regional – Órgãos dos Governos Regionais;nao;INE S.13 2025;2025
Direção Regional de Estatística da Madeira;APU;S.131311M;Administração Regional e Local – Administração Regional – Órgãos dos Governos Regionais;nao;INE S.13 2025;2025
Direção Regional de Estradas;APU;S.131311M;Administração Regional e Local – Administração Regional – Órgãos dos Governos Regionais;nao;INE S.13 2025;2025
Direção Regional de Informática;APU;S.131311M;Administração Regional e Local – Administração Regional – Órgãos dos Governos Regionais;nao;INE S.13 2025;2025
Direção Regional de Juventude;APU;S.131311M;Administração Regional e Local – Administração Regional – Órgãos dos Governos Regionais;nao;INE S.13 2025;2025
Direção Regional de Pescas;APU;S.131311M;Administração Regional e Local – Administração Regional – Órgãos dos Governos Regionais;nao;INE S.13 2025;2025
Direção Regional de Planeamento, Recursos e Gestão de Obras Públicas;APU;S.131311M;Administração Regional e Local – Administração Regional – Órgãos dos Governos Regionais;nao;INE S.13 2025;2025
Direção Regional de Planeamento, Recursos e Infraestruturas;APU;S.131311M;Administração Regional e Local – Administração Regional – Órgãos dos Governos Regionais;nao;INE S.13 2025;2025
Direção Regional de Saúde;APU;S.131311M;Administração Regional e Local – Administração Regional – Órgãos dos Governos Regionais;nao;INE S.13 2025;2025
Direção Regional de Veterinária e Bem-Estar Animal;APU;S.131311M;Administração Regional e Local – Administração Regional – Órgãos dos Governos Regionais;nao;INE S.13 2025;2025
Direção Regional do Comércio, Indústria e Qualidade;APU;S.131311M;Administração Regional e Local – Administração Regional – Órgãos dos Governos Regionais;nao;INE S.13 2025;2025
Direção Regional do Equipamento Social e Conservação;APU;S.131311M;Administração Regional e Local – Administração Regional – Órgãos dos Governos Regionais;nao;INE S.13 2025;2025
Direção Regional do Ordenamento do Território;APU;S.131311M;Administração Regional e Local – Administração Regional – Órgãos dos Governos Regionais;nao;INE S.13 2025;2025
Direção Regional do Património;APU;S.131311M;Administração Regional e Local – Administração Regional – Órgãos dos Governos Regionais;nao;INE S.13 2025;2025
Direção Regional do Trabalho;APU;S.131311M;Administração Regional e Local – Administração Regional – Órgãos dos Governos Regionais;nao;INE S.13 2025;2025
Direção Regional dos Arquivos, das Bibliotecas e do Livro;APU;S.131311M;Administração Regional e Local – Administração Regional – Órgãos dos Governos Regionais;nao;INE S.13 2025;2025
Direção Regional dos Assuntos Europeus;APU;S.131311M;Administração Regional e Local – Administração Regional – Órgãos dos Governos Regionais;nao;INE S.13 2025;2025
Direção Regional para as Políticas Públicas Integradas e Longevidade;APU;S.131311M;Administração Regional e Local – Administração Regional – Órgãos dos Governos Regionais;nao;INE S.13 2025;2025
Escola Básica com Pré-Escolar de Santo António e Curral das Freiras - Funchal;APU;S.131311M;Administração Regional e Local – Administração Regional – Órgãos dos Governos Regionais;nao;INE S.13 2025;2025
Escola Básica com Pré-escolar Bartolomeu Perestrelo;APU;S.131311M;Administração Regional e Local – Administração Regional – Órgãos dos Governos Regionais;nao;INE S.13 2025;2025
Escola Básica com Pré-escolar Dr. Eduardo Brazão de Castro - S. Roque - Funchal;APU;S.131311M;Administração Regional e Local – Administração Regional – Órgãos dos Governos Regionais;nao;INE S.13 2025;2025
Escola Básica com Pré-escolar do Porto da Cruz;APU;S.131311M;Administração Regional e Local – Administração Regional – Órgãos dos Governos Regionais;nao;INE S.13 2025;2025
Escola Básica com Pré-escolar e Creche Dr. Alfredo Nóbrega Júnior - Camacha;APU;S.131311M;Administração Regional e Local – Administração Regional – Órgãos dos Governos Regionais;nao;INE S.13 2025;2025
Escola Básica com Pré-escolar e Creche do Caniçal;APU;S.131311M;Administração Regional e Local – Administração Regional – Órgãos dos Governos Regionais;nao;INE S.13 2025;2025
Escola Básica com Pré-escolar e Creche dos Louros - Funchal;APU;S.131311M;Administração Regional e Local – Administração Regional – Órgãos dos Governos Regionais;nao;INE S.13 2025;2025
Escola Básica dos 2º e 3º Ciclos Dr. Horácio Bento de Gouveia - Funchal;APU;S.131311M;Administração Regional e Local – Administração Regional – Órgãos dos Governos Regionais;nao;INE S.13 2025;2025
Escola Básica dos 2º e 3º Ciclos da Torre - Câmara de Lobos;APU;S.131311M;Administração Regional e Local – Administração Regional – Órgãos dos Governos Regionais;nao;INE S.13 2025;2025
Escola Básica dos 2º e 3º Ciclos do Caniço;APU;S.131311M;Administração Regional e Local – Administração Regional – Órgãos dos Governos Regionais;nao;INE S.13 2025;2025
Escola Básica dos 2º e 3º Ciclos do Estreito de Câmara de Lobos;APU;S.131311M;Administração Regional e Local – Administração Regional – Órgãos dos Governos Regionais;nao;INE S.13 2025;2025
Escola Básica e Secundária Dr. Luís Maurílio da Silva Dantas - Câmara de Lobos;APU;S.131311M;Administração Regional e Local – Administração Regional – Órgãos dos Governos Regionais;nao;INE S.13 2025;2025
Escola Básica e Secundária Dr. Ângelo Augusto da Silva - Funchal;APU;S.131311M;Administração Regional e Local – Administração Regional – Órgãos dos Governos Regionais;nao;INE S.13 2025;2025
Escola Básica e Secundária Gonçalves Zarco - Funchal;APU;S.131311M;Administração Regional e Local – Administração Regional – Órgãos dos Governos Regionais;nao;INE S.13 2025;2025
Escola Básica e Secundária Padre Manuel Álvares - Ribeira Brava;APU;S.131311M;Administração Regional e Local – Administração Regional – Órgãos dos Governos Regionais;nao;INE S.13 2025;2025
Escola Básica e Secundária Pré-escolar e Creche D. Lucinda Andrade - São Vicente;APU;S.131311M;Administração Regional e Local – Administração Regional – Órgãos dos Governos Regionais;nao;INE S.13 2025;2025
Escola Básica e Secundária com Pré-Escolar da Calheta;APU;S.131311M;Administração Regional e Local – Administração Regional – Órgãos dos Governos Regionais;nao;INE S.13 2025;2025
Escola Básica e Secundária com Pré-Escolar e Creche do Porto Moniz;APU;S.131311M;Administração Regional e Local – Administração Regional – Órgãos dos Governos Regionais;nao;INE S.13 2025;2025
Escola Básica e Secundária com Pré-escolar e Creche Bispo D. Manuel Ferreira Cabral - Santana;APU;S.131311M;Administração Regional e Local – Administração Regional – Órgãos dos Governos Regionais;nao;INE S.13 2025;2025
Escola Básica e Secundária com Pré-escolar e Creche Professor Dr. Francisco Freitas Branco - Porto Santo;APU;S.131311M;Administração Regional e Local – Administração Regional – Órgãos dos Governos Regionais;nao;INE S.13 2025;2025
Escola Básica e Secundária da Ponta do Sol;APU;S.131311M;Administração Regional e Local – Administração Regional – Órgãos dos Governos Regionais;nao;INE S.13 2025;2025
Escola Básica e Secundária de Machico;APU;S.131311M;Administração Regional e Local – Administração Regional – Órgãos dos Governos Regionais;nao;INE S.13 2025;2025
Escola Básica e Secundária de Santa Cruz;APU;S.131311M;Administração Regional e Local – Administração Regional – Órgãos dos Governos Regionais;nao;INE S.13 2025;2025
Escola Secundária Francisco Franco - Funchal;APU;S.131311M;Administração Regional e Local – Administração Regional – Órgãos dos Governos Regionais;nao;INE S.13 2025;2025
Escola Secundária Jaime Moniz - Funchal;APU;S.131311M;Administração Regional e Local – Administração Regional – Órgãos dos Governos Regionais;nao;INE S.13 2025;2025
Escolas;APU;S.131311M;Administração Regional e Local – Administração Regional – Órgãos dos Governos Regionais;nao;INE S.13 2025;2025
Gabinete Regional para a Conformidade Digital, Proteção de Dados e Cibersegurança;APU;S.131311M;Administração Regional e Local – Administração Regional – Órgãos dos Governos Regionais;nao;INE S.13 2025;2025
Gabinete do Secretário Regional;APU;S.131311M;Administração Regional e Local – Administração Regional – Órgãos dos Governos Regionais;nao;INE S.13 2025;2025
Governo Regional da Madeira;APU;S.131311M;Administração Regional e Local – Administração Regional – Órgãos dos Governos Regionais;nao;INE S.13 2025;2025
Inspeção Regional de Educação;APU;S.131311M;Administração Regional e Local – Administração Regional – Órgãos dos Governos Regionais;nao;INE S.13 2025;2025
Inspeção Regional de Finanças;APU;S.131311M;Administração Regional e Local – Administração Regional – Órgãos dos Governos Regionais;nao;INE S.13 2025;2025
Região Autónoma da Madeira;APU;S.131311M;Administração Regional e Local – Administração Regional – Órgãos dos Governos Regionais;nao;INE S.13 2025;2025
Secretaria Geral da Presidência;APU;S.131311M;Administração Regional e Local – Administração Regional – Órgãos dos Governos Regionais;nao;INE S.13 2025;2025
Secretaria Regional da Economia;APU;S.131311M;Administração Regional e Local – Administração Regional – Órgãos dos Governos Regionais;nao;INE S.13 2025;2025
Secretaria Regional das Finanças;APU;S.131311M;Administração Regional e Local – Administração Regional – Órgãos dos Governos Regionais;nao;INE S.13 2025;2025
Secretaria Regional de Agricultura e Pescas;APU;S.131311M;Administração Regional e Local – Administração Regional – Órgãos dos Governos Regionais;nao;INE S.13 2025;2025
Secretaria Regional de Educação, Ciência e Tecnologia;APU;S.131311M;Administração Regional e Local – Administração Regional – Órgãos dos Governos Regionais;nao;INE S.13 2025;2025
Secretaria Regional de Equipamentos e Infraestruturas;APU;S.131311M;Administração Regional e Local – Administração Regional – Órgãos dos Governos Regionais;nao;INE S.13 2025;2025
Secretaria Regional de Inclusão, Trabalho e Juventude;APU;S.131311M;Administração Regional e Local – Administração Regional – Órgãos dos Governos Regionais;nao;INE S.13 2025;2025
Secretaria Regional de Saúde e Proteção Civil;APU;S.131311M;Administração Regional e Local – Administração Regional – Órgãos dos Governos Regionais;nao;INE S.13 2025;2025
Secretaria Regional de Turismo, Ambiente e Cultura;APU;S.131311M;Administração Regional e Local – Administração Regional – Órgãos dos Governos Regionais;nao;INE S.13 2025;2025
ADFMA - Associação para o Desenvolvimento e Formação do Mar dos Açores;APU;S.131312A;Administração Regional e Local – Administração Regional;nao;INE S.13 2025;2025
AVEA - Associação para a Valorização Económica dos Açores;APU;S.131312A;Administração Regional e Local – Administração Regional;nao;INE S.13 2025;2025
Associação NONAGON - Parque de Ciência e Tecnologia de São Miguel;APU;S.131312A;Administração Regional e Local – Administração Regional;nao;INE S.13 2025;2025
Associação RAEGE Açores - Rede Atlântica de Estações Geodinâmicas e Espaciais;APU;S.131312A;Administração Regional e Local – Administração Regional;nao;INE S.13 2025;2025
Atlânticoline, S.A.;SPE_PROVAVEL;S.131312A;Administração Regional e Local – Administração Regional;sim;INE S.13 2025;2025
CQA - Centro de Qualificação dos Açores, I.P.R.A.;APU;S.131312A;Administração Regional e Local – Administração Regional;nao;INE S.13 2025;2025
Centro de Oncologia dos Açores;APU;S.131312A;Administração Regional e Local – Administração Regional;nao;INE S.13 2025;2025
ENTA - Escola de Novas Tecnologias dos Açores;APU;S.131312A;Administração Regional e Local – Administração Regional;nao;INE S.13 2025;2025
ERSARA - Entidade Reguladora dos Serviços de Águas e Resíduos dos Açores;APU;S.131312A;Administração Regional e Local – Administração Regional;nao;INE S.13 2025;2025
FUNDOPESCA - Fundo de Compensação Salarial dos Profissionais da Pesca dos Açores;APU;S.131312A;Administração Regional e Local – Administração Regional;nao;INE S.13 2025;2025
Fundo Escolar - Conservatório Regional de Ponta Delgada;APU;S.131312A;Administração Regional e Local – Administração Regional;nao;INE S.13 2025;2025
Fundo Escolar - Escola Básica Integrada Francisco Ferreira Drummond, Angra do Heroísmo;APU;S.131312A;Administração Regional e Local – Administração Regional;nao;INE S.13 2025;2025
Fundo Escolar - Escola Básica Integrada Roberto Ivens;APU;S.131312A;Administração Regional e Local – Administração Regional;nao;INE S.13 2025;2025
Fundo Escolar - Escola Básica Integrada da Horta;APU;S.131312A;Administração Regional e Local – Administração Regional;nao;INE S.13 2025;2025
Fundo Escolar - Escola Básica Integrada da Maia, Ribeira Grande;APU;S.131312A;Administração Regional e Local – Administração Regional;nao;INE S.13 2025;2025
Fundo Escolar - Escola Básica Integrada da Praia da Vitória;APU;S.131312A;Administração Regional e Local – Administração Regional;nao;INE S.13 2025;2025
Fundo Escolar - Escola Básica Integrada de Angra do Heroísmo;APU;S.131312A;Administração Regional e Local – Administração Regional;nao;INE S.13 2025;2025
Fundo Escolar - Escola Básica Integrada de Arrifes;APU;S.131312A;Administração Regional e Local – Administração Regional;nao;INE S.13 2025;2025
Fundo Escolar - Escola Básica Integrada de Canto da Maia;APU;S.131312A;Administração Regional e Local – Administração Regional;nao;INE S.13 2025;2025
Fundo Escolar - Escola Básica Integrada de Capelas, Ponta Delgada;APU;S.131312A;Administração Regional e Local – Administração Regional;nao;INE S.13 2025;2025
Fundo Escolar - Escola Básica Integrada de Ginetes;APU;S.131312A;Administração Regional e Local – Administração Regional;nao;INE S.13 2025;2025
Fundo Escolar - Escola Básica Integrada de Lagoa;APU;S.131312A;Administração Regional e Local – Administração Regional;nao;INE S.13 2025;2025
Fundo Escolar - Escola Básica Integrada de Ponta Garça;APU;S.131312A;Administração Regional e Local – Administração Regional;nao;INE S.13 2025;2025
Fundo Escolar - Escola Básica Integrada de Rabo de Peixe;APU;S.131312A;Administração Regional e Local – Administração Regional;nao;INE S.13 2025;2025
Fundo Escolar - Escola Básica Integrada de Ribeira Grande;APU;S.131312A;Administração Regional e Local – Administração Regional;nao;INE S.13 2025;2025
Fundo Escolar - Escola Básica Integrada de Água de Pau;APU;S.131312A;Administração Regional e Local – Administração Regional;nao;INE S.13 2025;2025
Fundo Escolar - Escola Básica Integrada do Topo;APU;S.131312A;Administração Regional e Local – Administração Regional;nao;INE S.13 2025;2025
Fundo Escolar - Escola Básica Integrada dos Biscoitos;APU;S.131312A;Administração Regional e Local – Administração Regional;nao;INE S.13 2025;2025
Fundo Escolar - Escola Básica e Secundária Armando Cortes Rodrigues;APU;S.131312A;Administração Regional e Local – Administração Regional;nao;INE S.13 2025;2025
Fundo Escolar - Escola Básica e Secundária Mouzinho da Silveira;APU;S.131312A;Administração Regional e Local – Administração Regional;nao;INE S.13 2025;2025
Fundo Escolar - Escola Básica e Secundária Tomás de Borba;APU;S.131312A;Administração Regional e Local – Administração Regional;nao;INE S.13 2025;2025
Fundo Escolar - Escola Básica e Secundária da Calheta (Padre Manuel Azevedo da Cunha);APU;S.131312A;Administração Regional e Local – Administração Regional;nao;INE S.13 2025;2025
Fundo Escolar - Escola Básica e Secundária da Graciosa;APU;S.131312A;Administração Regional e Local – Administração Regional;nao;INE S.13 2025;2025
Fundo Escolar - Escola Básica e Secundária da Madalena;APU;S.131312A;Administração Regional e Local – Administração Regional;nao;INE S.13 2025;2025
Fundo Escolar - Escola Básica e Secundária da Povoação;APU;S.131312A;Administração Regional e Local – Administração Regional;nao;INE S.13 2025;2025
Fundo Escolar - Escola Básica e Secundária das Flores (Padre Maurício de Freitas);APU;S.131312A;Administração Regional e Local – Administração Regional;nao;INE S.13 2025;2025
Fundo Escolar - Escola Básica e Secundária das Lajes do Pico;APU;S.131312A;Administração Regional e Local – Administração Regional;nao;INE S.13 2025;2025
Fundo Escolar - Escola Básica e Secundária de Santa Maria;APU;S.131312A;Administração Regional e Local – Administração Regional;nao;INE S.13 2025;2025
Fundo Escolar - Escola Básica e Secundária de São Roque do Pico;APU;S.131312A;Administração Regional e Local – Administração Regional;nao;INE S.13 2025;2025
Fundo Escolar - Escola Básica e Secundária de Velas;APU;S.131312A;Administração Regional e Local – Administração Regional;nao;INE S.13 2025;2025
Fundo Escolar - Escola Básica e Secundária do Nordeste;APU;S.131312A;Administração Regional e Local – Administração Regional;nao;INE S.13 2025;2025
Fundo Escolar - Escola Secundária Domingos Rebelo;APU;S.131312A;Administração Regional e Local – Administração Regional;nao;INE S.13 2025;2025
Fundo Escolar - Escola Secundária Jerónimo Emiliano de Andrade;APU;S.131312A;Administração Regional e Local – Administração Regional;nao;INE S.13 2025;2025
Fundo Escolar - Escola Secundária Manuel de Arriaga;APU;S.131312A;Administração Regional e Local – Administração Regional;nao;INE S.13 2025;2025
Fundo Escolar - Escola Secundária Vitorino Nemésio, Praia da Vitória;APU;S.131312A;Administração Regional e Local – Administração Regional;nao;INE S.13 2025;2025
Fundo Escolar - Escola Secundária da Ribeira Grande;APU;S.131312A;Administração Regional e Local – Administração Regional;nao;INE S.13 2025;2025
Fundo Escolar - Escola Secundária das Laranjeiras;APU;S.131312A;Administração Regional e Local – Administração Regional;nao;INE S.13 2025;2025
Fundo Escolar - Escola Secundária de Antero de Quental;APU;S.131312A;Administração Regional e Local – Administração Regional;nao;INE S.13 2025;2025
Fundo Escolar - Escola Secundária de Lagoa;APU;S.131312A;Administração Regional e Local – Administração Regional;nao;INE S.13 2025;2025
Fundo Regional da Ciência e Tecnologia;APU;S.131312A;Administração Regional e Local – Administração Regional;nao;INE S.13 2025;2025
Fundo Regional de Apoio à Coesão e ao Desenvolvimento Económico;APU;S.131312A;Administração Regional e Local – Administração Regional;nao;INE S.13 2025;2025
Fundo Regional do Emprego;APU;S.131312A;Administração Regional e Local – Administração Regional;nao;INE S.13 2025;2025
Fundo Regional dos Transportes Terrestres, I.P.R.A.;APU;S.131312A;Administração Regional e Local – Administração Regional;nao;INE S.13 2025;2025
Fundo de Capitalização das Empresas dos Açores;APU;S.131312A;Administração Regional e Local – Administração Regional;nao;INE S.13 2025;2025
Hospital Divino Espírito Santo de Ponta Delgada, E.P.E.R.;SPE_PROVAVEL;S.131312A;Administração Regional e Local – Administração Regional;sim;INE S.13 2025;2025
Hospital da Horta, E.P.E.R.;SPE_PROVAVEL;S.131312A;Administração Regional e Local – Administração Regional;sim;INE S.13 2025;2025
Hospital de Santo Espírito da Ilha Terceira, E.P.E.R.;SPE_PROVAVEL;S.131312A;Administração Regional e Local – Administração Regional;sim;INE S.13 2025;2025
IAMA - Instituto da Alimentação e Mercados Agrícolas, I.P.R.A.;APU;S.131312A;Administração Regional e Local – Administração Regional;nao;INE S.13 2025;2025
IROA - Instituto Regional Ordenamento Agrário, S.A.;SPE_PROVAVEL;S.131312A;Administração Regional e Local – Administração Regional;sim;INE S.13 2025;2025
IVV Açores - Instituto da Vinha e do Vinho dos Açores, I.P.R.A.;APU;S.131312A;Administração Regional e Local – Administração Regional;nao;INE S.13 2025;2025
Ilhas de Valor, S.A.;SPE_PROVAVEL;S.131312A;Administração Regional e Local – Administração Regional;sim;INE S.13 2025;2025
Observatório de Turismo dos Açores;APU;S.131312A;Administração Regional e Local – Administração Regional;nao;INE S.13 2025;2025
PCTTER - Associação Parque de Ciência e Tecnologia da Ilha Terceira;APU;S.131312A;Administração Regional e Local – Administração Regional;nao;INE S.13 2025;2025
PJCSC - Pousada da Juventude da Caldeira do Santo Cristo, Lda.;SPE_PROVAVEL;S.131312A;Administração Regional e Local – Administração Regional;sim;INE S.13 2025;2025
RIAC - Agência para a Modernização Administrativa e Qualidade do Serviço ao Cidadão, I.P.;APU;S.131312A;Administração Regional e Local – Administração Regional;nao;INE S.13 2025;2025
SATA - Gestão de Aeródromos, S.A.;SPE_PROVAVEL;S.131312A;Administração Regional e Local – Administração Regional;sim;INE S.13 2025;2025
SATA Air Açores - Sociedade Açoriana de Transportes Aéreos, S.A.;SPE_PROVAVEL;S.131312A;Administração Regional e Local – Administração Regional;sim;INE S.13 2025;2025
Serviço Regional de Proteção Civil e Bombeiros dos Açores;APU;S.131312A;Administração Regional e Local – Administração Regional;nao;INE S.13 2025;2025
Serviços e Fundos Autónomos da Administração Regional dos Açores;APU;S.131312A;Administração Regional e Local – Administração Regional;nao;INE S.13 2025;2025
Teatro Micaelense - Centro Cultural e de Congressos, S.A.;SPE_PROVAVEL;S.131312A;Administração Regional e Local – Administração Regional;sim;INE S.13 2025;2025
Unidade de Saúde da Ilha Graciosa;APU;S.131312A;Administração Regional e Local – Administração Regional;nao;INE S.13 2025;2025
Unidade de Saúde da Ilha Terceira;APU;S.131312A;Administração Regional e Local – Administração Regional;nao;INE S.13 2025;2025
Unidade de Saúde da Ilha das Flores;APU;S.131312A;Administração Regional e Local – Administração Regional;nao;INE S.13 2025;2025
Unidade de Saúde da Ilha de Santa Maria;APU;S.131312A;Administração Regional e Local – Administração Regional;nao;INE S.13 2025;2025
Unidade de Saúde da Ilha de São Jorge;APU;S.131312A;Administração Regional e Local – Administração Regional;nao;INE S.13 2025;2025
Unidade de Saúde da Ilha de São Miguel;APU;S.131312A;Administração Regional e Local – Administração Regional;nao;INE S.13 2025;2025
Unidade de Saúde da Ilha do Corvo;APU;S.131312A;Administração Regional e Local – Administração Regional;nao;INE S.13 2025;2025
Unidade de Saúde da Ilha do Faial;APU;S.131312A;Administração Regional e Local – Administração Regional;nao;INE S.13 2025;2025
Unidade de Saúde da Ilha do Pico;APU;S.131312A;Administração Regional e Local – Administração Regional;nao;INE S.13 2025;2025
APRAM - Administração dos Portos da Região Autónoma da Madeira, S.A.;SPE_PROVAVEL;S.131312M;Administração Regional e Local – Administração Regional;sim;INE S.13 2025;2025
ARDITI - Agência Regional para o Desenvolvimento da Investigação, Tecnologia e Inovação - Associação;APU;S.131312M;Administração Regional e Local – Administração Regional;nao;INE S.13 2025;2025
Agência de Inovação e Modernização da Região Autónoma da Madeira, I.P. - R.A.M.;APU;S.131312M;Administração Regional e Local – Administração Regional;nao;INE S.13 2025;2025
Assembleia Legislativa da Região Autónoma da Madeira;APU;S.131312M;Administração Regional e Local – Administração Regional;nao;INE S.13 2025;2025
CARAM – Centro de Abate da Região Autónoma da Madeira, E.P.E.- R.A.M.;SPE_PROVAVEL;S.131312M;Administração Regional e Local – Administração Regional;sim;INE S.13 2025;2025
Conselho Económico e da Concertação Social da Região Autónoma da Madeira;APU;S.131312M;Administração Regional e Local – Administração Regional;nao;INE S.13 2025;2025
Conservatório - Escola das Artes da Madeira - Eng.º Luiz Peter Cloude;APU;S.131312M;Administração Regional e Local – Administração Regional;nao;INE S.13 2025;2025
Escola de Hotelaria e Turismo da Madeira;APU;S.131312M;Administração Regional e Local – Administração Regional;nao;INE S.13 2025;2025
HF - Horários do Funchal Transportes Públicos, S.A.;SPE_PROVAVEL;S.131312M;Administração Regional e Local – Administração Regional;sim;INE S.13 2025;2025
IASAÚDE - Instituto de Administração da Saúde, I.P. - R.A.M.;APU;S.131312M;Administração Regional e Local – Administração Regional;nao;INE S.13 2025;2025
IDE - Instituto de Desenvolvimento Empresarial, I.P. - R.A.M.;APU;S.131312M;Administração Regional e Local – Administração Regional;nao;INE S.13 2025;2025
IDR - Instituto de Desenvolvimento Regional, I.P. - R.A.M.;APU;S.131312M;Administração Regional e Local – Administração Regional;nao;INE S.13 2025;2025
IEM - Instituto de Emprego da Madeira, I.P. - R.A.M.;APU;S.131312M;Administração Regional e Local – Administração Regional;nao;INE S.13 2025;2025
IFCN - Instituto das Florestas e Conservação da Natureza, I.P. - R.A.M.;APU;S.131312M;Administração Regional e Local – Administração Regional;nao;INE S.13 2025;2025
IHM - Investimentos Habitacionais da Madeira, E.P.E.- R.A.M.;SPE_PROVAVEL;S.131312M;Administração Regional e Local – Administração Regional;sim;INE S.13 2025;2025
IMT - Instituto de Mobilidade e Transportes, I.P. - R.A.M.;APU;S.131312M;Administração Regional e Local – Administração Regional;nao;INE S.13 2025;2025
IQ - Instituto para a Qualificação, I.P. - R.A.M.;APU;S.131312M;Administração Regional e Local – Administração Regional;nao;INE S.13 2025;2025
IVBAM - Instituto do Vinho, do Bordado e do Artesanato da Madeira, I.P. - R.A.M.;APU;S.131312M;Administração Regional e Local – Administração Regional;nao;INE S.13 2025;2025
Invest Madeira - Agência para a Internacionalização e Investimento;APU;S.131312M;Administração Regional e Local – Administração Regional;nao;INE S.13 2025;2025
PATRIRAM - Titularidade e Gestão de Património Público Regional, S.A.;SPE_PROVAVEL;S.131312M;Administração Regional e Local – Administração Regional;sim;INE S.13 2025;2025
Polo Científico e Tecnológico da Madeira, Madeira Tecnopolo, S.A.;SPE_PROVAVEL;S.131312M;Administração Regional e Local – Administração Regional;sim;INE S.13 2025;2025
Ponta do Oeste - Sociedade de Promoção e Desenvolvimento da Zona Oeste da Madeira, S.A.;SPE_PROVAVEL;S.131312M;Administração Regional e Local – Administração Regional;sim;INE S.13 2025;2025
SDNM - Sociedade de Desenvolvimento do Norte da Madeira, S.A.;SPE_PROVAVEL;S.131312M;Administração Regional e Local – Administração Regional;sim;INE S.13 2025;2025
SDPS - Sociedade de Desenvolvimento do Porto Santo, S.A.;SPE_PROVAVEL;S.131312M;Administração Regional e Local – Administração Regional;sim;INE S.13 2025;2025
SESARAM - Serviço de Saúde da Região Autónoma da Madeira, E.P.E. - R.A.M.;SPE_PROVAVEL;S.131312M;Administração Regional e Local – Administração Regional;sim;INE S.13 2025;2025
SMD - Sociedade Metropolitana de Desenvolvimento, S.A.;SPE_PROVAVEL;S.131312M;Administração Regional e Local – Administração Regional;sim;INE S.13 2025;2025
SRPC - Serviço Regional de Proteção Civil, I.P. - R.A.M.;APU;S.131312M;Administração Regional e Local – Administração Regional;nao;INE S.13 2025;2025
Serviços e Fundos Autónomos da Administração Regional da Madeira;APU;S.131312M;Administração Regional e Local – Administração Regional;nao;INE S.13 2025;2025
TiiM - Transportes Integrados e Intermodais da Madeira, S.A.;SPE_PROVAVEL;S.131312M;Administração Regional e Local – Administração Regional;sim;INE S.13 2025;2025
Município da Amadora;APU;S.131322;Administração Regional e Local – Administração Local;nao;INE S.13 2025;2025
Município da Batalha;APU;S.131322;Administração Regional e Local – Administração Local;nao;INE S.13 2025;2025
Município da Covilhã;APU;S.131322;Administração Regional e Local – Administração Local;nao;INE S.13 2025;2025
Município da Figueira da Foz;APU;S.131322;Administração Regional e Local – Administração Local;nao;INE S.13 2025;2025
Município da Golegã;APU;S.131322;Administração Regional e Local – Administração Local;nao;INE S.13 2025;2025
Município da Guarda;APU;S.131322;Administração Regional e Local – Administração Local;nao;INE S.13 2025;2025
Município da Horta;APU;S.131322;Administração Regional e Local – Administração Local;nao;INE S.13 2025;2025
Município da Lourinhã;APU;S.131322;Administração Regional e Local – Administração Local;nao;INE S.13 2025;2025
Município da Lousã;APU;S.131322;Administração Regional e Local – Administração Local;nao;INE S.13 2025;2025
Município da Madalena;APU;S.131322;Administração Regional e Local – Administração Local;nao;INE S.13 2025;2025
Município da Maia;APU;S.131322;Administração Regional e Local – Administração Local;nao;INE S.13 2025;2025
Município da Marinha Grande;APU;S.131322;Administração Regional e Local – Administração Local;nao;INE S.13 2025;2025
Município da Moita;APU;S.131322;Administração Regional e Local – Administração Local;nao;INE S.13 2025;2025
Município da Murtosa;APU;S.131322;Administração Regional e Local – Administração Local;nao;INE S.13 2025;2025
Município da Nazaré;APU;S.131322;Administração Regional e Local – Administração Local;nao;INE S.13 2025;2025
Município da Povoação;APU;S.131322;Administração Regional e Local – Administração Local;nao;INE S.13 2025;2025
Município da Praia da Vitória;APU;S.131322;Administração Regional e Local – Administração Local;nao;INE S.13 2025;2025
Município da Póvoa de Lanhoso;APU;S.131322;Administração Regional e Local – Administração Local;nao;INE S.13 2025;2025
Município da Póvoa de Varzim;APU;S.131322;Administração Regional e Local – Administração Local;nao;INE S.13 2025;2025
Município da Ribeira Brava;APU;S.131322;Administração Regional e Local – Administração Local;nao;INE S.13 2025;2025
Município da Ribeira Grande;APU;S.131322;Administração Regional e Local – Administração Local;nao;INE S.13 2025;2025
Município da Trofa;APU;S.131322;Administração Regional e Local – Administração Local;nao;INE S.13 2025;2025
Município das Lajes do Pico;APU;S.131322;Administração Regional e Local – Administração Local;nao;INE S.13 2025;2025
Município das Velas;APU;S.131322;Administração Regional e Local – Administração Local;nao;INE S.13 2025;2025
Município de Abrantes;APU;S.131322;Administração Regional e Local – Administração Local;nao;INE S.13 2025;2025
Município de Aguiar da Beira;APU;S.131322;Administração Regional e Local – Administração Local;nao;INE S.13 2025;2025
Município de Alandroal;APU;S.131322;Administração Regional e Local – Administração Local;nao;INE S.13 2025;2025
Município de Albergaria-a-Velha;APU;S.131322;Administração Regional e Local – Administração Local;nao;INE S.13 2025;2025
Município de Albufeira;APU;S.131322;Administração Regional e Local – Administração Local;nao;INE S.13 2025;2025
Município de Alcanena;APU;S.131322;Administração Regional e Local – Administração Local;nao;INE S.13 2025;2025
Município de Alcobaça;APU;S.131322;Administração Regional e Local – Administração Local;nao;INE S.13 2025;2025
Município de Alcochete;APU;S.131322;Administração Regional e Local – Administração Local;nao;INE S.13 2025;2025
Município de Alcoutim;APU;S.131322;Administração Regional e Local – Administração Local;nao;INE S.13 2025;2025
Município de Alcácer do Sal;APU;S.131322;Administração Regional e Local – Administração Local;nao;INE S.13 2025;2025
Município de Alenquer;APU;S.131322;Administração Regional e Local – Administração Local;nao;INE S.13 2025;2025
Município de Alfândega da Fé;APU;S.131322;Administração Regional e Local – Administração Local;nao;INE S.13 2025;2025
Município de Alijó;APU;S.131322;Administração Regional e Local – Administração Local;nao;INE S.13 2025;2025
Município de Aljezur;APU;S.131322;Administração Regional e Local – Administração Local;nao;INE S.13 2025;2025
Município de Aljustrel;APU;S.131322;Administração Regional e Local – Administração Local;nao;INE S.13 2025;2025
Município de Almada;APU;S.131322;Administração Regional e Local – Administração Local;nao;INE S.13 2025;2025
Município de Almeida;APU;S.131322;Administração Regional e Local – Administração Local;nao;INE S.13 2025;2025
Município de Almeirim;APU;S.131322;Administração Regional e Local – Administração Local;nao;INE S.13 2025;2025
Município de Almodôvar;APU;S.131322;Administração Regional e Local – Administração Local;nao;INE S.13 2025;2025
Município de Alpiarça;APU;S.131322;Administração Regional e Local – Administração Local;nao;INE S.13 2025;2025
Município de Alter do Chão;APU;S.131322;Administração Regional e Local – Administração Local;nao;INE S.13 2025;2025
Município de Alvaiázere;APU;S.131322;Administração Regional e Local – Administração Local;nao;INE S.13 2025;2025
Município de Alvito;APU;S.131322;Administração Regional e Local – Administração Local;nao;INE S.13 2025;2025
Município de Amarante;APU;S.131322;Administração Regional e Local – Administração Local;nao;INE S.13 2025;2025
Município de Amares;APU;S.131322;Administração Regional e Local – Administração Local;nao;INE S.13 2025;2025
Município de Anadia;APU;S.131322;Administração Regional e Local – Administração Local;nao;INE S.13 2025;2025
Município de Angra do Heroísmo;APU;S.131322;Administração Regional e Local – Administração Local;nao;INE S.13 2025;2025
Município de Ansião;APU;S.131322;Administração Regional e Local – Administração Local;nao;INE S.13 2025;2025
Município de Arcos de Valdevez;APU;S.131322;Administração Regional e Local – Administração Local;nao;INE S.13 2025;2025
Município de Arganil;APU;S.131322;Administração Regional e Local – Administração Local;nao;INE S.13 2025;2025
Município de Armamar;APU;S.131322;Administração Regional e Local – Administração Local;nao;INE S.13 2025;2025
Município de Arouca;APU;S.131322;Administração Regional e Local – Administração Local;nao;INE S.13 2025;2025
Município de Arraiolos;APU;S.131322;Administração Regional e Local – Administração Local;nao;INE S.13 2025;2025
Município de Arronches;APU;S.131322;Administração Regional e Local – Administração Local;nao;INE S.13 2025;2025
Município de Arruda Dos Vinhos;APU;S.131322;Administração Regional e Local – Administração Local;nao;INE S.13 2025;2025
Município de Aveiro;APU;S.131322;Administração Regional e Local – Administração Local;nao;INE S.13 2025;2025
Município de Avis;APU;S.131322;Administração Regional e Local – Administração Local;nao;INE S.13 2025;2025
Município de Azambuja;APU;S.131322;Administração Regional e Local – Administração Local;nao;INE S.13 2025;2025
Município de Baião;APU;S.131322;Administração Regional e Local – Administração Local;nao;INE S.13 2025;2025
Município de Barcelos;APU;S.131322;Administração Regional e Local – Administração Local;nao;INE S.13 2025;2025
Município de Barrancos;APU;S.131322;Administração Regional e Local – Administração Local;nao;INE S.13 2025;2025
Município de Beja;APU;S.131322;Administração Regional e Local – Administração Local;nao;INE S.13 2025;2025
Município de Belmonte;APU;S.131322;Administração Regional e Local – Administração Local;nao;INE S.13 2025;2025
Município de Benavente;APU;S.131322;Administração Regional e Local – Administração Local;nao;INE S.13 2025;2025
Município de Bombarral;APU;S.131322;Administração Regional e Local – Administração Local;nao;INE S.13 2025;2025
Município de Borba;APU;S.131322;Administração Regional e Local – Administração Local;nao;INE S.13 2025;2025
Município de Boticas;APU;S.131322;Administração Regional e Local – Administração Local;nao;INE S.13 2025;2025
Município de Braga;APU;S.131322;Administração Regional e Local – Administração Local;nao;INE S.13 2025;2025
Município de Bragança;APU;S.131322;Administração Regional e Local – Administração Local;nao;INE S.13 2025;2025
Município de Cabeceiras de Basto;APU;S.131322;Administração Regional e Local – Administração Local;nao;INE S.13 2025;2025
Município de Caldas da Rainha;APU;S.131322;Administração Regional e Local – Administração Local;nao;INE S.13 2025;2025
Município de Calheta;APU;S.131322;Administração Regional e Local – Administração Local;nao;INE S.13 2025;2025
Município de Calheta - São Jorge;APU;S.131322;Administração Regional e Local – Administração Local;nao;INE S.13 2025;2025
Município de Caminha;APU;S.131322;Administração Regional e Local – Administração Local;nao;INE S.13 2025;2025
Município de Campo Maior;APU;S.131322;Administração Regional e Local – Administração Local;nao;INE S.13 2025;2025
Município de Cantanhede;APU;S.131322;Administração Regional e Local – Administração Local;nao;INE S.13 2025;2025
Município de Carrazeda de Ansiães;APU;S.131322;Administração Regional e Local – Administração Local;nao;INE S.13 2025;2025
Município de Carregal do Sal;APU;S.131322;Administração Regional e Local – Administração Local;nao;INE S.13 2025;2025
Município de Cascais;APU;S.131322;Administração Regional e Local – Administração Local;nao;INE S.13 2025;2025
Município de Castanheira de Pêra;APU;S.131322;Administração Regional e Local – Administração Local;nao;INE S.13 2025;2025
Município de Castelo Branco;APU;S.131322;Administração Regional e Local – Administração Local;nao;INE S.13 2025;2025
Município de Castelo de Paiva;APU;S.131322;Administração Regional e Local – Administração Local;nao;INE S.13 2025;2025
Município de Castelo de Vide;APU;S.131322;Administração Regional e Local – Administração Local;nao;INE S.13 2025;2025
Município de Castro Daire;APU;S.131322;Administração Regional e Local – Administração Local;nao;INE S.13 2025;2025
Município de Castro Marim;APU;S.131322;Administração Regional e Local – Administração Local;nao;INE S.13 2025;2025
Município de Castro Verde;APU;S.131322;Administração Regional e Local – Administração Local;nao;INE S.13 2025;2025
Município de Celorico da Beira;APU;S.131322;Administração Regional e Local – Administração Local;nao;INE S.13 2025;2025
Município de Celorico de Basto;APU;S.131322;Administração Regional e Local – Administração Local;nao;INE S.13 2025;2025
Município de Chamusca;APU;S.131322;Administração Regional e Local – Administração Local;nao;INE S.13 2025;2025
Município de Chaves;APU;S.131322;Administração Regional e Local – Administração Local;nao;INE S.13 2025;2025
Município de Cinfães;APU;S.131322;Administração Regional e Local – Administração Local;nao;INE S.13 2025;2025
Município de Coimbra;APU;S.131322;Administração Regional e Local – Administração Local;nao;INE S.13 2025;2025
Município de Condeixa-a-Nova;APU;S.131322;Administração Regional e Local – Administração Local;nao;INE S.13 2025;2025
Município de Constância;APU;S.131322;Administração Regional e Local – Administração Local;nao;INE S.13 2025;2025
Município de Coruche;APU;S.131322;Administração Regional e Local – Administração Local;nao;INE S.13 2025;2025
Município de Cuba;APU;S.131322;Administração Regional e Local – Administração Local;nao;INE S.13 2025;2025
Município de Câmara de Lobos;APU;S.131322;Administração Regional e Local – Administração Local;nao;INE S.13 2025;2025
Município de Elvas;APU;S.131322;Administração Regional e Local – Administração Local;nao;INE S.13 2025;2025
Município de Espinho;APU;S.131322;Administração Regional e Local – Administração Local;nao;INE S.13 2025;2025
Município de Esposende;APU;S.131322;Administração Regional e Local – Administração Local;nao;INE S.13 2025;2025
Município de Estarreja;APU;S.131322;Administração Regional e Local – Administração Local;nao;INE S.13 2025;2025
Município de Estremoz;APU;S.131322;Administração Regional e Local – Administração Local;nao;INE S.13 2025;2025
Município de Fafe;APU;S.131322;Administração Regional e Local – Administração Local;nao;INE S.13 2025;2025
Município de Faro;APU;S.131322;Administração Regional e Local – Administração Local;nao;INE S.13 2025;2025
Município de Felgueiras;APU;S.131322;Administração Regional e Local – Administração Local;nao;INE S.13 2025;2025
Município de Ferreira do Alentejo;APU;S.131322;Administração Regional e Local – Administração Local;nao;INE S.13 2025;2025
Município de Ferreira do Zêzere;APU;S.131322;Administração Regional e Local – Administração Local;nao;INE S.13 2025;2025
Município de Figueira de Castelo Rodrigo;APU;S.131322;Administração Regional e Local – Administração Local;nao;INE S.13 2025;2025
Município de Figueiró dos Vinhos;APU;S.131322;Administração Regional e Local – Administração Local;nao;INE S.13 2025;2025
Município de Fornos de Algodres;APU;S.131322;Administração Regional e Local – Administração Local;nao;INE S.13 2025;2025
Município de Freixo de Espada à Cinta;APU;S.131322;Administração Regional e Local – Administração Local;nao;INE S.13 2025;2025
Município de Fronteira;APU;S.131322;Administração Regional e Local – Administração Local;nao;INE S.13 2025;2025
Município de Gavião;APU;S.131322;Administração Regional e Local – Administração Local;nao;INE S.13 2025;2025
Município de Gondomar;APU;S.131322;Administração Regional e Local – Administração Local;nao;INE S.13 2025;2025
Município de Gouveia;APU;S.131322;Administração Regional e Local – Administração Local;nao;INE S.13 2025;2025
Município de Grândola;APU;S.131322;Administração Regional e Local – Administração Local;nao;INE S.13 2025;2025
Município de Guimarães;APU;S.131322;Administração Regional e Local – Administração Local;nao;INE S.13 2025;2025
Município de Góis;APU;S.131322;Administração Regional e Local – Administração Local;nao;INE S.13 2025;2025
Município de Idanha-a-Nova;APU;S.131322;Administração Regional e Local – Administração Local;nao;INE S.13 2025;2025
Município de Lagoa;APU;S.131322;Administração Regional e Local – Administração Local;nao;INE S.13 2025;2025
Município de Lagoa - Açores;APU;S.131322;Administração Regional e Local – Administração Local;nao;INE S.13 2025;2025
Município de Lagos;APU;S.131322;Administração Regional e Local – Administração Local;nao;INE S.13 2025;2025
Município de Lajes Das Flores;APU;S.131322;Administração Regional e Local – Administração Local;nao;INE S.13 2025;2025
Município de Lamego;APU;S.131322;Administração Regional e Local – Administração Local;nao;INE S.13 2025;2025
Município de Leiria;APU;S.131322;Administração Regional e Local – Administração Local;nao;INE S.13 2025;2025
Município de Lisboa;APU;S.131322;Administração Regional e Local – Administração Local;nao;INE S.13 2025;2025
Município de Loulé;APU;S.131322;Administração Regional e Local – Administração Local;nao;INE S.13 2025;2025
Município de Loures;APU;S.131322;Administração Regional e Local – Administração Local;nao;INE S.13 2025;2025
Município de Lousada;APU;S.131322;Administração Regional e Local – Administração Local;nao;INE S.13 2025;2025
Município de Macedo de Cavaleiros;APU;S.131322;Administração Regional e Local – Administração Local;nao;INE S.13 2025;2025
Município de Machico;APU;S.131322;Administração Regional e Local – Administração Local;nao;INE S.13 2025;2025
Município de Mafra;APU;S.131322;Administração Regional e Local – Administração Local;nao;INE S.13 2025;2025
Município de Mangualde;APU;S.131322;Administração Regional e Local – Administração Local;nao;INE S.13 2025;2025
Município de Manteigas;APU;S.131322;Administração Regional e Local – Administração Local;nao;INE S.13 2025;2025
Município de Marco de Canaveses;APU;S.131322;Administração Regional e Local – Administração Local;nao;INE S.13 2025;2025
Município de Marvão;APU;S.131322;Administração Regional e Local – Administração Local;nao;INE S.13 2025;2025
Município de Matosinhos;APU;S.131322;Administração Regional e Local – Administração Local;nao;INE S.13 2025;2025
Município de Mação;APU;S.131322;Administração Regional e Local – Administração Local;nao;INE S.13 2025;2025
Município de Mealhada;APU;S.131322;Administração Regional e Local – Administração Local;nao;INE S.13 2025;2025
Município de Melgaço;APU;S.131322;Administração Regional e Local – Administração Local;nao;INE S.13 2025;2025
Município de Mesão Frio;APU;S.131322;Administração Regional e Local – Administração Local;nao;INE S.13 2025;2025
Município de Mira;APU;S.131322;Administração Regional e Local – Administração Local;nao;INE S.13 2025;2025
Município de Miranda do Corvo;APU;S.131322;Administração Regional e Local – Administração Local;nao;INE S.13 2025;2025
Município de Miranda do Douro;APU;S.131322;Administração Regional e Local – Administração Local;nao;INE S.13 2025;2025
Município de Mirandela;APU;S.131322;Administração Regional e Local – Administração Local;nao;INE S.13 2025;2025
Município de Mogadouro;APU;S.131322;Administração Regional e Local – Administração Local;nao;INE S.13 2025;2025
Município de Moimenta da Beira;APU;S.131322;Administração Regional e Local – Administração Local;nao;INE S.13 2025;2025
Município de Monchique;APU;S.131322;Administração Regional e Local – Administração Local;nao;INE S.13 2025;2025
Município de Mondim de Basto;APU;S.131322;Administração Regional e Local – Administração Local;nao;INE S.13 2025;2025
Município de Monforte;APU;S.131322;Administração Regional e Local – Administração Local;nao;INE S.13 2025;2025
Município de Montalegre;APU;S.131322;Administração Regional e Local – Administração Local;nao;INE S.13 2025;2025
Município de Montemor-o-Novo;APU;S.131322;Administração Regional e Local – Administração Local;nao;INE S.13 2025;2025
Município de Montemor-o-Velho;APU;S.131322;Administração Regional e Local – Administração Local;nao;INE S.13 2025;2025
Município de Montijo;APU;S.131322;Administração Regional e Local – Administração Local;nao;INE S.13 2025;2025
Município de Monção;APU;S.131322;Administração Regional e Local – Administração Local;nao;INE S.13 2025;2025
Município de Mora;APU;S.131322;Administração Regional e Local – Administração Local;nao;INE S.13 2025;2025
Município de Mortágua;APU;S.131322;Administração Regional e Local – Administração Local;nao;INE S.13 2025;2025
Município de Moura;APU;S.131322;Administração Regional e Local – Administração Local;nao;INE S.13 2025;2025
Município de Mourão;APU;S.131322;Administração Regional e Local – Administração Local;nao;INE S.13 2025;2025
Município de Murça;APU;S.131322;Administração Regional e Local – Administração Local;nao;INE S.13 2025;2025
Município de Mértola;APU;S.131322;Administração Regional e Local – Administração Local;nao;INE S.13 2025;2025
Município de Mêda;APU;S.131322;Administração Regional e Local – Administração Local;nao;INE S.13 2025;2025
Município de Nelas;APU;S.131322;Administração Regional e Local – Administração Local;nao;INE S.13 2025;2025
Município de Nisa;APU;S.131322;Administração Regional e Local – Administração Local;nao;INE S.13 2025;2025
Município de Nordeste;APU;S.131322;Administração Regional e Local – Administração Local;nao;INE S.13 2025;2025
Município de Odemira;APU;S.131322;Administração Regional e Local – Administração Local;nao;INE S.13 2025;2025
Município de Odivelas;APU;S.131322;Administração Regional e Local – Administração Local;nao;INE S.13 2025;2025
Município de Oeiras;APU;S.131322;Administração Regional e Local – Administração Local;nao;INE S.13 2025;2025
Município de Oleiros;APU;S.131322;Administração Regional e Local – Administração Local;nao;INE S.13 2025;2025
Município de Olhão;APU;S.131322;Administração Regional e Local – Administração Local;nao;INE S.13 2025;2025
Município de Oliveira de Azeméis;APU;S.131322;Administração Regional e Local – Administração Local;nao;INE S.13 2025;2025
Município de Oliveira de Frades;APU;S.131322;Administração Regional e Local – Administração Local;nao;INE S.13 2025;2025
Município de Oliveira do Bairro;APU;S.131322;Administração Regional e Local – Administração Local;nao;INE S.13 2025;2025
Município de Oliveira do Hospital;APU;S.131322;Administração Regional e Local – Administração Local;nao;INE S.13 2025;2025
Município de Ourique;APU;S.131322;Administração Regional e Local – Administração Local;nao;INE S.13 2025;2025
Município de Ourém;APU;S.131322;Administração Regional e Local – Administração Local;nao;INE S.13 2025;2025
Município de Ovar;APU;S.131322;Administração Regional e Local – Administração Local;nao;INE S.13 2025;2025
Município de Palmela;APU;S.131322;Administração Regional e Local – Administração Local;nao;INE S.13 2025;2025
Município de Pampilhosa da Serra;APU;S.131322;Administração Regional e Local – Administração Local;nao;INE S.13 2025;2025
Município de Paredes;APU;S.131322;Administração Regional e Local – Administração Local;nao;INE S.13 2025;2025
Município de Paredes de Coura;APU;S.131322;Administração Regional e Local – Administração Local;nao;INE S.13 2025;2025
Município de Paços de Ferreira;APU;S.131322;Administração Regional e Local – Administração Local;nao;INE S.13 2025;2025
Município de Pedrógão Grande;APU;S.131322;Administração Regional e Local – Administração Local;nao;INE S.13 2025;2025
Município de Penacova;APU;S.131322;Administração Regional e Local – Administração Local;nao;INE S.13 2025;2025
Município de Penafiel;APU;S.131322;Administração Regional e Local – Administração Local;nao;INE S.13 2025;2025
Município de Penalva do Castelo;APU;S.131322;Administração Regional e Local – Administração Local;nao;INE S.13 2025;2025
Município de Penamacor;APU;S.131322;Administração Regional e Local – Administração Local;nao;INE S.13 2025;2025
Município de Penedono;APU;S.131322;Administração Regional e Local – Administração Local;nao;INE S.13 2025;2025
Município de Penela;APU;S.131322;Administração Regional e Local – Administração Local;nao;INE S.13 2025;2025
Município de Peniche;APU;S.131322;Administração Regional e Local – Administração Local;nao;INE S.13 2025;2025
Município de Peso da Régua;APU;S.131322;Administração Regional e Local – Administração Local;nao;INE S.13 2025;2025
Município de Pinhel;APU;S.131322;Administração Regional e Local – Administração Local;nao;INE S.13 2025;2025
Município de Pombal;APU;S.131322;Administração Regional e Local – Administração Local;nao;INE S.13 2025;2025
Município de Ponta Delgada;APU;S.131322;Administração Regional e Local – Administração Local;nao;INE S.13 2025;2025
Município de Ponta do Sol;APU;S.131322;Administração Regional e Local – Administração Local;nao;INE S.13 2025;2025
Município de Ponte da Barca;APU;S.131322;Administração Regional e Local – Administração Local;nao;INE S.13 2025;2025
Município de Ponte de Lima;APU;S.131322;Administração Regional e Local – Administração Local;nao;INE S.13 2025;2025
Município de Ponte de Sor;APU;S.131322;Administração Regional e Local – Administração Local;nao;INE S.13 2025;2025
Município de Portalegre;APU;S.131322;Administração Regional e Local – Administração Local;nao;INE S.13 2025;2025
Município de Portel;APU;S.131322;Administração Regional e Local – Administração Local;nao;INE S.13 2025;2025
Município de Portimão;APU;S.131322;Administração Regional e Local – Administração Local;nao;INE S.13 2025;2025
Município de Porto Moniz;APU;S.131322;Administração Regional e Local – Administração Local;nao;INE S.13 2025;2025
Município de Porto de Mós;APU;S.131322;Administração Regional e Local – Administração Local;nao;INE S.13 2025;2025
Município de Proença-a-Nova;APU;S.131322;Administração Regional e Local – Administração Local;nao;INE S.13 2025;2025
Município de Reguengos de Monsaraz;APU;S.131322;Administração Regional e Local – Administração Local;nao;INE S.13 2025;2025
Município de Resende;APU;S.131322;Administração Regional e Local – Administração Local;nao;INE S.13 2025;2025
Município de Ribeira de Pena;APU;S.131322;Administração Regional e Local – Administração Local;nao;INE S.13 2025;2025
Município de Rio Maior;APU;S.131322;Administração Regional e Local – Administração Local;nao;INE S.13 2025;2025
Município de Sabrosa;APU;S.131322;Administração Regional e Local – Administração Local;nao;INE S.13 2025;2025
Município de Sabugal;APU;S.131322;Administração Regional e Local – Administração Local;nao;INE S.13 2025;2025
Município de Salvaterra de Magos;APU;S.131322;Administração Regional e Local – Administração Local;nao;INE S.13 2025;2025
Município de Santa Comba Dão;APU;S.131322;Administração Regional e Local – Administração Local;nao;INE S.13 2025;2025
Município de Santa Cruz;APU;S.131322;Administração Regional e Local – Administração Local;nao;INE S.13 2025;2025
Município de Santa Cruz Das Flores;APU;S.131322;Administração Regional e Local – Administração Local;nao;INE S.13 2025;2025
Município de Santa Cruz da Graciosa;APU;S.131322;Administração Regional e Local – Administração Local;nao;INE S.13 2025;2025
Município de Santa Maria da Feira;APU;S.131322;Administração Regional e Local – Administração Local;nao;INE S.13 2025;2025
Município de Santa Marta de Penaguião;APU;S.131322;Administração Regional e Local – Administração Local;nao;INE S.13 2025;2025
Município de Santana;APU;S.131322;Administração Regional e Local – Administração Local;nao;INE S.13 2025;2025
Município de Santarém;APU;S.131322;Administração Regional e Local – Administração Local;nao;INE S.13 2025;2025
Município de Santiago do Cacém;APU;S.131322;Administração Regional e Local – Administração Local;nao;INE S.13 2025;2025
Município de Santo Tirso;APU;S.131322;Administração Regional e Local – Administração Local;nao;INE S.13 2025;2025
Município de Sardoal;APU;S.131322;Administração Regional e Local – Administração Local;nao;INE S.13 2025;2025
Município de Seia;APU;S.131322;Administração Regional e Local – Administração Local;nao;INE S.13 2025;2025
Município de Sernancelhe;APU;S.131322;Administração Regional e Local – Administração Local;nao;INE S.13 2025;2025
Município de Serpa;APU;S.131322;Administração Regional e Local – Administração Local;nao;INE S.13 2025;2025
Município de Sertã;APU;S.131322;Administração Regional e Local – Administração Local;nao;INE S.13 2025;2025
Município de Sesimbra;APU;S.131322;Administração Regional e Local – Administração Local;nao;INE S.13 2025;2025
Município de Setúbal;APU;S.131322;Administração Regional e Local – Administração Local;nao;INE S.13 2025;2025
Município de Sever do Vouga;APU;S.131322;Administração Regional e Local – Administração Local;nao;INE S.13 2025;2025
Município de Silves;APU;S.131322;Administração Regional e Local – Administração Local;nao;INE S.13 2025;2025
Município de Sines;APU;S.131322;Administração Regional e Local – Administração Local;nao;INE S.13 2025;2025
Município de Sintra;APU;S.131322;Administração Regional e Local – Administração Local;nao;INE S.13 2025;2025
Município de Sobral de Monte Agraço;APU;S.131322;Administração Regional e Local – Administração Local;nao;INE S.13 2025;2025
Município de Soure;APU;S.131322;Administração Regional e Local – Administração Local;nao;INE S.13 2025;2025
Município de Sousel;APU;S.131322;Administração Regional e Local – Administração Local;nao;INE S.13 2025;2025
Município de Sátão;APU;S.131322;Administração Regional e Local – Administração Local;nao;INE S.13 2025;2025
Município de São Brás de Alportel;APU;S.131322;Administração Regional e Local – Administração Local;nao;INE S.13 2025;2025
Município de São João da Madeira;APU;S.131322;Administração Regional e Local – Administração Local;nao;INE S.13 2025;2025
Município de São João da Pesqueira;APU;S.131322;Administração Regional e Local – Administração Local;nao;INE S.13 2025;2025
Município de São Pedro do Sul;APU;S.131322;Administração Regional e Local – Administração Local;nao;INE S.13 2025;2025
Município de São Roque do Pico;APU;S.131322;Administração Regional e Local – Administração Local;nao;INE S.13 2025;2025
Município de São Vicente;APU;S.131322;Administração Regional e Local – Administração Local;nao;INE S.13 2025;2025
Município de Tabuaço;APU;S.131322;Administração Regional e Local – Administração Local;nao;INE S.13 2025;2025
Município de Tarouca;APU;S.131322;Administração Regional e Local – Administração Local;nao;INE S.13 2025;2025
Município de Tavira;APU;S.131322;Administração Regional e Local – Administração Local;nao;INE S.13 2025;2025
Município de Terras de Bouro;APU;S.131322;Administração Regional e Local – Administração Local;nao;INE S.13 2025;2025
Município de Tomar;APU;S.131322;Administração Regional e Local – Administração Local;nao;INE S.13 2025;2025
Município de Tondela;APU;S.131322;Administração Regional e Local – Administração Local;nao;INE S.13 2025;2025
Município de Torre de Moncorvo;APU;S.131322;Administração Regional e Local – Administração Local;nao;INE S.13 2025;2025
Município de Torres Novas;APU;S.131322;Administração Regional e Local – Administração Local;nao;INE S.13 2025;2025
Município de Torres Vedras;APU;S.131322;Administração Regional e Local – Administração Local;nao;INE S.13 2025;2025
Município de Trancoso;APU;S.131322;Administração Regional e Local – Administração Local;nao;INE S.13 2025;2025
Município de Tábua;APU;S.131322;Administração Regional e Local – Administração Local;nao;INE S.13 2025;2025
Município de Vagos;APU;S.131322;Administração Regional e Local – Administração Local;nao;INE S.13 2025;2025
Município de Vale de Cambra;APU;S.131322;Administração Regional e Local – Administração Local;nao;INE S.13 2025;2025
Município de Valença;APU;S.131322;Administração Regional e Local – Administração Local;nao;INE S.13 2025;2025
Município de Valongo;APU;S.131322;Administração Regional e Local – Administração Local;nao;INE S.13 2025;2025
Município de Valpaços;APU;S.131322;Administração Regional e Local – Administração Local;nao;INE S.13 2025;2025
Município de Vendas Novas;APU;S.131322;Administração Regional e Local – Administração Local;nao;INE S.13 2025;2025
Município de Viana do Alentejo;APU;S.131322;Administração Regional e Local – Administração Local;nao;INE S.13 2025;2025
Município de Viana do Castelo;APU;S.131322;Administração Regional e Local – Administração Local;nao;INE S.13 2025;2025
Município de Vidigueira;APU;S.131322;Administração Regional e Local – Administração Local;nao;INE S.13 2025;2025
Município de Vieira do Minho;APU;S.131322;Administração Regional e Local – Administração Local;nao;INE S.13 2025;2025
Município de Vila Flor;APU;S.131322;Administração Regional e Local – Administração Local;nao;INE S.13 2025;2025
Município de Vila Franca de Xira;APU;S.131322;Administração Regional e Local – Administração Local;nao;INE S.13 2025;2025
Município de Vila Franca do Campo;APU;S.131322;Administração Regional e Local – Administração Local;nao;INE S.13 2025;2025
Município de Vila Nova da Barquinha;APU;S.131322;Administração Regional e Local – Administração Local;nao;INE S.13 2025;2025
Município de Vila Nova de Cerveira;APU;S.131322;Administração Regional e Local – Administração Local;nao;INE S.13 2025;2025
Município de Vila Nova de Famalicão;APU;S.131322;Administração Regional e Local – Administração Local;nao;INE S.13 2025;2025
Município de Vila Nova de Foz Côa;APU;S.131322;Administração Regional e Local – Administração Local;nao;INE S.13 2025;2025
Município de Vila Nova de Gaia;APU;S.131322;Administração Regional e Local – Administração Local;nao;INE S.13 2025;2025
Município de Vila Nova de Paiva;APU;S.131322;Administração Regional e Local – Administração Local;nao;INE S.13 2025;2025
Município de Vila Nova de Poiares;APU;S.131322;Administração Regional e Local – Administração Local;nao;INE S.13 2025;2025
Município de Vila Pouca de Aguiar;APU;S.131322;Administração Regional e Local – Administração Local;nao;INE S.13 2025;2025
Município de Vila Real;APU;S.131322;Administração Regional e Local – Administração Local;nao;INE S.13 2025;2025
Município de Vila Real de Santo António;APU;S.131322;Administração Regional e Local – Administração Local;nao;INE S.13 2025;2025
Município de Vila Velha de Ródão;APU;S.131322;Administração Regional e Local – Administração Local;nao;INE S.13 2025;2025
Município de Vila Verde;APU;S.131322;Administração Regional e Local – Administração Local;nao;INE S.13 2025;2025
Município de Vila Viçosa;APU;S.131322;Administração Regional e Local – Administração Local;nao;INE S.13 2025;2025
Município de Vila de Rei;APU;S.131322;Administração Regional e Local – Administração Local;nao;INE S.13 2025;2025
Município de Vila do Bispo;APU;S.131322;Administração Regional e Local – Administração Local;nao;INE S.13 2025;2025
Município de Vila do Conde;APU;S.131322;Administração Regional e Local – Administração Local;nao;INE S.13 2025;2025
Município de Vila do Porto;APU;S.131322;Administração Regional e Local – Administração Local;nao;INE S.13 2025;2025
Município de Vimioso;APU;S.131322;Administração Regional e Local – Administração Local;nao;INE S.13 2025;2025
Município de Vinhais;APU;S.131322;Administração Regional e Local – Administração Local;nao;INE S.13 2025;2025
Município de Viseu;APU;S.131322;Administração Regional e Local – Administração Local;nao;INE S.13 2025;2025
Município de Vizela;APU;S.131322;Administração Regional e Local – Administração Local;nao;INE S.13 2025;2025
Município de Vouzela;APU;S.131322;Administração Regional e Local – Administração Local;nao;INE S.13 2025;2025
Município de Águeda;APU;S.131322;Administração Regional e Local – Administração Local;nao;INE S.13 2025;2025
Município de Évora;APU;S.131322;Administração Regional e Local – Administração Local;nao;INE S.13 2025;2025
Município de Ílhavo;APU;S.131322;Administração Regional e Local – Administração Local;nao;INE S.13 2025;2025
Município de Óbidos;APU;S.131322;Administração Regional e Local – Administração Local;nao;INE S.13 2025;2025
Município do Barreiro;APU;S.131322;Administração Regional e Local – Administração Local;nao;INE S.13 2025;2025
Município do Cadaval;APU;S.131322;Administração Regional e Local – Administração Local;nao;INE S.13 2025;2025
Município do Cartaxo;APU;S.131322;Administração Regional e Local – Administração Local;nao;INE S.13 2025;2025
Município do Corvo;APU;S.131322;Administração Regional e Local – Administração Local;nao;INE S.13 2025;2025
Município do Crato;APU;S.131322;Administração Regional e Local – Administração Local;nao;INE S.13 2025;2025
Município do Entroncamento;APU;S.131322;Administração Regional e Local – Administração Local;nao;INE S.13 2025;2025
Município do Funchal;APU;S.131322;Administração Regional e Local – Administração Local;nao;INE S.13 2025;2025
Município do Fundão;APU;S.131322;Administração Regional e Local – Administração Local;nao;INE S.13 2025;2025
Município do Porto;APU;S.131322;Administração Regional e Local – Administração Local;nao;INE S.13 2025;2025
Município do Porto Santo;APU;S.131322;Administração Regional e Local – Administração Local;nao;INE S.13 2025;2025
Município do Redondo;APU;S.131322;Administração Regional e Local – Administração Local;nao;INE S.13 2025;2025
Município do Seixal;APU;S.131322;Administração Regional e Local – Administração Local;nao;INE S.13 2025;2025
Municípios;APU;S.131322;Administração Regional e Local – Administração Local;nao;INE S.13 2025;2025
Agregação das freguesias Sul de Pinhel;APU;S.131323;Administração Regional e Local – Administração Local;nao;INE S.13 2025;2025
Freguesia de A dos Cunhados;APU;S.131323;Administração Regional e Local – Administração Local;nao;INE S.13 2025;2025
Freguesia de A dos Francos;APU;S.131323;Administração Regional e Local – Administração Local;nao;INE S.13 2025;2025
Freguesia de A dos Negros;APU;S.131323;Administração Regional e Local – Administração Local;nao;INE S.13 2025;2025
Freguesia de Abade de Neiva;APU;S.131323;Administração Regional e Local – Administração Local;nao;INE S.13 2025;2025
Freguesia de Abadim;APU;S.131323;Administração Regional e Local – Administração Local;nao;INE S.13 2025;2025
Freguesia de Abambres;APU;S.131323;Administração Regional e Local – Administração Local;nao;INE S.13 2025;2025
Freguesia de Abaças;APU;S.131323;Administração Regional e Local – Administração Local;nao;INE S.13 2025;2025
Freguesia de Abedim;APU;S.131323;Administração Regional e Local – Administração Local;nao;INE S.13 2025;2025
Freguesia de Abela;APU;S.131323;Administração Regional e Local – Administração Local;nao;INE S.13 2025;2025
Freguesia de Abitureiras;APU;S.131323;Administração Regional e Local – Administração Local;nao;INE S.13 2025;2025
Freguesia de Abiul;APU;S.131323;Administração Regional e Local – Administração Local;nao;INE S.13 2025;2025
Freguesia de Aboim da Nóbrega e Gondomar;APU;S.131323;Administração Regional e Local – Administração Local;nao;INE S.13 2025;2025
Freguesia de Aboim das Choças;APU;S.131323;Administração Regional e Local – Administração Local;nao;INE S.13 2025;2025
Freguesia de Aborim;APU;S.131323;Administração Regional e Local – Administração Local;nao;INE S.13 2025;2025
Freguesia de Abragão;APU;S.131323;Administração Regional e Local – Administração Local;nao;INE S.13 2025;2025
Freguesia de Abraveses;APU;S.131323;Administração Regional e Local – Administração Local;nao;INE S.13 2025;2025
Freguesia de Abreiro;APU;S.131323;Administração Regional e Local – Administração Local;nao;INE S.13 2025;2025
Freguesia de Abrunhosa-a-Velha;APU;S.131323;Administração Regional e Local – Administração Local;nao;INE S.13 2025;2025
Freguesia de Abrã;APU;S.131323;Administração Regional e Local – Administração Local;nao;INE S.13 2025;2025
Freguesia de Achada;APU;S.131323;Administração Regional e Local – Administração Local;nao;INE S.13 2025;2025
Freguesia de Achadas da Cruz;APU;S.131323;Administração Regional e Local – Administração Local;nao;INE S.13 2025;2025
Freguesia de Achadinha;APU;S.131323;Administração Regional e Local – Administração Local;nao;INE S.13 2025;2025
Freguesia de Adaúfe;APU;S.131323;Administração Regional e Local – Administração Local;nao;INE S.13 2025;2025
Freguesia de Adorigo;APU;S.131323;Administração Regional e Local – Administração Local;nao;INE S.13 2025;2025
Freguesia de Adães;APU;S.131323;Administração Regional e Local – Administração Local;nao;INE S.13 2025;2025
Freguesia de Adão;APU;S.131323;Administração Regional e Local – Administração Local;nao;INE S.13 2025;2025
Freguesia de Afife;APU;S.131323;Administração Regional e Local – Administração Local;nao;INE S.13 2025;2025
Freguesia de Agadão;APU;S.131323;Administração Regional e Local – Administração Local;nao;INE S.13 2025;2025
Freguesia de Agilde;APU;S.131323;Administração Regional e Local – Administração Local;nao;INE S.13 2025;2025
Freguesia de Agrela;APU;S.131323;Administração Regional e Local – Administração Local;nao;INE S.13 2025;2025
Freguesia de Agrochão;APU;S.131323;Administração Regional e Local – Administração Local;nao;INE S.13 2025;2025
Freguesia de Aguada de Baixo;APU;S.131323;Administração Regional e Local – Administração Local;nao;INE S.13 2025;2025
Freguesia de Aguada de Cima;APU;S.131323;Administração Regional e Local – Administração Local;nao;INE S.13 2025;2025
Freguesia de Agualonga;APU;S.131323;Administração Regional e Local – Administração Local;nao;INE S.13 2025;2025
Freguesia de Agualva;APU;S.131323;Administração Regional e Local – Administração Local;nao;INE S.13 2025;2025
Freguesia de Aguda;APU;S.131323;Administração Regional e Local – Administração Local;nao;INE S.13 2025;2025
Freguesia de Aguiar;APU;S.131323;Administração Regional e Local – Administração Local;nao;INE S.13 2025;2025
Freguesia de Aguiar de Sousa;APU;S.131323;Administração Regional e Local – Administração Local;nao;INE S.13 2025;2025
Freguesia de Aguieiras;APU;S.131323;Administração Regional e Local – Administração Local;nao;INE S.13 2025;2025
Freguesia de Aguiã;APU;S.131323;Administração Regional e Local – Administração Local;nao;INE S.13 2025;2025
Freguesia de Aguçadoura;APU;S.131323;Administração Regional e Local – Administração Local;nao;INE S.13 2025;2025
Freguesia de Airães;APU;S.131323;Administração Regional e Local – Administração Local;nao;INE S.13 2025;2025
Freguesia de Airão (Santa Maria);APU;S.131323;Administração Regional e Local – Administração Local;nao;INE S.13 2025;2025
Freguesia de Airão São João;APU;S.131323;Administração Regional e Local – Administração Local;nao;INE S.13 2025;2025
Freguesia de Airó;APU;S.131323;Administração Regional e Local – Administração Local;nao;INE S.13 2025;2025
Freguesia de Aião;APU;S.131323;Administração Regional e Local – Administração Local;nao;INE S.13 2025;2025
Freguesia de Ajuda;APU;S.131323;Administração Regional e Local – Administração Local;nao;INE S.13 2025;2025
Freguesia de Ajuda da Bretanha;APU;S.131323;Administração Regional e Local – Administração Local;nao;INE S.13 2025;2025
Freguesia de Alagoa;APU;S.131323;Administração Regional e Local – Administração Local;nao;INE S.13 2025;2025
Freguesia de Albergaria dos Doze;APU;S.131323;Administração Regional e Local – Administração Local;nao;INE S.13 2025;2025
Freguesia de Albergaria-a-Velha e Valmaior;APU;S.131323;Administração Regional e Local – Administração Local;nao;INE S.13 2025;2025
Freguesia de Albufeira e Olhos de Água;APU;S.131323;Administração Regional e Local – Administração Local;nao;INE S.13 2025;2025
Freguesia de Alburitel;APU;S.131323;Administração Regional e Local – Administração Local;nao;INE S.13 2025;2025
Freguesia de Alcabideche;APU;S.131323;Administração Regional e Local – Administração Local;nao;INE S.13 2025;2025
Freguesia de Alcafache;APU;S.131323;Administração Regional e Local – Administração Local;nao;INE S.13 2025;2025
Freguesia de Alcaide;APU;S.131323;Administração Regional e Local – Administração Local;nao;INE S.13 2025;2025
Freguesia de Alcains;APU;S.131323;Administração Regional e Local – Administração Local;nao;INE S.13 2025;2025
Freguesia de Alcanede;APU;S.131323;Administração Regional e Local – Administração Local;nao;INE S.13 2025;2025
Freguesia de Alcanhões;APU;S.131323;Administração Regional e Local – Administração Local;nao;INE S.13 2025;2025
Freguesia de Alcantarilha;APU;S.131323;Administração Regional e Local – Administração Local;nao;INE S.13 2025;2025
Freguesia de Alcaravela;APU;S.131323;Administração Regional e Local – Administração Local;nao;INE S.13 2025;2025
Freguesia de Alcaria;APU;S.131323;Administração Regional e Local – Administração Local;nao;INE S.13 2025;2025
Freguesia de Alcaria Ruiva;APU;S.131323;Administração Regional e Local – Administração Local;nao;INE S.13 2025;2025
Freguesia de Alcobertas;APU;S.131323;Administração Regional e Local – Administração Local;nao;INE S.13 2025;2025
Freguesia de Alcochete;APU;S.131323;Administração Regional e Local – Administração Local;nao;INE S.13 2025;2025
Freguesia de Alcoentre;APU;S.131323;Administração Regional e Local – Administração Local;nao;INE S.13 2025;2025
Freguesia de Alcofra;APU;S.131323;Administração Regional e Local – Administração Local;nao;INE S.13 2025;2025
Freguesia de Alcongosta;APU;S.131323;Administração Regional e Local – Administração Local;nao;INE S.13 2025;2025
Freguesia de Alcácer do Sal (Santa Maria do Castelo);APU;S.131323;Administração Regional e Local – Administração Local;nao;INE S.13 2025;2025
Freguesia de Alcácer do Sal (Santiago);APU;S.131323;Administração Regional e Local – Administração Local;nao;INE S.13 2025;2025
Freguesia de Alcáçovas;APU;S.131323;Administração Regional e Local – Administração Local;nao;INE S.13 2025;2025
Freguesia de Alcântara;APU;S.131323;Administração Regional e Local – Administração Local;nao;INE S.13 2025;2025
Freguesia de Aldeia Nova;APU;S.131323;Administração Regional e Local – Administração Local;nao;INE S.13 2025;2025
Freguesia de Aldeia Velha;APU;S.131323;Administração Regional e Local – Administração Local;nao;INE S.13 2025;2025
Freguesia de Aldeia Viçosa;APU;S.131323;Administração Regional e Local – Administração Local;nao;INE S.13 2025;2025
Freguesia de Aldeia da Mata;APU;S.131323;Administração Regional e Local – Administração Local;nao;INE S.13 2025;2025
Freguesia de Aldeia da Ponte;APU;S.131323;Administração Regional e Local – Administração Local;nao;INE S.13 2025;2025
Freguesia de Aldeia das Dez;APU;S.131323;Administração Regional e Local – Administração Local;nao;INE S.13 2025;2025
Freguesia de Aldeia de Santa Margarida;APU;S.131323;Administração Regional e Local – Administração Local;nao;INE S.13 2025;2025
Freguesia de Aldeia de São Francisco de Assis;APU;S.131323;Administração Regional e Local – Administração Local;nao;INE S.13 2025;2025
Freguesia de Aldeia do Bispo;APU;S.131323;Administração Regional e Local – Administração Local;nao;INE S.13 2025;2025
Freguesia de Aldeia dos Fernandes;APU;S.131323;Administração Regional e Local – Administração Local;nao;INE S.13 2025;2025
Freguesia de Aldeias;APU;S.131323;Administração Regional e Local – Administração Local;nao;INE S.13 2025;2025
Freguesia de Aldreu;APU;S.131323;Administração Regional e Local – Administração Local;nao;INE S.13 2025;2025
Freguesia de Aldão;APU;S.131323;Administração Regional e Local – Administração Local;nao;INE S.13 2025;2025
Freguesia de Alegrete;APU;S.131323;Administração Regional e Local – Administração Local;nao;INE S.13 2025;2025
Freguesia de Alfaiates;APU;S.131323;Administração Regional e Local – Administração Local;nao;INE S.13 2025;2025
Freguesia de Alfaião;APU;S.131323;Administração Regional e Local – Administração Local;nao;INE S.13 2025;2025
Freguesia de Alfarela de Jales;APU;S.131323;Administração Regional e Local – Administração Local;nao;INE S.13 2025;2025
Freguesia de Alfarelos;APU;S.131323;Administração Regional e Local – Administração Local;nao;INE S.13 2025;2025
Freguesia de Alfeizerão;APU;S.131323;Administração Regional e Local – Administração Local;nao;INE S.13 2025;2025
Freguesia de Alfena;APU;S.131323;Administração Regional e Local – Administração Local;nao;INE S.13 2025;2025
Freguesia de Alferce;APU;S.131323;Administração Regional e Local – Administração Local;nao;INE S.13 2025;2025
Freguesia de Alfragide;APU;S.131323;Administração Regional e Local – Administração Local;nao;INE S.13 2025;2025
Freguesia de Alfundão;APU;S.131323;Administração Regional e Local – Administração Local;nao;INE S.13 2025;2025
Freguesia de Alfândega da Fé;APU;S.131323;Administração Regional e Local – Administração Local;nao;INE S.13 2025;2025
Freguesia de Algarvia;APU;S.131323;Administração Regional e Local – Administração Local;nao;INE S.13 2025;2025
Freguesia de Algeriz;APU;S.131323;Administração Regional e Local – Administração Local;nao;INE S.13 2025;2025
Freguesia de Algodres;APU;S.131323;Administração Regional e Local – Administração Local;nao;INE S.13 2025;2025
Freguesia de Algoz;APU;S.131323;Administração Regional e Local – Administração Local;nao;INE S.13 2025;2025
Freguesia de Alguber;APU;S.131323;Administração Regional e Local – Administração Local;nao;INE S.13 2025;2025
Freguesia de Algueirão-Mem Martins;APU;S.131323;Administração Regional e Local – Administração Local;nao;INE S.13 2025;2025
Freguesia de Alhadas;APU;S.131323;Administração Regional e Local – Administração Local;nao;INE S.13 2025;2025
Freguesia de Alhos Vedros;APU;S.131323;Administração Regional e Local – Administração Local;nao;INE S.13 2025;2025
Freguesia de Alijó;APU;S.131323;Administração Regional e Local – Administração Local;nao;INE S.13 2025;2025
Freguesia de Aljezur;APU;S.131323;Administração Regional e Local – Administração Local;nao;INE S.13 2025;2025
Freguesia de Aljubarrota;APU;S.131323;Administração Regional e Local – Administração Local;nao;INE S.13 2025;2025
Freguesia de Aljustrel;APU;S.131323;Administração Regional e Local – Administração Local;nao;INE S.13 2025;2025
Freguesia de Almaceda;APU;S.131323;Administração Regional e Local – Administração Local;nao;INE S.13 2025;2025
Freguesia de Almagreira;APU;S.131323;Administração Regional e Local – Administração Local;nao;INE S.13 2025;2025
Freguesia de Almalaguês;APU;S.131323;Administração Regional e Local – Administração Local;nao;INE S.13 2025;2025
Freguesia de Almancil;APU;S.131323;Administração Regional e Local – Administração Local;nao;INE S.13 2025;2025
Freguesia de Almargem do Bispo;APU;S.131323;Administração Regional e Local – Administração Local;nao;INE S.13 2025;2025
Freguesia de Almeida;APU;S.131323;Administração Regional e Local – Administração Local;nao;INE S.13 2025;2025
Freguesia de Almeirim;APU;S.131323;Administração Regional e Local – Administração Local;nao;INE S.13 2025;2025
Freguesia de Almendra;APU;S.131323;Administração Regional e Local – Administração Local;nao;INE S.13 2025;2025
Freguesia de Almodôvar;APU;S.131323;Administração Regional e Local – Administração Local;nao;INE S.13 2025;2025
Freguesia de Almofala;APU;S.131323;Administração Regional e Local – Administração Local;nao;INE S.13 2025;2025
Freguesia de Almoster;APU;S.131323;Administração Regional e Local – Administração Local;nao;INE S.13 2025;2025
Freguesia de Alpalhão;APU;S.131323;Administração Regional e Local – Administração Local;nao;INE S.13 2025;2025
Freguesia de Alpedrinha;APU;S.131323;Administração Regional e Local – Administração Local;nao;INE S.13 2025;2025
Freguesia de Alpendorada, Várzea e Torrão;APU;S.131323;Administração Regional e Local – Administração Local;nao;INE S.13 2025;2025
Freguesia de Alpiarça;APU;S.131323;Administração Regional e Local – Administração Local;nao;INE S.13 2025;2025
Freguesia de Alqueidão;APU;S.131323;Administração Regional e Local – Administração Local;nao;INE S.13 2025;2025
Freguesia de Alqueidão da Serra;APU;S.131323;Administração Regional e Local – Administração Local;nao;INE S.13 2025;2025
Freguesia de Alquerubim;APU;S.131323;Administração Regional e Local – Administração Local;nao;INE S.13 2025;2025
Freguesia de Alqueva;APU;S.131323;Administração Regional e Local – Administração Local;nao;INE S.13 2025;2025
Freguesia de Altares;APU;S.131323;Administração Regional e Local – Administração Local;nao;INE S.13 2025;2025
Freguesia de Alte;APU;S.131323;Administração Regional e Local – Administração Local;nao;INE S.13 2025;2025
Freguesia de Alter do Chão;APU;S.131323;Administração Regional e Local – Administração Local;nao;INE S.13 2025;2025
Freguesia de Alto do Palurdo;APU;S.131323;Administração Regional e Local – Administração Local;nao;INE S.13 2025;2025
Freguesia de Altura;APU;S.131323;Administração Regional e Local – Administração Local;nao;INE S.13 2025;2025
Freguesia de Alturas do Barroso e Cerdedo;APU;S.131323;Administração Regional e Local – Administração Local;nao;INE S.13 2025;2025
Freguesia de Alvadia;APU;S.131323;Administração Regional e Local – Administração Local;nao;INE S.13 2025;2025
Freguesia de Alvaiázere;APU;S.131323;Administração Regional e Local – Administração Local;nao;INE S.13 2025;2025
Freguesia de Alvalade;APU;S.131323;Administração Regional e Local – Administração Local;nao;INE S.13 2025;2025
Freguesia de Alvaredo;APU;S.131323;Administração Regional e Local – Administração Local;nao;INE S.13 2025;2025
Freguesia de Alvarelhos;APU;S.131323;Administração Regional e Local – Administração Local;nao;INE S.13 2025;2025
Freguesia de Alvarenga;APU;S.131323;Administração Regional e Local – Administração Local;nao;INE S.13 2025;2025
Freguesia de Alvares;APU;S.131323;Administração Regional e Local – Administração Local;nao;INE S.13 2025;2025
Freguesia de Alvarães;APU;S.131323;Administração Regional e Local – Administração Local;nao;INE S.13 2025;2025
Freguesia de Alvações do Corgo;APU;S.131323;Administração Regional e Local – Administração Local;nao;INE S.13 2025;2025
Freguesia de Alvelos;APU;S.131323;Administração Regional e Local – Administração Local;nao;INE S.13 2025;2025
Freguesia de Alvendre;APU;S.131323;Administração Regional e Local – Administração Local;nao;INE S.13 2025;2025
Freguesia de Alverca da Beira/Bouça Cova;APU;S.131323;Administração Regional e Local – Administração Local;nao;INE S.13 2025;2025
Freguesia de Alvite;APU;S.131323;Administração Regional e Local – Administração Local;nao;INE S.13 2025;2025
Freguesia de Alvites;APU;S.131323;Administração Regional e Local – Administração Local;nao;INE S.13 2025;2025
Freguesia de Alvito;APU;S.131323;Administração Regional e Local – Administração Local;nao;INE S.13 2025;2025
Freguesia de Alvoco da Serra;APU;S.131323;Administração Regional e Local – Administração Local;nao;INE S.13 2025;2025
Freguesia de Alvoco das Várzeas;APU;S.131323;Administração Regional e Local – Administração Local;nao;INE S.13 2025;2025
Freguesia de Alvor;APU;S.131323;Administração Regional e Local – Administração Local;nao;INE S.13 2025;2025
Freguesia de Alvorge;APU;S.131323;Administração Regional e Local – Administração Local;nao;INE S.13 2025;2025
Freguesia de Alvorninha;APU;S.131323;Administração Regional e Local – Administração Local;nao;INE S.13 2025;2025
Freguesia de Alvão;APU;S.131323;Administração Regional e Local – Administração Local;nao;INE S.13 2025;2025
Freguesia de Amareleja;APU;S.131323;Administração Regional e Local – Administração Local;nao;INE S.13 2025;2025
Freguesia de Ameixial;APU;S.131323;Administração Regional e Local – Administração Local;nao;INE S.13 2025;2025
Freguesia de Amendoeira;APU;S.131323;Administração Regional e Local – Administração Local;nao;INE S.13 2025;2025
Freguesia de Amiais de Baixo;APU;S.131323;Administração Regional e Local – Administração Local;nao;INE S.13 2025;2025
Freguesia de Amieira;APU;S.131323;Administração Regional e Local – Administração Local;nao;INE S.13 2025;2025
Freguesia de Amonde;APU;S.131323;Administração Regional e Local – Administração Local;nao;INE S.13 2025;2025
Freguesia de Amor;APU;S.131323;Administração Regional e Local – Administração Local;nao;INE S.13 2025;2025
Freguesia de Amora;APU;S.131323;Administração Regional e Local – Administração Local;nao;INE S.13 2025;2025
Freguesia de Amoreira;APU;S.131323;Administração Regional e Local – Administração Local;nao;INE S.13 2025;2025
Freguesia de Amorim;APU;S.131323;Administração Regional e Local – Administração Local;nao;INE S.13 2025;2025
Freguesia de Amêndoa;APU;S.131323;Administração Regional e Local – Administração Local;nao;INE S.13 2025;2025
Freguesia de Anais;APU;S.131323;Administração Regional e Local – Administração Local;nao;INE S.13 2025;2025
Freguesia de Andrães;APU;S.131323;Administração Regional e Local – Administração Local;nao;INE S.13 2025;2025
Freguesia de Anelhe;APU;S.131323;Administração Regional e Local – Administração Local;nao;INE S.13 2025;2025
Freguesia de Angeja;APU;S.131323;Administração Regional e Local – Administração Local;nao;INE S.13 2025;2025
Freguesia de Angra (Nossa Senhora da Conceição);APU;S.131323;Administração Regional e Local – Administração Local;nao;INE S.13 2025;2025
Freguesia de Angra (Santa Luzia);APU;S.131323;Administração Regional e Local – Administração Local;nao;INE S.13 2025;2025
Freguesia de Angra (São Pedro);APU;S.131323;Administração Regional e Local – Administração Local;nao;INE S.13 2025;2025
Freguesia de Angra (Sé);APU;S.131323;Administração Regional e Local – Administração Local;nao;INE S.13 2025;2025
Freguesia de Anha;APU;S.131323;Administração Regional e Local – Administração Local;nao;INE S.13 2025;2025
Freguesia de Anobra;APU;S.131323;Administração Regional e Local – Administração Local;nao;INE S.13 2025;2025
Freguesia de Ansiães;APU;S.131323;Administração Regional e Local – Administração Local;nao;INE S.13 2025;2025
Freguesia de Ansião;APU;S.131323;Administração Regional e Local – Administração Local;nao;INE S.13 2025;2025
Freguesia de Anta;APU;S.131323;Administração Regional e Local – Administração Local;nao;INE S.13 2025;2025
Freguesia de Antas;APU;S.131323;Administração Regional e Local – Administração Local;nao;INE S.13 2025;2025
Freguesia de Antes;APU;S.131323;Administração Regional e Local – Administração Local;nao;INE S.13 2025;2025
Freguesia de Ançã;APU;S.131323;Administração Regional e Local – Administração Local;nao;INE S.13 2025;2025
Freguesia de Apúlia;APU;S.131323;Administração Regional e Local – Administração Local;nao;INE S.13 2025;2025
Freguesia de Arada;APU;S.131323;Administração Regional e Local – Administração Local;nao;INE S.13 2025;2025
Freguesia de Aradas;APU;S.131323;Administração Regional e Local – Administração Local;nao;INE S.13 2025;2025
Freguesia de Aranhas;APU;S.131323;Administração Regional e Local – Administração Local;nao;INE S.13 2025;2025
Freguesia de Arazede;APU;S.131323;Administração Regional e Local – Administração Local;nao;INE S.13 2025;2025
Freguesia de Arca e Ponte de Lima;APU;S.131323;Administração Regional e Local – Administração Local;nao;INE S.13 2025;2025
Freguesia de Arcas;APU;S.131323;Administração Regional e Local – Administração Local;nao;INE S.13 2025;2025
Freguesia de Arco da Calheta;APU;S.131323;Administração Regional e Local – Administração Local;nao;INE S.13 2025;2025
Freguesia de Arco de São Jorge;APU;S.131323;Administração Regional e Local – Administração Local;nao;INE S.13 2025;2025
Freguesia de Arcos;APU;S.131323;Administração Regional e Local – Administração Local;nao;INE S.13 2025;2025
Freguesia de Arcozelo;APU;S.131323;Administração Regional e Local – Administração Local;nao;INE S.13 2025;2025
Freguesia de Arcozelo das Maias;APU;S.131323;Administração Regional e Local – Administração Local;nao;INE S.13 2025;2025
Freguesia de Arcozelos;APU;S.131323;Administração Regional e Local – Administração Local;nao;INE S.13 2025;2025
Freguesia de Ardegão, Freixo e Mato;APU;S.131323;Administração Regional e Local – Administração Local;nao;INE S.13 2025;2025
Freguesia de Ardãos e Bobadela;APU;S.131323;Administração Regional e Local – Administração Local;nao;INE S.13 2025;2025
Freguesia de Areeiro;APU;S.131323;Administração Regional e Local – Administração Local;nao;INE S.13 2025;2025
Freguesia de Arega;APU;S.131323;Administração Regional e Local – Administração Local;nao;INE S.13 2025;2025
Freguesia de Areias;APU;S.131323;Administração Regional e Local – Administração Local;nao;INE S.13 2025;2025
Freguesia de Areosa;APU;S.131323;Administração Regional e Local – Administração Local;nao;INE S.13 2025;2025
Freguesia de Arganil;APU;S.131323;Administração Regional e Local – Administração Local;nao;INE S.13 2025;2025
Freguesia de Argela;APU;S.131323;Administração Regional e Local – Administração Local;nao;INE S.13 2025;2025
Freguesia de Argivai;APU;S.131323;Administração Regional e Local – Administração Local;nao;INE S.13 2025;2025
Freguesia de Argoncilhe;APU;S.131323;Administração Regional e Local – Administração Local;nao;INE S.13 2025;2025
Freguesia de Argozelo;APU;S.131323;Administração Regional e Local – Administração Local;nao;INE S.13 2025;2025
Freguesia de Armamar;APU;S.131323;Administração Regional e Local – Administração Local;nao;INE S.13 2025;2025
Freguesia de Armação de Pêra;APU;S.131323;Administração Regional e Local – Administração Local;nao;INE S.13 2025;2025
Freguesia de Armil;APU;S.131323;Administração Regional e Local – Administração Local;nao;INE S.13 2025;2025
Freguesia de Arnas;APU;S.131323;Administração Regional e Local – Administração Local;nao;INE S.13 2025;2025
Freguesia de Arneiro das Milhariças;APU;S.131323;Administração Regional e Local – Administração Local;nao;INE S.13 2025;2025
Freguesia de Arnóia;APU;S.131323;Administração Regional e Local – Administração Local;nao;INE S.13 2025;2025
Freguesia de Arrabal;APU;S.131323;Administração Regional e Local – Administração Local;nao;INE S.13 2025;2025
Freguesia de Arraiolos;APU;S.131323;Administração Regional e Local – Administração Local;nao;INE S.13 2025;2025
Freguesia de Arranhó;APU;S.131323;Administração Regional e Local – Administração Local;nao;INE S.13 2025;2025
Freguesia de Arreigada;APU;S.131323;Administração Regional e Local – Administração Local;nao;INE S.13 2025;2025
Freguesia de Arrentela;APU;S.131323;Administração Regional e Local – Administração Local;nao;INE S.13 2025;2025
Freguesia de Arrifana;APU;S.131323;Administração Regional e Local – Administração Local;nao;INE S.13 2025;2025
Freguesia de Arrifes;APU;S.131323;Administração Regional e Local – Administração Local;nao;INE S.13 2025;2025
Freguesia de Arroios;APU;S.131323;Administração Regional e Local – Administração Local;nao;INE S.13 2025;2025
Freguesia de Arrouquelas;APU;S.131323;Administração Regional e Local – Administração Local;nao;INE S.13 2025;2025
Freguesia de Arruda dos Vinhos;APU;S.131323;Administração Regional e Local – Administração Local;nao;INE S.13 2025;2025
Freguesia de Arões;APU;S.131323;Administração Regional e Local – Administração Local;nao;INE S.13 2025;2025
Freguesia de Arões (Santa Cristina);APU;S.131323;Administração Regional e Local – Administração Local;nao;INE S.13 2025;2025
Freguesia de Arões (São Romão);APU;S.131323;Administração Regional e Local – Administração Local;nao;INE S.13 2025;2025
Freguesia de Asseiceira;APU;S.131323;Administração Regional e Local – Administração Local;nao;INE S.13 2025;2025
Freguesia de Assentiz;APU;S.131323;Administração Regional e Local – Administração Local;nao;INE S.13 2025;2025
Freguesia de Assumar;APU;S.131323;Administração Regional e Local – Administração Local;nao;INE S.13 2025;2025
Freguesia de Assunção;APU;S.131323;Administração Regional e Local – Administração Local;nao;INE S.13 2025;2025
Freguesia de Assunção, Ajuda, Salvador e Santo Ildefonso;APU;S.131323;Administração Regional e Local – Administração Local;nao;INE S.13 2025;2025
Freguesia de Astromil;APU;S.131323;Administração Regional e Local – Administração Local;nao;INE S.13 2025;2025
Freguesia de Atalaia;APU;S.131323;Administração Regional e Local – Administração Local;nao;INE S.13 2025;2025
Freguesia de Atei;APU;S.131323;Administração Regional e Local – Administração Local;nao;INE S.13 2025;2025
Freguesia de Atiães;APU;S.131323;Administração Regional e Local – Administração Local;nao;INE S.13 2025;2025
Freguesia de Atouguia;APU;S.131323;Administração Regional e Local – Administração Local;nao;INE S.13 2025;2025
Freguesia de Atouguia da Baleia;APU;S.131323;Administração Regional e Local – Administração Local;nao;INE S.13 2025;2025
Freguesia de Avanca;APU;S.131323;Administração Regional e Local – Administração Local;nao;INE S.13 2025;2025
Freguesia de Aveiras de Baixo;APU;S.131323;Administração Regional e Local – Administração Local;nao;INE S.13 2025;2025
Freguesia de Aveiras de Cima;APU;S.131323;Administração Regional e Local – Administração Local;nao;INE S.13 2025;2025
Freguesia de Avelal;APU;S.131323;Administração Regional e Local – Administração Local;nao;INE S.13 2025;2025
Freguesia de Avelar;APU;S.131323;Administração Regional e Local – Administração Local;nao;INE S.13 2025;2025
Freguesia de Aveleda;APU;S.131323;Administração Regional e Local – Administração Local;nao;INE S.13 2025;2025
Freguesia de Aveloso;APU;S.131323;Administração Regional e Local – Administração Local;nao;INE S.13 2025;2025
Freguesia de Avelãs da Ribeira;APU;S.131323;Administração Regional e Local – Administração Local;nao;INE S.13 2025;2025
Freguesia de Avelãs de Caminho;APU;S.131323;Administração Regional e Local – Administração Local;nao;INE S.13 2025;2025
Freguesia de Avelãs de Cima;APU;S.131323;Administração Regional e Local – Administração Local;nao;INE S.13 2025;2025
Freguesia de Avenidas Novas;APU;S.131323;Administração Regional e Local – Administração Local;nao;INE S.13 2025;2025
Freguesia de Aver-o-Mar;APU;S.131323;Administração Regional e Local – Administração Local;nao;INE S.13 2025;2025
Freguesia de Aves;APU;S.131323;Administração Regional e Local – Administração Local;nao;INE S.13 2025;2025
Freguesia de Avessadas e Rosém;APU;S.131323;Administração Regional e Local – Administração Local;nao;INE S.13 2025;2025
Freguesia de Avidos;APU;S.131323;Administração Regional e Local – Administração Local;nao;INE S.13 2025;2025
Freguesia de Avintes;APU;S.131323;Administração Regional e Local – Administração Local;nao;INE S.13 2025;2025
Freguesia de Avis;APU;S.131323;Administração Regional e Local – Administração Local;nao;INE S.13 2025;2025
Freguesia de Avô;APU;S.131323;Administração Regional e Local – Administração Local;nao;INE S.13 2025;2025
Freguesia de Avões;APU;S.131323;Administração Regional e Local – Administração Local;nao;INE S.13 2025;2025
Freguesia de Azambuja;APU;S.131323;Administração Regional e Local – Administração Local;nao;INE S.13 2025;2025
Freguesia de Azias;APU;S.131323;Administração Regional e Local – Administração Local;nao;INE S.13 2025;2025
Freguesia de Azinhaga;APU;S.131323;Administração Regional e Local – Administração Local;nao;INE S.13 2025;2025
Freguesia de Azinhal;APU;S.131323;Administração Regional e Local – Administração Local;nao;INE S.13 2025;2025
Freguesia de Azinheira dos Barros e São Mamede do Sádão;APU;S.131323;Administração Regional e Local – Administração Local;nao;INE S.13 2025;2025
Freguesia de Azinhoso;APU;S.131323;Administração Regional e Local – Administração Local;nao;INE S.13 2025;2025
Freguesia de Azurara;APU;S.131323;Administração Regional e Local – Administração Local;nao;INE S.13 2025;2025
Freguesia de Azurém;APU;S.131323;Administração Regional e Local – Administração Local;nao;INE S.13 2025;2025
Freguesia de Açoreira;APU;S.131323;Administração Regional e Local – Administração Local;nao;INE S.13 2025;2025
Freguesia de Babe;APU;S.131323;Administração Regional e Local – Administração Local;nao;INE S.13 2025;2025
Freguesia de Baguim do Monte (Rio Tinto);APU;S.131323;Administração Regional e Local – Administração Local;nao;INE S.13 2025;2025
Freguesia de Bairro;APU;S.131323;Administração Regional e Local – Administração Local;nao;INE S.13 2025;2025
Freguesia de Bairros;APU;S.131323;Administração Regional e Local – Administração Local;nao;INE S.13 2025;2025
Freguesia de Bajouca;APU;S.131323;Administração Regional e Local – Administração Local;nao;INE S.13 2025;2025
Freguesia de Balança;APU;S.131323;Administração Regional e Local – Administração Local;nao;INE S.13 2025;2025
Freguesia de Balazar;APU;S.131323;Administração Regional e Local – Administração Local;nao;INE S.13 2025;2025
Freguesia de Baldos;APU;S.131323;Administração Regional e Local – Administração Local;nao;INE S.13 2025;2025
Freguesia de Baleizão;APU;S.131323;Administração Regional e Local – Administração Local;nao;INE S.13 2025;2025
Freguesia de Baltar;APU;S.131323;Administração Regional e Local – Administração Local;nao;INE S.13 2025;2025
Freguesia de Balugães;APU;S.131323;Administração Regional e Local – Administração Local;nao;INE S.13 2025;2025
Freguesia de Bandeiras;APU;S.131323;Administração Regional e Local – Administração Local;nao;INE S.13 2025;2025
Freguesia de Banho e Carvalhosa;APU;S.131323;Administração Regional e Local – Administração Local;nao;INE S.13 2025;2025
Freguesia de Baraçal;APU;S.131323;Administração Regional e Local – Administração Local;nao;INE S.13 2025;2025
Freguesia de Barbeita;APU;S.131323;Administração Regional e Local – Administração Local;nao;INE S.13 2025;2025
Freguesia de Barcarena;APU;S.131323;Administração Regional e Local – Administração Local;nao;INE S.13 2025;2025
Freguesia de Barcelinhos;APU;S.131323;Administração Regional e Local – Administração Local;nao;INE S.13 2025;2025
Freguesia de Barcelos;APU;S.131323;Administração Regional e Local – Administração Local;nao;INE S.13 2025;2025
Freguesia de Barco;APU;S.131323;Administração Regional e Local – Administração Local;nao;INE S.13 2025;2025
Freguesia de Barcouço;APU;S.131323;Administração Regional e Local – Administração Local;nao;INE S.13 2025;2025
Freguesia de Barqueiros;APU;S.131323;Administração Regional e Local – Administração Local;nao;INE S.13 2025;2025
Freguesia de Barrancos;APU;S.131323;Administração Regional e Local – Administração Local;nao;INE S.13 2025;2025
Freguesia de Barreira;APU;S.131323;Administração Regional e Local – Administração Local;nao;INE S.13 2025;2025
Freguesia de Barreiro de Besteiros;APU;S.131323;Administração Regional e Local – Administração Local;nao;INE S.13 2025;2025
Freguesia de Barreiros;APU;S.131323;Administração Regional e Local – Administração Local;nao;INE S.13 2025;2025
Freguesia de Barroca;APU;S.131323;Administração Regional e Local – Administração Local;nao;INE S.13 2025;2025
Freguesia de Barrosa;APU;S.131323;Administração Regional e Local – Administração Local;nao;INE S.13 2025;2025
Freguesia de Barrosas (Santo Estêvão);APU;S.131323;Administração Regional e Local – Administração Local;nao;INE S.13 2025;2025
Freguesia de Barroselas;APU;S.131323;Administração Regional e Local – Administração Local;nao;INE S.13 2025;2025
Freguesia de Barroças e Taias;APU;S.131323;Administração Regional e Local – Administração Local;nao;INE S.13 2025;2025
Freguesia de Barrô;APU;S.131323;Administração Regional e Local – Administração Local;nao;INE S.13 2025;2025
Freguesia de Barão de São João;APU;S.131323;Administração Regional e Local – Administração Local;nao;INE S.13 2025;2025
Freguesia de Barão de São Miguel;APU;S.131323;Administração Regional e Local – Administração Local;nao;INE S.13 2025;2025
Freguesia de Basto;APU;S.131323;Administração Regional e Local – Administração Local;nao;INE S.13 2025;2025
Freguesia de Basto (São Clemente);APU;S.131323;Administração Regional e Local – Administração Local;nao;INE S.13 2025;2025
Freguesia de Batalha;APU;S.131323;Administração Regional e Local – Administração Local;nao;INE S.13 2025;2025
Freguesia de Baçal;APU;S.131323;Administração Regional e Local – Administração Local;nao;INE S.13 2025;2025
Freguesia de Beato;APU;S.131323;Administração Regional e Local – Administração Local;nao;INE S.13 2025;2025
Freguesia de Beco;APU;S.131323;Administração Regional e Local – Administração Local;nao;INE S.13 2025;2025
Freguesia de Beduído;APU;S.131323;Administração Regional e Local – Administração Local;nao;INE S.13 2025;2025
Freguesia de Beijós;APU;S.131323;Administração Regional e Local – Administração Local;nao;INE S.13 2025;2025
Freguesia de Beiral do Lima;APU;S.131323;Administração Regional e Local – Administração Local;nao;INE S.13 2025;2025
Freguesia de Beire;APU;S.131323;Administração Regional e Local – Administração Local;nao;INE S.13 2025;2025
Freguesia de Beiriz;APU;S.131323;Administração Regional e Local – Administração Local;nao;INE S.13 2025;2025
Freguesia de Beirã;APU;S.131323;Administração Regional e Local – Administração Local;nao;INE S.13 2025;2025
Freguesia de Bela;APU;S.131323;Administração Regional e Local – Administração Local;nao;INE S.13 2025;2025
Freguesia de Belas;APU;S.131323;Administração Regional e Local – Administração Local;nao;INE S.13 2025;2025
Freguesia de Belazaima do Chão;APU;S.131323;Administração Regional e Local – Administração Local;nao;INE S.13 2025;2025
Freguesia de Belinho;APU;S.131323;Administração Regional e Local – Administração Local;nao;INE S.13 2025;2025
Freguesia de Belmonte;APU;S.131323;Administração Regional e Local – Administração Local;nao;INE S.13 2025;2025
Freguesia de Belver;APU;S.131323;Administração Regional e Local – Administração Local;nao;INE S.13 2025;2025
Freguesia de Belém;APU;S.131323;Administração Regional e Local – Administração Local;nao;INE S.13 2025;2025
Freguesia de Bem Viver;APU;S.131323;Administração Regional e Local – Administração Local;nao;INE S.13 2025;2025
Freguesia de Bemposta;APU;S.131323;Administração Regional e Local – Administração Local;nao;INE S.13 2025;2025
Freguesia de Benafim;APU;S.131323;Administração Regional e Local – Administração Local;nao;INE S.13 2025;2025
Freguesia de Benavente;APU;S.131323;Administração Regional e Local – Administração Local;nao;INE S.13 2025;2025
Freguesia de Bencatel;APU;S.131323;Administração Regional e Local – Administração Local;nao;INE S.13 2025;2025
Freguesia de Bendada;APU;S.131323;Administração Regional e Local – Administração Local;nao;INE S.13 2025;2025
Freguesia de Benedita;APU;S.131323;Administração Regional e Local – Administração Local;nao;INE S.13 2025;2025
Freguesia de Benespera;APU;S.131323;Administração Regional e Local – Administração Local;nao;INE S.13 2025;2025
Freguesia de Benfeita;APU;S.131323;Administração Regional e Local – Administração Local;nao;INE S.13 2025;2025
Freguesia de Benfica;APU;S.131323;Administração Regional e Local – Administração Local;nao;INE S.13 2025;2025
Freguesia de Benfica do Ribatejo;APU;S.131323;Administração Regional e Local – Administração Local;nao;INE S.13 2025;2025
Freguesia de Benlhevai;APU;S.131323;Administração Regional e Local – Administração Local;nao;INE S.13 2025;2025
Freguesia de Benquerença;APU;S.131323;Administração Regional e Local – Administração Local;nao;INE S.13 2025;2025
Freguesia de Benquerenças;APU;S.131323;Administração Regional e Local – Administração Local;nao;INE S.13 2025;2025
Freguesia de Bensafrim;APU;S.131323;Administração Regional e Local – Administração Local;nao;INE S.13 2025;2025
Freguesia de Beringel;APU;S.131323;Administração Regional e Local – Administração Local;nao;INE S.13 2025;2025
Freguesia de Bertiandos;APU;S.131323;Administração Regional e Local – Administração Local;nao;INE S.13 2025;2025
Freguesia de Beselga;APU;S.131323;Administração Regional e Local – Administração Local;nao;INE S.13 2025;2025
Freguesia de Beça;APU;S.131323;Administração Regional e Local – Administração Local;nao;INE S.13 2025;2025
Freguesia de Bico;APU;S.131323;Administração Regional e Local – Administração Local;nao;INE S.13 2025;2025
Freguesia de Bicos;APU;S.131323;Administração Regional e Local – Administração Local;nao;INE S.13 2025;2025
Freguesia de Bidoeira de Cima;APU;S.131323;Administração Regional e Local – Administração Local;nao;INE S.13 2025;2025
Freguesia de Bilhó;APU;S.131323;Administração Regional e Local – Administração Local;nao;INE S.13 2025;2025
Freguesia de Biscainho;APU;S.131323;Administração Regional e Local – Administração Local;nao;INE S.13 2025;2025
Freguesia de Biscoitos;APU;S.131323;Administração Regional e Local – Administração Local;nao;INE S.13 2025;2025
Freguesia de Bismula;APU;S.131323;Administração Regional e Local – Administração Local;nao;INE S.13 2025;2025
Freguesia de Boa Ventura;APU;S.131323;Administração Regional e Local – Administração Local;nao;INE S.13 2025;2025
Freguesia de Boalhosa;APU;S.131323;Administração Regional e Local – Administração Local;nao;INE S.13 2025;2025
Freguesia de Boavista dos Pinheiros;APU;S.131323;Administração Regional e Local – Administração Local;nao;INE S.13 2025;2025
Freguesia de Bobadela;APU;S.131323;Administração Regional e Local – Administração Local;nao;INE S.13 2025;2025
Freguesia de Bodiosa;APU;S.131323;Administração Regional e Local – Administração Local;nao;INE S.13 2025;2025
Freguesia de Boelhe;APU;S.131323;Administração Regional e Local – Administração Local;nao;INE S.13 2025;2025
Freguesia de Bogas de Cima;APU;S.131323;Administração Regional e Local – Administração Local;nao;INE S.13 2025;2025
Freguesia de Boidobra;APU;S.131323;Administração Regional e Local – Administração Local;nao;INE S.13 2025;2025
Freguesia de Boivães;APU;S.131323;Administração Regional e Local – Administração Local;nao;INE S.13 2025;2025
Freguesia de Boivão;APU;S.131323;Administração Regional e Local – Administração Local;nao;INE S.13 2025;2025
Freguesia de Boliqueime;APU;S.131323;Administração Regional e Local – Administração Local;nao;INE S.13 2025;2025
Freguesia de Bom Sucesso;APU;S.131323;Administração Regional e Local – Administração Local;nao;INE S.13 2025;2025
Freguesia de Bonfim;APU;S.131323;Administração Regional e Local – Administração Local;nao;INE S.13 2025;2025
Freguesia de Borba (Matriz);APU;S.131323;Administração Regional e Local – Administração Local;nao;INE S.13 2025;2025
Freguesia de Borba (São Bartolomeu);APU;S.131323;Administração Regional e Local – Administração Local;nao;INE S.13 2025;2025
Freguesia de Borba de Montanha;APU;S.131323;Administração Regional e Local – Administração Local;nao;INE S.13 2025;2025
Freguesia de Bordeira;APU;S.131323;Administração Regional e Local – Administração Local;nao;INE S.13 2025;2025
Freguesia de Bordonhos;APU;S.131323;Administração Regional e Local – Administração Local;nao;INE S.13 2025;2025
Freguesia de Bornes de Aguiar;APU;S.131323;Administração Regional e Local – Administração Local;nao;INE S.13 2025;2025
Freguesia de Borralha;APU;S.131323;Administração Regional e Local – Administração Local;nao;INE S.13 2025;2025
Freguesia de Boticas e Granja;APU;S.131323;Administração Regional e Local – Administração Local;nao;INE S.13 2025;2025
Freguesia de Bouro (Santa Maria);APU;S.131323;Administração Regional e Local – Administração Local;nao;INE S.13 2025;2025
Freguesia de Bouro (Santa Marta);APU;S.131323;Administração Regional e Local – Administração Local;nao;INE S.13 2025;2025
Freguesia de Bouça;APU;S.131323;Administração Regional e Local – Administração Local;nao;INE S.13 2025;2025
Freguesia de Bouçoães;APU;S.131323;Administração Regional e Local – Administração Local;nao;INE S.13 2025;2025
Freguesia de Braga (São Vicente);APU;S.131323;Administração Regional e Local – Administração Local;nao;INE S.13 2025;2025
Freguesia de Braga (São Vítor);APU;S.131323;Administração Regional e Local – Administração Local;nao;INE S.13 2025;2025
Freguesia de Bragado;APU;S.131323;Administração Regional e Local – Administração Local;nao;INE S.13 2025;2025
Freguesia de Branca;APU;S.131323;Administração Regional e Local – Administração Local;nao;INE S.13 2025;2025
Freguesia de Brandara;APU;S.131323;Administração Regional e Local – Administração Local;nao;INE S.13 2025;2025
Freguesia de Brasfemes;APU;S.131323;Administração Regional e Local – Administração Local;nao;INE S.13 2025;2025
Freguesia de Bravães;APU;S.131323;Administração Regional e Local – Administração Local;nao;INE S.13 2025;2025
Freguesia de Brenha;APU;S.131323;Administração Regional e Local – Administração Local;nao;INE S.13 2025;2025
Freguesia de Brinches;APU;S.131323;Administração Regional e Local – Administração Local;nao;INE S.13 2025;2025
Freguesia de Britelo;APU;S.131323;Administração Regional e Local – Administração Local;nao;INE S.13 2025;2025
Freguesia de Britiande;APU;S.131323;Administração Regional e Local – Administração Local;nao;INE S.13 2025;2025
Freguesia de Brito;APU;S.131323;Administração Regional e Local – Administração Local;nao;INE S.13 2025;2025
Freguesia de Brotas;APU;S.131323;Administração Regional e Local – Administração Local;nao;INE S.13 2025;2025
Freguesia de Brufe;APU;S.131323;Administração Regional e Local – Administração Local;nao;INE S.13 2025;2025
Freguesia de Brunhoso;APU;S.131323;Administração Regional e Local – Administração Local;nao;INE S.13 2025;2025
Freguesia de Bruçó;APU;S.131323;Administração Regional e Local – Administração Local;nao;INE S.13 2025;2025
Freguesia de Buarcos;APU;S.131323;Administração Regional e Local – Administração Local;nao;INE S.13 2025;2025
Freguesia de Bucelas;APU;S.131323;Administração Regional e Local – Administração Local;nao;INE S.13 2025;2025
Freguesia de Bucos;APU;S.131323;Administração Regional e Local – Administração Local;nao;INE S.13 2025;2025
Freguesia de Budens;APU;S.131323;Administração Regional e Local – Administração Local;nao;INE S.13 2025;2025
Freguesia de Bugalhos;APU;S.131323;Administração Regional e Local – Administração Local;nao;INE S.13 2025;2025
Freguesia de Bunheiro;APU;S.131323;Administração Regional e Local – Administração Local;nao;INE S.13 2025;2025
Freguesia de Bustelo;APU;S.131323;Administração Regional e Local – Administração Local;nao;INE S.13 2025;2025
Freguesia de Bárrio;APU;S.131323;Administração Regional e Local – Administração Local;nao;INE S.13 2025;2025
Freguesia de Bárrio e Cepões;APU;S.131323;Administração Regional e Local – Administração Local;nao;INE S.13 2025;2025
Freguesia de Cabana Maior;APU;S.131323;Administração Regional e Local – Administração Local;nao;INE S.13 2025;2025
Freguesia de Cabanas de Tavira;APU;S.131323;Administração Regional e Local – Administração Local;nao;INE S.13 2025;2025
Freguesia de Cabanas de Viriato;APU;S.131323;Administração Regional e Local – Administração Local;nao;INE S.13 2025;2025
Freguesia de Cabanelas;APU;S.131323;Administração Regional e Local – Administração Local;nao;INE S.13 2025;2025
Freguesia de Cabaços;APU;S.131323;Administração Regional e Local – Administração Local;nao;INE S.13 2025;2025
Freguesia de Cabaços e Fojo Lobal;APU;S.131323;Administração Regional e Local – Administração Local;nao;INE S.13 2025;2025
Freguesia de Cabeceiras de Basto;APU;S.131323;Administração Regional e Local – Administração Local;nao;INE S.13 2025;2025
Freguesia de Cabeça Boa;APU;S.131323;Administração Regional e Local – Administração Local;nao;INE S.13 2025;2025
Freguesia de Cabeça Gorda;APU;S.131323;Administração Regional e Local – Administração Local;nao;INE S.13 2025;2025
Freguesia de Cabeça Santa;APU;S.131323;Administração Regional e Local – Administração Local;nao;INE S.13 2025;2025
Freguesia de Cabeço de Vide;APU;S.131323;Administração Regional e Local – Administração Local;nao;INE S.13 2025;2025
Freguesia de Cabeçudo;APU;S.131323;Administração Regional e Local – Administração Local;nao;INE S.13 2025;2025
Freguesia de Cabeçudos;APU;S.131323;Administração Regional e Local – Administração Local;nao;INE S.13 2025;2025
Freguesia de Cabeção;APU;S.131323;Administração Regional e Local – Administração Local;nao;INE S.13 2025;2025
Freguesia de Cabo da Praia;APU;S.131323;Administração Regional e Local – Administração Local;nao;INE S.13 2025;2025
Freguesia de Cabouco;APU;S.131323;Administração Regional e Local – Administração Local;nao;INE S.13 2025;2025
Freguesia de Cabração e Moreira do Lima;APU;S.131323;Administração Regional e Local – Administração Local;nao;INE S.13 2025;2025
Freguesia de Cabreiro;APU;S.131323;Administração Regional e Local – Administração Local;nao;INE S.13 2025;2025
Freguesia de Cabrela;APU;S.131323;Administração Regional e Local – Administração Local;nao;INE S.13 2025;2025
Freguesia de Cabril;APU;S.131323;Administração Regional e Local – Administração Local;nao;INE S.13 2025;2025
Freguesia de Cachopo;APU;S.131323;Administração Regional e Local – Administração Local;nao;INE S.13 2025;2025
Freguesia de Cacia;APU;S.131323;Administração Regional e Local – Administração Local;nao;INE S.13 2025;2025
Freguesia de Cadima;APU;S.131323;Administração Regional e Local – Administração Local;nao;INE S.13 2025;2025
Freguesia de Caia, São Pedro e Alcáçova;APU;S.131323;Administração Regional e Local – Administração Local;nao;INE S.13 2025;2025
Freguesia de Caires;APU;S.131323;Administração Regional e Local – Administração Local;nao;INE S.13 2025;2025
Freguesia de Caldas de São Jorge;APU;S.131323;Administração Regional e Local – Administração Local;nao;INE S.13 2025;2025
Freguesia de Calde;APU;S.131323;Administração Regional e Local – Administração Local;nao;INE S.13 2025;2025
Freguesia de Caldelas;APU;S.131323;Administração Regional e Local – Administração Local;nao;INE S.13 2025;2025
Freguesia de Calheiros;APU;S.131323;Administração Regional e Local – Administração Local;nao;INE S.13 2025;2025
Freguesia de Calheta;APU;S.131323;Administração Regional e Local – Administração Local;nao;INE S.13 2025;2025
Freguesia de Calheta de Nesquim;APU;S.131323;Administração Regional e Local – Administração Local;nao;INE S.13 2025;2025
Freguesia de Calhetas;APU;S.131323;Administração Regional e Local – Administração Local;nao;INE S.13 2025;2025
Freguesia de Calvaria de Cima;APU;S.131323;Administração Regional e Local – Administração Local;nao;INE S.13 2025;2025
Freguesia de Calvelo;APU;S.131323;Administração Regional e Local – Administração Local;nao;INE S.13 2025;2025
Freguesia de Calvos;APU;S.131323;Administração Regional e Local – Administração Local;nao;INE S.13 2025;2025
Freguesia de Calvão;APU;S.131323;Administração Regional e Local – Administração Local;nao;INE S.13 2025;2025
Freguesia de Camacha;APU;S.131323;Administração Regional e Local – Administração Local;nao;INE S.13 2025;2025
Freguesia de Cambas;APU;S.131323;Administração Regional e Local – Administração Local;nao;INE S.13 2025;2025
Freguesia de Cambeses;APU;S.131323;Administração Regional e Local – Administração Local;nao;INE S.13 2025;2025
Freguesia de Cambres;APU;S.131323;Administração Regional e Local – Administração Local;nao;INE S.13 2025;2025
Freguesia de Campanhã;APU;S.131323;Administração Regional e Local – Administração Local;nao;INE S.13 2025;2025
Freguesia de Campanário;APU;S.131323;Administração Regional e Local – Administração Local;nao;INE S.13 2025;2025
Freguesia de Campelo;APU;S.131323;Administração Regional e Local – Administração Local;nao;INE S.13 2025;2025
Freguesia de Campeã;APU;S.131323;Administração Regional e Local – Administração Local;nao;INE S.13 2025;2025
Freguesia de Campia;APU;S.131323;Administração Regional e Local – Administração Local;nao;INE S.13 2025;2025
Freguesia de Campo;APU;S.131323;Administração Regional e Local – Administração Local;nao;INE S.13 2025;2025
Freguesia de Campo de Besteiros;APU;S.131323;Administração Regional e Local – Administração Local;nao;INE S.13 2025;2025
Freguesia de Campo de Ourique;APU;S.131323;Administração Regional e Local – Administração Local;nao;INE S.13 2025;2025
Freguesia de Campo do Gerês;APU;S.131323;Administração Regional e Local – Administração Local;nao;INE S.13 2025;2025
Freguesia de Campolide;APU;S.131323;Administração Regional e Local – Administração Local;nao;INE S.13 2025;2025
Freguesia de Canas de Santa Maria;APU;S.131323;Administração Regional e Local – Administração Local;nao;INE S.13 2025;2025
Freguesia de Canas de Senhorim;APU;S.131323;Administração Regional e Local – Administração Local;nao;INE S.13 2025;2025
Freguesia de Canaveses;APU;S.131323;Administração Regional e Local – Administração Local;nao;INE S.13 2025;2025
Freguesia de Canaviais;APU;S.131323;Administração Regional e Local – Administração Local;nao;INE S.13 2025;2025
Freguesia de Candedo;APU;S.131323;Administração Regional e Local – Administração Local;nao;INE S.13 2025;2025
Freguesia de Candelária;APU;S.131323;Administração Regional e Local – Administração Local;nao;INE S.13 2025;2025
Freguesia de Candemil;APU;S.131323;Administração Regional e Local – Administração Local;nao;INE S.13 2025;2025
Freguesia de Candosa;APU;S.131323;Administração Regional e Local – Administração Local;nao;INE S.13 2025;2025
Freguesia de Candoso (São Martinho);APU;S.131323;Administração Regional e Local – Administração Local;nao;INE S.13 2025;2025
Freguesia de Canedo;APU;S.131323;Administração Regional e Local – Administração Local;nao;INE S.13 2025;2025
Freguesia de Canelas;APU;S.131323;Administração Regional e Local – Administração Local;nao;INE S.13 2025;2025
Freguesia de Canha;APU;S.131323;Administração Regional e Local – Administração Local;nao;INE S.13 2025;2025
Freguesia de Canhas;APU;S.131323;Administração Regional e Local – Administração Local;nao;INE S.13 2025;2025
Freguesia de Canhestros;APU;S.131323;Administração Regional e Local – Administração Local;nao;INE S.13 2025;2025
Freguesia de Canidelo;APU;S.131323;Administração Regional e Local – Administração Local;nao;INE S.13 2025;2025
Freguesia de Caniçal;APU;S.131323;Administração Regional e Local – Administração Local;nao;INE S.13 2025;2025
Freguesia de Caniço;APU;S.131323;Administração Regional e Local – Administração Local;nao;INE S.13 2025;2025
Freguesia de Cano;APU;S.131323;Administração Regional e Local – Administração Local;nao;INE S.13 2025;2025
Freguesia de Cantanhede;APU;S.131323;Administração Regional e Local – Administração Local;nao;INE S.13 2025;2025
Freguesia de Cantar-Galo;APU;S.131323;Administração Regional e Local – Administração Local;nao;INE S.13 2025;2025
Freguesia de Cantelães;APU;S.131323;Administração Regional e Local – Administração Local;nao;INE S.13 2025;2025
Freguesia de Capela;APU;S.131323;Administração Regional e Local – Administração Local;nao;INE S.13 2025;2025
Freguesia de Capelas;APU;S.131323;Administração Regional e Local – Administração Local;nao;INE S.13 2025;2025
Freguesia de Capelins (Santo António);APU;S.131323;Administração Regional e Local – Administração Local;nao;INE S.13 2025;2025
Freguesia de Capelo;APU;S.131323;Administração Regional e Local – Administração Local;nao;INE S.13 2025;2025
Freguesia de Capeludos;APU;S.131323;Administração Regional e Local – Administração Local;nao;INE S.13 2025;2025
Freguesia de Capinha;APU;S.131323;Administração Regional e Local – Administração Local;nao;INE S.13 2025;2025
Freguesia de Caranguejeira;APU;S.131323;Administração Regional e Local – Administração Local;nao;INE S.13 2025;2025
Freguesia de Carapelhos;APU;S.131323;Administração Regional e Local – Administração Local;nao;INE S.13 2025;2025
Freguesia de Carapeços;APU;S.131323;Administração Regional e Local – Administração Local;nao;INE S.13 2025;2025
Freguesia de Carapinha;APU;S.131323;Administração Regional e Local – Administração Local;nao;INE S.13 2025;2025
Freguesia de Carapinheira;APU;S.131323;Administração Regional e Local – Administração Local;nao;INE S.13 2025;2025
Freguesia de Carapito;APU;S.131323;Administração Regional e Local – Administração Local;nao;INE S.13 2025;2025
Freguesia de Caravelas;APU;S.131323;Administração Regional e Local – Administração Local;nao;INE S.13 2025;2025
Freguesia de Cardielos;APU;S.131323;Administração Regional e Local – Administração Local;nao;INE S.13 2025;2025
Freguesia de Cardigos;APU;S.131323;Administração Regional e Local – Administração Local;nao;INE S.13 2025;2025
Freguesia de Cardosas;APU;S.131323;Administração Regional e Local – Administração Local;nao;INE S.13 2025;2025
Freguesia de Caria;APU;S.131323;Administração Regional e Local – Administração Local;nao;INE S.13 2025;2025
Freguesia de Carnide;APU;S.131323;Administração Regional e Local – Administração Local;nao;INE S.13 2025;2025
Freguesia de Carnota;APU;S.131323;Administração Regional e Local – Administração Local;nao;INE S.13 2025;2025
Freguesia de Carragosa;APU;S.131323;Administração Regional e Local – Administração Local;nao;INE S.13 2025;2025
Freguesia de Carrapatas;APU;S.131323;Administração Regional e Local – Administração Local;nao;INE S.13 2025;2025
Freguesia de Carrapichana;APU;S.131323;Administração Regional e Local – Administração Local;nao;INE S.13 2025;2025
Freguesia de Carrazeda de Ansiães;APU;S.131323;Administração Regional e Local – Administração Local;nao;INE S.13 2025;2025
Freguesia de Carrazedo;APU;S.131323;Administração Regional e Local – Administração Local;nao;INE S.13 2025;2025
Freguesia de Carrazedo de Montenegro e Curros;APU;S.131323;Administração Regional e Local – Administração Local;nao;INE S.13 2025;2025
Freguesia de Carregal;APU;S.131323;Administração Regional e Local – Administração Local;nao;INE S.13 2025;2025
Freguesia de Carregal do Sal;APU;S.131323;Administração Regional e Local – Administração Local;nao;INE S.13 2025;2025
Freguesia de Carregosa;APU;S.131323;Administração Regional e Local – Administração Local;nao;INE S.13 2025;2025
Freguesia de Carregueira;APU;S.131323;Administração Regional e Local – Administração Local;nao;INE S.13 2025;2025
Freguesia de Carregueiros;APU;S.131323;Administração Regional e Local – Administração Local;nao;INE S.13 2025;2025
Freguesia de Carreira;APU;S.131323;Administração Regional e Local – Administração Local;nao;INE S.13 2025;2025
Freguesia de Carreço;APU;S.131323;Administração Regional e Local – Administração Local;nao;INE S.13 2025;2025
Freguesia de Carriço;APU;S.131323;Administração Regional e Local – Administração Local;nao;INE S.13 2025;2025
Freguesia de Carvalhais;APU;S.131323;Administração Regional e Local – Administração Local;nao;INE S.13 2025;2025
Freguesia de Carvalhal;APU;S.131323;Administração Regional e Local – Administração Local;nao;INE S.13 2025;2025
Freguesia de Carvalhal Benfeito;APU;S.131323;Administração Regional e Local – Administração Local;nao;INE S.13 2025;2025
Freguesia de Carvalhas;APU;S.131323;Administração Regional e Local – Administração Local;nao;INE S.13 2025;2025
Freguesia de Carvalheira;APU;S.131323;Administração Regional e Local – Administração Local;nao;INE S.13 2025;2025
Freguesia de Carvalho;APU;S.131323;Administração Regional e Local – Administração Local;nao;INE S.13 2025;2025
Freguesia de Carvalhosa;APU;S.131323;Administração Regional e Local – Administração Local;nao;INE S.13 2025;2025
Freguesia de Carviçais;APU;S.131323;Administração Regional e Local – Administração Local;nao;INE S.13 2025;2025
Freguesia de Carvoeira;APU;S.131323;Administração Regional e Local – Administração Local;nao;INE S.13 2025;2025
Freguesia de Carvoeiro;APU;S.131323;Administração Regional e Local – Administração Local;nao;INE S.13 2025;2025
Freguesia de Carção;APU;S.131323;Administração Regional e Local – Administração Local;nao;INE S.13 2025;2025
Freguesia de Casa Branca;APU;S.131323;Administração Regional e Local – Administração Local;nao;INE S.13 2025;2025
Freguesia de Casal Comba;APU;S.131323;Administração Regional e Local – Administração Local;nao;INE S.13 2025;2025
Freguesia de Casal Vasco;APU;S.131323;Administração Regional e Local – Administração Local;nao;INE S.13 2025;2025
Freguesia de Casal de Cambra;APU;S.131323;Administração Regional e Local – Administração Local;nao;INE S.13 2025;2025
Freguesia de Casal de Cinza;APU;S.131323;Administração Regional e Local – Administração Local;nao;INE S.13 2025;2025
Freguesia de Casal dos Bernardos;APU;S.131323;Administração Regional e Local – Administração Local;nao;INE S.13 2025;2025
Freguesia de Casas do Soeiro;APU;S.131323;Administração Regional e Local – Administração Local;nao;INE S.13 2025;2025
Freguesia de Casegas;APU;S.131323;Administração Regional e Local – Administração Local;nao;INE S.13 2025;2025
Freguesia de Castainço;APU;S.131323;Administração Regional e Local – Administração Local;nao;INE S.13 2025;2025
Freguesia de Castanheira;APU;S.131323;Administração Regional e Local – Administração Local;nao;INE S.13 2025;2025
Freguesia de Castanheira do Vouga;APU;S.131323;Administração Regional e Local – Administração Local;nao;INE S.13 2025;2025
Freguesia de Castanheiro do Sul;APU;S.131323;Administração Regional e Local – Administração Local;nao;INE S.13 2025;2025
Freguesia de Castedo;APU;S.131323;Administração Regional e Local – Administração Local;nao;INE S.13 2025;2025
Freguesia de Casteleiro;APU;S.131323;Administração Regional e Local – Administração Local;nao;INE S.13 2025;2025
Freguesia de Castelejo;APU;S.131323;Administração Regional e Local – Administração Local;nao;INE S.13 2025;2025
Freguesia de Castelo;APU;S.131323;Administração Regional e Local – Administração Local;nao;INE S.13 2025;2025
Freguesia de Castelo Bom;APU;S.131323;Administração Regional e Local – Administração Local;nao;INE S.13 2025;2025
Freguesia de Castelo Branco;APU;S.131323;Administração Regional e Local – Administração Local;nao;INE S.13 2025;2025
Freguesia de Castelo Melhor;APU;S.131323;Administração Regional e Local – Administração Local;nao;INE S.13 2025;2025
Freguesia de Castelo Novo;APU;S.131323;Administração Regional e Local – Administração Local;nao;INE S.13 2025;2025
Freguesia de Castelo Rodrigo;APU;S.131323;Administração Regional e Local – Administração Local;nao;INE S.13 2025;2025
Freguesia de Castelo de Penalva;APU;S.131323;Administração Regional e Local – Administração Local;nao;INE S.13 2025;2025
Freguesia de Castelo do Neiva;APU;S.131323;Administração Regional e Local – Administração Local;nao;INE S.13 2025;2025
Freguesia de Castelões;APU;S.131323;Administração Regional e Local – Administração Local;nao;INE S.13 2025;2025
Freguesia de Castro Daire;APU;S.131323;Administração Regional e Local – Administração Local;nao;INE S.13 2025;2025
Freguesia de Castro Marim;APU;S.131323;Administração Regional e Local – Administração Local;nao;INE S.13 2025;2025
Freguesia de Castro Vicente;APU;S.131323;Administração Regional e Local – Administração Local;nao;INE S.13 2025;2025
Freguesia de Castro de Avelãs;APU;S.131323;Administração Regional e Local – Administração Local;nao;INE S.13 2025;2025
Freguesia de Castêlo da Maia;APU;S.131323;Administração Regional e Local – Administração Local;nao;INE S.13 2025;2025
Freguesia de Cativelos;APU;S.131323;Administração Regional e Local – Administração Local;nao;INE S.13 2025;2025
Freguesia de Cavadoude;APU;S.131323;Administração Regional e Local – Administração Local;nao;INE S.13 2025;2025
Freguesia de Cavalões;APU;S.131323;Administração Regional e Local – Administração Local;nao;INE S.13 2025;2025
Freguesia de Caveira;APU;S.131323;Administração Regional e Local – Administração Local;nao;INE S.13 2025;2025
Freguesia de Cavernães;APU;S.131323;Administração Regional e Local – Administração Local;nao;INE S.13 2025;2025
Freguesia de Cavez;APU;S.131323;Administração Regional e Local – Administração Local;nao;INE S.13 2025;2025
Freguesia de Caxarias;APU;S.131323;Administração Regional e Local – Administração Local;nao;INE S.13 2025;2025
Freguesia de Caíde de Rei;APU;S.131323;Administração Regional e Local – Administração Local;nao;INE S.13 2025;2025
Freguesia de Cedovim;APU;S.131323;Administração Regional e Local – Administração Local;nao;INE S.13 2025;2025
Freguesia de Cedrim;APU;S.131323;Administração Regional e Local – Administração Local;nao;INE S.13 2025;2025
Freguesia de Cedros;APU;S.131323;Administração Regional e Local – Administração Local;nao;INE S.13 2025;2025
Freguesia de Cedães;APU;S.131323;Administração Regional e Local – Administração Local;nao;INE S.13 2025;2025
Freguesia de Ceira;APU;S.131323;Administração Regional e Local – Administração Local;nao;INE S.13 2025;2025
Freguesia de Cela;APU;S.131323;Administração Regional e Local – Administração Local;nao;INE S.13 2025;2025
Freguesia de Celas;APU;S.131323;Administração Regional e Local – Administração Local;nao;INE S.13 2025;2025
Freguesia de Celavisa;APU;S.131323;Administração Regional e Local – Administração Local;nao;INE S.13 2025;2025
Freguesia de Celeirós;APU;S.131323;Administração Regional e Local – Administração Local;nao;INE S.13 2025;2025
Freguesia de Cendufe;APU;S.131323;Administração Regional e Local – Administração Local;nao;INE S.13 2025;2025
Freguesia de Cepelos;APU;S.131323;Administração Regional e Local – Administração Local;nao;INE S.13 2025;2025
Freguesia de Cercal;APU;S.131323;Administração Regional e Local – Administração Local;nao;INE S.13 2025;2025
Freguesia de Cercosa;APU;S.131323;Administração Regional e Local – Administração Local;nao;INE S.13 2025;2025
Freguesia de Cerdal;APU;S.131323;Administração Regional e Local – Administração Local;nao;INE S.13 2025;2025
Freguesia de Cerdeira;APU;S.131323;Administração Regional e Local – Administração Local;nao;INE S.13 2025;2025
Freguesia de Cerejais;APU;S.131323;Administração Regional e Local – Administração Local;nao;INE S.13 2025;2025
Freguesia de Cernache;APU;S.131323;Administração Regional e Local – Administração Local;nao;INE S.13 2025;2025
Freguesia de Cervos;APU;S.131323;Administração Regional e Local – Administração Local;nao;INE S.13 2025;2025
Freguesia de Cervães;APU;S.131323;Administração Regional e Local – Administração Local;nao;INE S.13 2025;2025
Freguesia de Cesar;APU;S.131323;Administração Regional e Local – Administração Local;nao;INE S.13 2025;2025
Freguesia de Cete;APU;S.131323;Administração Regional e Local – Administração Local;nao;INE S.13 2025;2025
Freguesia de Chacim;APU;S.131323;Administração Regional e Local – Administração Local;nao;INE S.13 2025;2025
Freguesia de Chafé;APU;S.131323;Administração Regional e Local – Administração Local;nao;INE S.13 2025;2025
Freguesia de Chancelaria;APU;S.131323;Administração Regional e Local – Administração Local;nao;INE S.13 2025;2025
Freguesia de Chave;APU;S.131323;Administração Regional e Local – Administração Local;nao;INE S.13 2025;2025
Freguesia de Chavães;APU;S.131323;Administração Regional e Local – Administração Local;nao;INE S.13 2025;2025
Freguesia de Chosendo;APU;S.131323;Administração Regional e Local – Administração Local;nao;INE S.13 2025;2025
Freguesia de Chã;APU;S.131323;Administração Regional e Local – Administração Local;nao;INE S.13 2025;2025
Freguesia de Chão de Couce;APU;S.131323;Administração Regional e Local – Administração Local;nao;INE S.13 2025;2025
Freguesia de Chãos;APU;S.131323;Administração Regional e Local – Administração Local;nao;INE S.13 2025;2025
Freguesia de Chãs;APU;S.131323;Administração Regional e Local – Administração Local;nao;INE S.13 2025;2025
Freguesia de Ciborro;APU;S.131323;Administração Regional e Local – Administração Local;nao;INE S.13 2025;2025
Freguesia de Cidade da Maia;APU;S.131323;Administração Regional e Local – Administração Local;nao;INE S.13 2025;2025
Freguesia de Cidadelhe;APU;S.131323;Administração Regional e Local – Administração Local;nao;INE S.13 2025;2025
Freguesia de Ciladas;APU;S.131323;Administração Regional e Local – Administração Local;nao;INE S.13 2025;2025
Freguesia de Cimbres;APU;S.131323;Administração Regional e Local – Administração Local;nao;INE S.13 2025;2025
Freguesia de Cimo de Vila da Castanheira;APU;S.131323;Administração Regional e Local – Administração Local;nao;INE S.13 2025;2025
Freguesia de Cinco Ribeiras;APU;S.131323;Administração Regional e Local – Administração Local;nao;INE S.13 2025;2025
Freguesia de Cinfães;APU;S.131323;Administração Regional e Local – Administração Local;nao;INE S.13 2025;2025
Freguesia de Cobro;APU;S.131323;Administração Regional e Local – Administração Local;nao;INE S.13 2025;2025
Freguesia de Codesseiro;APU;S.131323;Administração Regional e Local – Administração Local;nao;INE S.13 2025;2025
Freguesia de Codessos;APU;S.131323;Administração Regional e Local – Administração Local;nao;INE S.13 2025;2025
Freguesia de Codessoso, Curros e Fiães do Tâmega;APU;S.131323;Administração Regional e Local – Administração Local;nao;INE S.13 2025;2025
Freguesia de Codeçoso;APU;S.131323;Administração Regional e Local – Administração Local;nao;INE S.13 2025;2025
Freguesia de Coelhoso;APU;S.131323;Administração Regional e Local – Administração Local;nao;INE S.13 2025;2025
Freguesia de Cogula;APU;S.131323;Administração Regional e Local – Administração Local;nao;INE S.13 2025;2025
Freguesia de Coimbrão;APU;S.131323;Administração Regional e Local – Administração Local;nao;INE S.13 2025;2025
Freguesia de Colares;APU;S.131323;Administração Regional e Local – Administração Local;nao;INE S.13 2025;2025
Freguesia de Colmeal da Torre;APU;S.131323;Administração Regional e Local – Administração Local;nao;INE S.13 2025;2025
Freguesia de Colos;APU;S.131323;Administração Regional e Local – Administração Local;nao;INE S.13 2025;2025
Freguesia de Comenda;APU;S.131323;Administração Regional e Local – Administração Local;nao;INE S.13 2025;2025
Freguesia de Comporta;APU;S.131323;Administração Regional e Local – Administração Local;nao;INE S.13 2025;2025
Freguesia de Conceição;APU;S.131323;Administração Regional e Local – Administração Local;nao;INE S.13 2025;2025
Freguesia de Conde;APU;S.131323;Administração Regional e Local – Administração Local;nao;INE S.13 2025;2025
Freguesia de Constance;APU;S.131323;Administração Regional e Local – Administração Local;nao;INE S.13 2025;2025
Freguesia de Constância;APU;S.131323;Administração Regional e Local – Administração Local;nao;INE S.13 2025;2025
Freguesia de Cordinhã;APU;S.131323;Administração Regional e Local – Administração Local;nao;INE S.13 2025;2025
Freguesia de Coriscada;APU;S.131323;Administração Regional e Local – Administração Local;nao;INE S.13 2025;2025
Freguesia de Cornes;APU;S.131323;Administração Regional e Local – Administração Local;nao;INE S.13 2025;2025
Freguesia de Correlhã;APU;S.131323;Administração Regional e Local – Administração Local;nao;INE S.13 2025;2025
Freguesia de Corroios;APU;S.131323;Administração Regional e Local – Administração Local;nao;INE S.13 2025;2025
Freguesia de Corte do Pinto;APU;S.131323;Administração Regional e Local – Administração Local;nao;INE S.13 2025;2025
Freguesia de Cortegaça;APU;S.131323;Administração Regional e Local – Administração Local;nao;INE S.13 2025;2025
Freguesia de Cortes do Meio;APU;S.131323;Administração Regional e Local – Administração Local;nao;INE S.13 2025;2025
Freguesia de Cortiçada;APU;S.131323;Administração Regional e Local – Administração Local;nao;INE S.13 2025;2025
Freguesia de Cortiçadas de Lavre;APU;S.131323;Administração Regional e Local – Administração Local;nao;INE S.13 2025;2025
Freguesia de Cortiços;APU;S.131323;Administração Regional e Local – Administração Local;nao;INE S.13 2025;2025
Freguesia de Coruche;APU;S.131323;Administração Regional e Local – Administração Local;nao;INE S.13 2025;2025
Freguesia de Corujas;APU;S.131323;Administração Regional e Local – Administração Local;nao;INE S.13 2025;2025
Freguesia de Corval;APU;S.131323;Administração Regional e Local – Administração Local;nao;INE S.13 2025;2025
Freguesia de Corvite;APU;S.131323;Administração Regional e Local – Administração Local;nao;INE S.13 2025;2025
Freguesia de Cossourado;APU;S.131323;Administração Regional e Local – Administração Local;nao;INE S.13 2025;2025
Freguesia de Costa;APU;S.131323;Administração Regional e Local – Administração Local;nao;INE S.13 2025;2025
Freguesia de Costa da Caparica;APU;S.131323;Administração Regional e Local – Administração Local;nao;INE S.13 2025;2025
Freguesia de Cota;APU;S.131323;Administração Regional e Local – Administração Local;nao;INE S.13 2025;2025
Freguesia de Coucieiro;APU;S.131323;Administração Regional e Local – Administração Local;nao;INE S.13 2025;2025
Freguesia de Coura;APU;S.131323;Administração Regional e Local – Administração Local;nao;INE S.13 2025;2025
Freguesia de Cousso;APU;S.131323;Administração Regional e Local – Administração Local;nao;INE S.13 2025;2025
Freguesia de Coutada;APU;S.131323;Administração Regional e Local – Administração Local;nao;INE S.13 2025;2025
Freguesia de Couto;APU;S.131323;Administração Regional e Local – Administração Local;nao;INE S.13 2025;2025
Freguesia de Couto de Esteves;APU;S.131323;Administração Regional e Local – Administração Local;nao;INE S.13 2025;2025
Freguesia de Coutos de Viseu;APU;S.131323;Administração Regional e Local – Administração Local;nao;INE S.13 2025;2025
Freguesia de Couço;APU;S.131323;Administração Regional e Local – Administração Local;nao;INE S.13 2025;2025
Freguesia de Covas;APU;S.131323;Administração Regional e Local – Administração Local;nao;INE S.13 2025;2025
Freguesia de Covas do Barroso;APU;S.131323;Administração Regional e Local – Administração Local;nao;INE S.13 2025;2025
Freguesia de Covas do Douro;APU;S.131323;Administração Regional e Local – Administração Local;nao;INE S.13 2025;2025
Freguesia de Covelas;APU;S.131323;Administração Regional e Local – Administração Local;nao;INE S.13 2025;2025
Freguesia de Covelo do Gerês;APU;S.131323;Administração Regional e Local – Administração Local;nao;INE S.13 2025;2025
Freguesia de Covide;APU;S.131323;Administração Regional e Local – Administração Local;nao;INE S.13 2025;2025
Freguesia de Covoada;APU;S.131323;Administração Regional e Local – Administração Local;nao;INE S.13 2025;2025
Freguesia de Covão do Lobo;APU;S.131323;Administração Regional e Local – Administração Local;nao;INE S.13 2025;2025
Freguesia de Creixomil;APU;S.131323;Administração Regional e Local – Administração Local;nao;INE S.13 2025;2025
Freguesia de Crestuma;APU;S.131323;Administração Regional e Local – Administração Local;nao;INE S.13 2025;2025
Freguesia de Criação Velha;APU;S.131323;Administração Regional e Local – Administração Local;nao;INE S.13 2025;2025
Freguesia de Cristelo;APU;S.131323;Administração Regional e Local – Administração Local;nao;INE S.13 2025;2025
Freguesia de Cristoval;APU;S.131323;Administração Regional e Local – Administração Local;nao;INE S.13 2025;2025
Freguesia de Croca;APU;S.131323;Administração Regional e Local – Administração Local;nao;INE S.13 2025;2025
Freguesia de Cruz;APU;S.131323;Administração Regional e Local – Administração Local;nao;INE S.13 2025;2025
Freguesia de Cuba;APU;S.131323;Administração Regional e Local – Administração Local;nao;INE S.13 2025;2025
Freguesia de Cuide de Vila Verde;APU;S.131323;Administração Regional e Local – Administração Local;nao;INE S.13 2025;2025
Freguesia de Cujó;APU;S.131323;Administração Regional e Local – Administração Local;nao;INE S.13 2025;2025
Freguesia de Cumeeira;APU;S.131323;Administração Regional e Local – Administração Local;nao;INE S.13 2025;2025
Freguesia de Cumieira;APU;S.131323;Administração Regional e Local – Administração Local;nao;INE S.13 2025;2025
Freguesia de Cunha;APU;S.131323;Administração Regional e Local – Administração Local;nao;INE S.13 2025;2025
Freguesia de Cunha Baixa;APU;S.131323;Administração Regional e Local – Administração Local;nao;INE S.13 2025;2025
Freguesia de Cunheira;APU;S.131323;Administração Regional e Local – Administração Local;nao;INE S.13 2025;2025
Freguesia de Curalha;APU;S.131323;Administração Regional e Local – Administração Local;nao;INE S.13 2025;2025
Freguesia de Curral das Freiras;APU;S.131323;Administração Regional e Local – Administração Local;nao;INE S.13 2025;2025
Freguesia de Curvos;APU;S.131323;Administração Regional e Local – Administração Local;nao;INE S.13 2025;2025
Freguesia de Custóias;APU;S.131323;Administração Regional e Local – Administração Local;nao;INE S.13 2025;2025
Freguesia de Cárquere;APU;S.131323;Administração Regional e Local – Administração Local;nao;INE S.13 2025;2025
Freguesia de Câmara de Lobos;APU;S.131323;Administração Regional e Local – Administração Local;nao;INE S.13 2025;2025
Freguesia de Cótimos;APU;S.131323;Administração Regional e Local – Administração Local;nao;INE S.13 2025;2025
Freguesia de Dardavaz;APU;S.131323;Administração Regional e Local – Administração Local;nao;INE S.13 2025;2025
Freguesia de Darque;APU;S.131323;Administração Regional e Local – Administração Local;nao;INE S.13 2025;2025
Freguesia de Delães;APU;S.131323;Administração Regional e Local – Administração Local;nao;INE S.13 2025;2025
Freguesia de Dem;APU;S.131323;Administração Regional e Local – Administração Local;nao;INE S.13 2025;2025
Freguesia de Desejosa;APU;S.131323;Administração Regional e Local – Administração Local;nao;INE S.13 2025;2025
Freguesia de Dois Portos;APU;S.131323;Administração Regional e Local – Administração Local;nao;INE S.13 2025;2025
Freguesia de Dominguizo;APU;S.131323;Administração Regional e Local – Administração Local;nao;INE S.13 2025;2025
Freguesia de Donai;APU;S.131323;Administração Regional e Local – Administração Local;nao;INE S.13 2025;2025
Freguesia de Dornelas;APU;S.131323;Administração Regional e Local – Administração Local;nao;INE S.13 2025;2025
Freguesia de Dornelas do Zêzere;APU;S.131323;Administração Regional e Local – Administração Local;nao;INE S.13 2025;2025
Freguesia de Dossãos;APU;S.131323;Administração Regional e Local – Administração Local;nao;INE S.13 2025;2025
Freguesia de Doze Ribeiras;APU;S.131323;Administração Regional e Local – Administração Local;nao;INE S.13 2025;2025
Freguesia de Duas Igrejas;APU;S.131323;Administração Regional e Local – Administração Local;nao;INE S.13 2025;2025
Freguesia de Dálvares;APU;S.131323;Administração Regional e Local – Administração Local;nao;INE S.13 2025;2025
Freguesia de Edral;APU;S.131323;Administração Regional e Local – Administração Local;nao;INE S.13 2025;2025
Freguesia de Edrosa;APU;S.131323;Administração Regional e Local – Administração Local;nao;INE S.13 2025;2025
Freguesia de Ega;APU;S.131323;Administração Regional e Local – Administração Local;nao;INE S.13 2025;2025
Freguesia de Eira Vedra;APU;S.131323;Administração Regional e Local – Administração Local;nao;INE S.13 2025;2025
Freguesia de Eirado;APU;S.131323;Administração Regional e Local – Administração Local;nao;INE S.13 2025;2025
Freguesia de Eiriz;APU;S.131323;Administração Regional e Local – Administração Local;nao;INE S.13 2025;2025
Freguesia de Eixo e Eirol;APU;S.131323;Administração Regional e Local – Administração Local;nao;INE S.13 2025;2025
Freguesia de Eja;APU;S.131323;Administração Regional e Local – Administração Local;nao;INE S.13 2025;2025
Freguesia de Encarnação;APU;S.131323;Administração Regional e Local – Administração Local;nao;INE S.13 2025;2025
Freguesia de Encosta do Sol;APU;S.131323;Administração Regional e Local – Administração Local;nao;INE S.13 2025;2025
Freguesia de Entradas;APU;S.131323;Administração Regional e Local – Administração Local;nao;INE S.13 2025;2025
Freguesia de Envendos;APU;S.131323;Administração Regional e Local – Administração Local;nao;INE S.13 2025;2025
Freguesia de Enxames;APU;S.131323;Administração Regional e Local – Administração Local;nao;INE S.13 2025;2025
Freguesia de Erada;APU;S.131323;Administração Regional e Local – Administração Local;nao;INE S.13 2025;2025
Freguesia de Ereira;APU;S.131323;Administração Regional e Local – Administração Local;nao;INE S.13 2025;2025
Freguesia de Ericeira;APU;S.131323;Administração Regional e Local – Administração Local;nao;INE S.13 2025;2025
Freguesia de Ermesinde;APU;S.131323;Administração Regional e Local – Administração Local;nao;INE S.13 2025;2025
Freguesia de Ermidas-Sado;APU;S.131323;Administração Regional e Local – Administração Local;nao;INE S.13 2025;2025
Freguesia de Erra;APU;S.131323;Administração Regional e Local – Administração Local;nao;INE S.13 2025;2025
Freguesia de Ervedal;APU;S.131323;Administração Regional e Local – Administração Local;nao;INE S.13 2025;2025
Freguesia de Ervededo;APU;S.131323;Administração Regional e Local – Administração Local;nao;INE S.13 2025;2025
Freguesia de Ervedosa;APU;S.131323;Administração Regional e Local – Administração Local;nao;INE S.13 2025;2025
Freguesia de Ervedosa do Douro;APU;S.131323;Administração Regional e Local – Administração Local;nao;INE S.13 2025;2025
Freguesia de Ervidel;APU;S.131323;Administração Regional e Local – Administração Local;nao;INE S.13 2025;2025
Freguesia de Ervões;APU;S.131323;Administração Regional e Local – Administração Local;nao;INE S.13 2025;2025
Freguesia de Escalhão;APU;S.131323;Administração Regional e Local – Administração Local;nao;INE S.13 2025;2025
Freguesia de Escalos de Baixo;APU;S.131323;Administração Regional e Local – Administração Local;nao;INE S.13 2025;2025
Freguesia de Escalos de Cima;APU;S.131323;Administração Regional e Local – Administração Local;nao;INE S.13 2025;2025
Freguesia de Escapães;APU;S.131323;Administração Regional e Local – Administração Local;nao;INE S.13 2025;2025
Freguesia de Escariz;APU;S.131323;Administração Regional e Local – Administração Local;nao;INE S.13 2025;2025
Freguesia de Esgueira;APU;S.131323;Administração Regional e Local – Administração Local;nao;INE S.13 2025;2025
Freguesia de Esmeriz;APU;S.131323;Administração Regional e Local – Administração Local;nao;INE S.13 2025;2025
Freguesia de Esmolfe;APU;S.131323;Administração Regional e Local – Administração Local;nao;INE S.13 2025;2025
Freguesia de Esmoriz;APU;S.131323;Administração Regional e Local – Administração Local;nao;INE S.13 2025;2025
Freguesia de Espadanedo;APU;S.131323;Administração Regional e Local – Administração Local;nao;INE S.13 2025;2025
Freguesia de Esperança;APU;S.131323;Administração Regional e Local – Administração Local;nao;INE S.13 2025;2025
Freguesia de Espinhal;APU;S.131323;Administração Regional e Local – Administração Local;nao;INE S.13 2025;2025
Freguesia de Espinho;APU;S.131323;Administração Regional e Local – Administração Local;nao;INE S.13 2025;2025
Freguesia de Espinhosela;APU;S.131323;Administração Regional e Local – Administração Local;nao;INE S.13 2025;2025
Freguesia de Espite;APU;S.131323;Administração Regional e Local – Administração Local;nao;INE S.13 2025;2025
Freguesia de Esporões;APU;S.131323;Administração Regional e Local – Administração Local;nao;INE S.13 2025;2025
Freguesia de Esposende;APU;S.131323;Administração Regional e Local – Administração Local;nao;INE S.13 2025;2025
Freguesia de Espírito Santo;APU;S.131323;Administração Regional e Local – Administração Local;nao;INE S.13 2025;2025
Freguesia de Estela;APU;S.131323;Administração Regional e Local – Administração Local;nao;INE S.13 2025;2025
Freguesia de Estoi;APU;S.131323;Administração Regional e Local – Administração Local;nao;INE S.13 2025;2025
Freguesia de Estorãos;APU;S.131323;Administração Regional e Local – Administração Local;nao;INE S.13 2025;2025
Freguesia de Estreito da Calheta;APU;S.131323;Administração Regional e Local – Administração Local;nao;INE S.13 2025;2025
Freguesia de Estreito de Câmara de Lobos;APU;S.131323;Administração Regional e Local – Administração Local;nao;INE S.13 2025;2025
Freguesia de Estreito-Vilar Barroco;APU;S.131323;Administração Regional e Local – Administração Local;nao;INE S.13 2025;2025
Freguesia de Estrela;APU;S.131323;Administração Regional e Local – Administração Local;nao;INE S.13 2025;2025
Freguesia de Facha;APU;S.131323;Administração Regional e Local – Administração Local;nao;INE S.13 2025;2025
Freguesia de Fafe;APU;S.131323;Administração Regional e Local – Administração Local;nao;INE S.13 2025;2025
Freguesia de Faia;APU;S.131323;Administração Regional e Local – Administração Local;nao;INE S.13 2025;2025
Freguesia de Faial;APU;S.131323;Administração Regional e Local – Administração Local;nao;INE S.13 2025;2025
Freguesia de Faial da Terra;APU;S.131323;Administração Regional e Local – Administração Local;nao;INE S.13 2025;2025
Freguesia de Fail e Vila Chã de Sá;APU;S.131323;Administração Regional e Local – Administração Local;nao;INE S.13 2025;2025
Freguesia de Faiões;APU;S.131323;Administração Regional e Local – Administração Local;nao;INE S.13 2025;2025
Freguesia de Fajarda;APU;S.131323;Administração Regional e Local – Administração Local;nao;INE S.13 2025;2025
Freguesia de Fajozes;APU;S.131323;Administração Regional e Local – Administração Local;nao;INE S.13 2025;2025
Freguesia de Fajã Grande;APU;S.131323;Administração Regional e Local – Administração Local;nao;INE S.13 2025;2025
Freguesia de Fajã da Ovelha;APU;S.131323;Administração Regional e Local – Administração Local;nao;INE S.13 2025;2025
Freguesia de Fajã de Baixo;APU;S.131323;Administração Regional e Local – Administração Local;nao;INE S.13 2025;2025
Freguesia de Fajã de Cima;APU;S.131323;Administração Regional e Local – Administração Local;nao;INE S.13 2025;2025
Freguesia de Fajão-Vidual;APU;S.131323;Administração Regional e Local – Administração Local;nao;INE S.13 2025;2025
Freguesia de Fajãzinha;APU;S.131323;Administração Regional e Local – Administração Local;nao;INE S.13 2025;2025
Freguesia de Fajões;APU;S.131323;Administração Regional e Local – Administração Local;nao;INE S.13 2025;2025
Freguesia de Falagueira-Venda Nova;APU;S.131323;Administração Regional e Local – Administração Local;nao;INE S.13 2025;2025
Freguesia de Famalicão;APU;S.131323;Administração Regional e Local – Administração Local;nao;INE S.13 2025;2025
Freguesia de Fanhões;APU;S.131323;Administração Regional e Local – Administração Local;nao;INE S.13 2025;2025
Freguesia de Faro do Alentejo;APU;S.131323;Administração Regional e Local – Administração Local;nao;INE S.13 2025;2025
Freguesia de Fatela;APU;S.131323;Administração Regional e Local – Administração Local;nao;INE S.13 2025;2025
Freguesia de Favaios;APU;S.131323;Administração Regional e Local – Administração Local;nao;INE S.13 2025;2025
Freguesia de Fazenda;APU;S.131323;Administração Regional e Local – Administração Local;nao;INE S.13 2025;2025
Freguesia de Fazendas de Almeirim;APU;S.131323;Administração Regional e Local – Administração Local;nao;INE S.13 2025;2025
Freguesia de Febres;APU;S.131323;Administração Regional e Local – Administração Local;nao;INE S.13 2025;2025
Freguesia de Feitosa;APU;S.131323;Administração Regional e Local – Administração Local;nao;INE S.13 2025;2025
Freguesia de Fenais da Ajuda;APU;S.131323;Administração Regional e Local – Administração Local;nao;INE S.13 2025;2025
Freguesia de Fenais da Luz;APU;S.131323;Administração Regional e Local – Administração Local;nao;INE S.13 2025;2025
Freguesia de Fermedo;APU;S.131323;Administração Regional e Local – Administração Local;nao;INE S.13 2025;2025
Freguesia de Fermentelos;APU;S.131323;Administração Regional e Local – Administração Local;nao;INE S.13 2025;2025
Freguesia de Fermentões;APU;S.131323;Administração Regional e Local – Administração Local;nao;INE S.13 2025;2025
Freguesia de Fernão Ferro;APU;S.131323;Administração Regional e Local – Administração Local;nao;INE S.13 2025;2025
Freguesia de Fernão Joanes;APU;S.131323;Administração Regional e Local – Administração Local;nao;INE S.13 2025;2025
Freguesia de Ferragudo;APU;S.131323;Administração Regional e Local – Administração Local;nao;INE S.13 2025;2025
Freguesia de Ferral;APU;S.131323;Administração Regional e Local – Administração Local;nao;INE S.13 2025;2025
Freguesia de Ferreira;APU;S.131323;Administração Regional e Local – Administração Local;nao;INE S.13 2025;2025
Freguesia de Ferreira de Aves;APU;S.131323;Administração Regional e Local – Administração Local;nao;INE S.13 2025;2025
Freguesia de Ferreira do Alentejo;APU;S.131323;Administração Regional e Local – Administração Local;nao;INE S.13 2025;2025
Freguesia de Ferreira do Zêzere;APU;S.131323;Administração Regional e Local – Administração Local;nao;INE S.13 2025;2025
Freguesia de Ferreira-a-Nova;APU;S.131323;Administração Regional e Local – Administração Local;nao;INE S.13 2025;2025
Freguesia de Ferreiras;APU;S.131323;Administração Regional e Local – Administração Local;nao;INE S.13 2025;2025
Freguesia de Ferreirim;APU;S.131323;Administração Regional e Local – Administração Local;nao;INE S.13 2025;2025
Freguesia de Ferreiros;APU;S.131323;Administração Regional e Local – Administração Local;nao;INE S.13 2025;2025
Freguesia de Ferreiros de Avões;APU;S.131323;Administração Regional e Local – Administração Local;nao;INE S.13 2025;2025
Freguesia de Ferreiros de Tendais;APU;S.131323;Administração Regional e Local – Administração Local;nao;INE S.13 2025;2025
Freguesia de Ferreirós do Dão;APU;S.131323;Administração Regional e Local – Administração Local;nao;INE S.13 2025;2025
Freguesia de Ferrel;APU;S.131323;Administração Regional e Local – Administração Local;nao;INE S.13 2025;2025
Freguesia de Ferro;APU;S.131323;Administração Regional e Local – Administração Local;nao;INE S.13 2025;2025
Freguesia de Fervença;APU;S.131323;Administração Regional e Local – Administração Local;nao;INE S.13 2025;2025
Freguesia de Feteira;APU;S.131323;Administração Regional e Local – Administração Local;nao;INE S.13 2025;2025
Freguesia de Feteiras;APU;S.131323;Administração Regional e Local – Administração Local;nao;INE S.13 2025;2025
Freguesia de Figueira;APU;S.131323;Administração Regional e Local – Administração Local;nao;INE S.13 2025;2025
Freguesia de Figueira de Castelo Rodrigo;APU;S.131323;Administração Regional e Local – Administração Local;nao;INE S.13 2025;2025
Freguesia de Figueira de Lorvão;APU;S.131323;Administração Regional e Local – Administração Local;nao;INE S.13 2025;2025
Freguesia de Figueira dos Cavaleiros;APU;S.131323;Administração Regional e Local – Administração Local;nao;INE S.13 2025;2025
Freguesia de Figueira e Barros;APU;S.131323;Administração Regional e Local – Administração Local;nao;INE S.13 2025;2025
Freguesia de Figueiredo;APU;S.131323;Administração Regional e Local – Administração Local;nao;INE S.13 2025;2025
Freguesia de Figueiredo de Alva;APU;S.131323;Administração Regional e Local – Administração Local;nao;INE S.13 2025;2025
Freguesia de Figueiró;APU;S.131323;Administração Regional e Local – Administração Local;nao;INE S.13 2025;2025
Freguesia de Figueiró da Granja;APU;S.131323;Administração Regional e Local – Administração Local;nao;INE S.13 2025;2025
Freguesia de Figueiró do Campo;APU;S.131323;Administração Regional e Local – Administração Local;nao;INE S.13 2025;2025
Freguesia de Fiolhoso;APU;S.131323;Administração Regional e Local – Administração Local;nao;INE S.13 2025;2025
Freguesia de Fiscal;APU;S.131323;Administração Regional e Local – Administração Local;nao;INE S.13 2025;2025
Freguesia de Fiães;APU;S.131323;Administração Regional e Local – Administração Local;nao;INE S.13 2025;2025
Freguesia de Flamengos;APU;S.131323;Administração Regional e Local – Administração Local;nao;INE S.13 2025;2025
Freguesia de Folgosa;APU;S.131323;Administração Regional e Local – Administração Local;nao;INE S.13 2025;2025
Freguesia de Folgosinho;APU;S.131323;Administração Regional e Local – Administração Local;nao;INE S.13 2025;2025
Freguesia de Folhadela;APU;S.131323;Administração Regional e Local – Administração Local;nao;INE S.13 2025;2025
Freguesia de Folques;APU;S.131323;Administração Regional e Local – Administração Local;nao;INE S.13 2025;2025
Freguesia de Fonte Arcada;APU;S.131323;Administração Regional e Local – Administração Local;nao;INE S.13 2025;2025
Freguesia de Fonte Longa;APU;S.131323;Administração Regional e Local – Administração Local;nao;INE S.13 2025;2025
Freguesia de Fonte de Angeão;APU;S.131323;Administração Regional e Local – Administração Local;nao;INE S.13 2025;2025
Freguesia de Fonte do Bastardo;APU;S.131323;Administração Regional e Local – Administração Local;nao;INE S.13 2025;2025
Freguesia de Fontelas;APU;S.131323;Administração Regional e Local – Administração Local;nao;INE S.13 2025;2025
Freguesia de Fontelo;APU;S.131323;Administração Regional e Local – Administração Local;nao;INE S.13 2025;2025
Freguesia de Fontes;APU;S.131323;Administração Regional e Local – Administração Local;nao;INE S.13 2025;2025
Freguesia de Fontinhas;APU;S.131323;Administração Regional e Local – Administração Local;nao;INE S.13 2025;2025
Freguesia de Fontoura;APU;S.131323;Administração Regional e Local – Administração Local;nao;INE S.13 2025;2025
Freguesia de Fontão;APU;S.131323;Administração Regional e Local – Administração Local;nao;INE S.13 2025;2025
Freguesia de Forjães;APU;S.131323;Administração Regional e Local – Administração Local;nao;INE S.13 2025;2025
Freguesia de Fornelo;APU;S.131323;Administração Regional e Local – Administração Local;nao;INE S.13 2025;2025
Freguesia de Fornelo do Monte;APU;S.131323;Administração Regional e Local – Administração Local;nao;INE S.13 2025;2025
Freguesia de Fornelos;APU;S.131323;Administração Regional e Local – Administração Local;nao;INE S.13 2025;2025
Freguesia de Fornelos e Queijada;APU;S.131323;Administração Regional e Local – Administração Local;nao;INE S.13 2025;2025
Freguesia de Forninhos;APU;S.131323;Administração Regional e Local – Administração Local;nao;INE S.13 2025;2025
Freguesia de Forno Telheiro;APU;S.131323;Administração Regional e Local – Administração Local;nao;INE S.13 2025;2025
Freguesia de Fornos;APU;S.131323;Administração Regional e Local – Administração Local;nao;INE S.13 2025;2025
Freguesia de Fornos de Algodres;APU;S.131323;Administração Regional e Local – Administração Local;nao;INE S.13 2025;2025
Freguesia de Fornos de Maceira Dão;APU;S.131323;Administração Regional e Local – Administração Local;nao;INE S.13 2025;2025
Freguesia de Fornos do Pinhal;APU;S.131323;Administração Regional e Local – Administração Local;nao;INE S.13 2025;2025
Freguesia de Foros de Arrão;APU;S.131323;Administração Regional e Local – Administração Local;nao;INE S.13 2025;2025
Freguesia de Foros de Salvaterra;APU;S.131323;Administração Regional e Local – Administração Local;nao;INE S.13 2025;2025
Freguesia de Foros de Vale de Figueira;APU;S.131323;Administração Regional e Local – Administração Local;nao;INE S.13 2025;2025
Freguesia de Fortios;APU;S.131323;Administração Regional e Local – Administração Local;nao;INE S.13 2025;2025
Freguesia de Foz do Arelho;APU;S.131323;Administração Regional e Local – Administração Local;nao;INE S.13 2025;2025
Freguesia de Fradelos;APU;S.131323;Administração Regional e Local – Administração Local;nao;INE S.13 2025;2025
Freguesia de Fradizela;APU;S.131323;Administração Regional e Local – Administração Local;nao;INE S.13 2025;2025
Freguesia de Fragosela;APU;S.131323;Administração Regional e Local – Administração Local;nao;INE S.13 2025;2025
Freguesia de Fragoso;APU;S.131323;Administração Regional e Local – Administração Local;nao;INE S.13 2025;2025
Freguesia de França;APU;S.131323;Administração Regional e Local – Administração Local;nao;INE S.13 2025;2025
Freguesia de Fratel;APU;S.131323;Administração Regional e Local – Administração Local;nao;INE S.13 2025;2025
Freguesia de Frazão;APU;S.131323;Administração Regional e Local – Administração Local;nao;INE S.13 2025;2025
Freguesia de Freamunde;APU;S.131323;Administração Regional e Local – Administração Local;nao;INE S.13 2025;2025
Freguesia de Frechas;APU;S.131323;Administração Regional e Local – Administração Local;nao;INE S.13 2025;2025
Freguesia de Fregim;APU;S.131323;Administração Regional e Local – Administração Local;nao;INE S.13 2025;2025
Freguesia de Freineda;APU;S.131323;Administração Regional e Local – Administração Local;nao;INE S.13 2025;2025
Freguesia de Freiria;APU;S.131323;Administração Regional e Local – Administração Local;nao;INE S.13 2025;2025
Freguesia de Freiriz;APU;S.131323;Administração Regional e Local – Administração Local;nao;INE S.13 2025;2025
Freguesia de Freixedas;APU;S.131323;Administração Regional e Local – Administração Local;nao;INE S.13 2025;2025
Freguesia de Freixieiro de Soutelo;APU;S.131323;Administração Regional e Local – Administração Local;nao;INE S.13 2025;2025
Freguesia de Freixiel;APU;S.131323;Administração Regional e Local – Administração Local;nao;INE S.13 2025;2025
Freguesia de Freixiosa;APU;S.131323;Administração Regional e Local – Administração Local;nao;INE S.13 2025;2025
Freguesia de Freixo;APU;S.131323;Administração Regional e Local – Administração Local;nao;INE S.13 2025;2025
Freguesia de Freixo de Numão;APU;S.131323;Administração Regional e Local – Administração Local;nao;INE S.13 2025;2025
Freguesia de Frende;APU;S.131323;Administração Regional e Local – Administração Local;nao;INE S.13 2025;2025
Freguesia de Friande;APU;S.131323;Administração Regional e Local – Administração Local;nao;INE S.13 2025;2025
Freguesia de Friastelas;APU;S.131323;Administração Regional e Local – Administração Local;nao;INE S.13 2025;2025
Freguesia de Fridão;APU;S.131323;Administração Regional e Local – Administração Local;nao;INE S.13 2025;2025
Freguesia de Friestas;APU;S.131323;Administração Regional e Local – Administração Local;nao;INE S.13 2025;2025
Freguesia de Friões;APU;S.131323;Administração Regional e Local – Administração Local;nao;INE S.13 2025;2025
Freguesia de Fronteira;APU;S.131323;Administração Regional e Local – Administração Local;nao;INE S.13 2025;2025
Freguesia de Fráguas;APU;S.131323;Administração Regional e Local – Administração Local;nao;INE S.13 2025;2025
Freguesia de Funchal (Santa Luzia);APU;S.131323;Administração Regional e Local – Administração Local;nao;INE S.13 2025;2025
Freguesia de Funchal (Santa Maria Maior);APU;S.131323;Administração Regional e Local – Administração Local;nao;INE S.13 2025;2025
Freguesia de Funchal (São Pedro);APU;S.131323;Administração Regional e Local – Administração Local;nao;INE S.13 2025;2025
Freguesia de Funchal (Sé);APU;S.131323;Administração Regional e Local – Administração Local;nao;INE S.13 2025;2025
Freguesia de Fundada;APU;S.131323;Administração Regional e Local – Administração Local;nao;INE S.13 2025;2025
Freguesia de Furadouro;APU;S.131323;Administração Regional e Local – Administração Local;nao;INE S.13 2025;2025
Freguesia de Furnas;APU;S.131323;Administração Regional e Local – Administração Local;nao;INE S.13 2025;2025
Freguesia de Fuseta;APU;S.131323;Administração Regional e Local – Administração Local;nao;INE S.13 2025;2025
Freguesia de Fátima;APU;S.131323;Administração Regional e Local – Administração Local;nao;INE S.13 2025;2025
Freguesia de Fão;APU;S.131323;Administração Regional e Local – Administração Local;nao;INE S.13 2025;2025
Freguesia de Fóios;APU;S.131323;Administração Regional e Local – Administração Local;nao;INE S.13 2025;2025
Freguesia de Gaeiras;APU;S.131323;Administração Regional e Local – Administração Local;nao;INE S.13 2025;2025
Freguesia de Gafanha da Boa Hora;APU;S.131323;Administração Regional e Local – Administração Local;nao;INE S.13 2025;2025
Freguesia de Gafanha da Encarnação;APU;S.131323;Administração Regional e Local – Administração Local;nao;INE S.13 2025;2025
Freguesia de Gafanha da Nazaré;APU;S.131323;Administração Regional e Local – Administração Local;nao;INE S.13 2025;2025
Freguesia de Gafanha do Carmo;APU;S.131323;Administração Regional e Local – Administração Local;nao;INE S.13 2025;2025
Freguesia de Gafanhoeira (São Pedro);APU;S.131323;Administração Regional e Local – Administração Local;nao;INE S.13 2025;2025
Freguesia de Gaifar;APU;S.131323;Administração Regional e Local – Administração Local;nao;INE S.13 2025;2025
Freguesia de Galegos;APU;S.131323;Administração Regional e Local – Administração Local;nao;INE S.13 2025;2025
Freguesia de Galegos (Santa Maria);APU;S.131323;Administração Regional e Local – Administração Local;nao;INE S.13 2025;2025
Freguesia de Galegos (São Martinho);APU;S.131323;Administração Regional e Local – Administração Local;nao;INE S.13 2025;2025
Freguesia de Galveias;APU;S.131323;Administração Regional e Local – Administração Local;nao;INE S.13 2025;2025
Freguesia de Gandarela;APU;S.131323;Administração Regional e Local – Administração Local;nao;INE S.13 2025;2025
Freguesia de Gandra;APU;S.131323;Administração Regional e Local – Administração Local;nao;INE S.13 2025;2025
Freguesia de Ganfei;APU;S.131323;Administração Regional e Local – Administração Local;nao;INE S.13 2025;2025
Freguesia de Gançaria;APU;S.131323;Administração Regional e Local – Administração Local;nao;INE S.13 2025;2025
Freguesia de Garfe;APU;S.131323;Administração Regional e Local – Administração Local;nao;INE S.13 2025;2025
Freguesia de Garvão;APU;S.131323;Administração Regional e Local – Administração Local;nao;INE S.13 2025;2025
Freguesia de Gaula;APU;S.131323;Administração Regional e Local – Administração Local;nao;INE S.13 2025;2025
Freguesia de Gave;APU;S.131323;Administração Regional e Local – Administração Local;nao;INE S.13 2025;2025
Freguesia de Gavieira;APU;S.131323;Administração Regional e Local – Administração Local;nao;INE S.13 2025;2025
Freguesia de Gavião;APU;S.131323;Administração Regional e Local – Administração Local;nao;INE S.13 2025;2025
Freguesia de Gemeses;APU;S.131323;Administração Regional e Local – Administração Local;nao;INE S.13 2025;2025
Freguesia de Gemieira;APU;S.131323;Administração Regional e Local – Administração Local;nao;INE S.13 2025;2025
Freguesia de Genísio;APU;S.131323;Administração Regional e Local – Administração Local;nao;INE S.13 2025;2025
Freguesia de Geraz do Minho;APU;S.131323;Administração Regional e Local – Administração Local;nao;INE S.13 2025;2025
Freguesia de Germil;APU;S.131323;Administração Regional e Local – Administração Local;nao;INE S.13 2025;2025
Freguesia de Gestaçô;APU;S.131323;Administração Regional e Local – Administração Local;nao;INE S.13 2025;2025
Freguesia de Gilmonde;APU;S.131323;Administração Regional e Local – Administração Local;nao;INE S.13 2025;2025
Freguesia de Gimonde;APU;S.131323;Administração Regional e Local – Administração Local;nao;INE S.13 2025;2025
Freguesia de Ginetes;APU;S.131323;Administração Regional e Local – Administração Local;nao;INE S.13 2025;2025
Freguesia de Girabolhos;APU;S.131323;Administração Regional e Local – Administração Local;nao;INE S.13 2025;2025
Freguesia de Gião;APU;S.131323;Administração Regional e Local – Administração Local;nao;INE S.13 2025;2025
Freguesia de Giões;APU;S.131323;Administração Regional e Local – Administração Local;nao;INE S.13 2025;2025
Freguesia de Glória;APU;S.131323;Administração Regional e Local – Administração Local;nao;INE S.13 2025;2025
Freguesia de Glória do Ribatejo;APU;S.131323;Administração Regional e Local – Administração Local;nao;INE S.13 2025;2025
Freguesia de Golegã;APU;S.131323;Administração Regional e Local – Administração Local;nao;INE S.13 2025;2025
Freguesia de Golpilheira;APU;S.131323;Administração Regional e Local – Administração Local;nao;INE S.13 2025;2025
Freguesia de Golães;APU;S.131323;Administração Regional e Local – Administração Local;nao;INE S.13 2025;2025
Freguesia de Gomes Aires;APU;S.131323;Administração Regional e Local – Administração Local;nao;INE S.13 2025;2025
Freguesia de Gondar;APU;S.131323;Administração Regional e Local – Administração Local;nao;INE S.13 2025;2025
Freguesia de Gondarém;APU;S.131323;Administração Regional e Local – Administração Local;nao;INE S.13 2025;2025
Freguesia de Gondemaria;APU;S.131323;Administração Regional e Local – Administração Local;nao;INE S.13 2025;2025
Freguesia de Gondesende;APU;S.131323;Administração Regional e Local – Administração Local;nao;INE S.13 2025;2025
Freguesia de Gondifelos;APU;S.131323;Administração Regional e Local – Administração Local;nao;INE S.13 2025;2025
Freguesia de Gondoriz;APU;S.131323;Administração Regional e Local – Administração Local;nao;INE S.13 2025;2025
Freguesia de Gondufe;APU;S.131323;Administração Regional e Local – Administração Local;nao;INE S.13 2025;2025
Freguesia de Gonça;APU;S.131323;Administração Regional e Local – Administração Local;nao;INE S.13 2025;2025
Freguesia de Gonçalo;APU;S.131323;Administração Regional e Local – Administração Local;nao;INE S.13 2025;2025
Freguesia de Gonçalo Bocas;APU;S.131323;Administração Regional e Local – Administração Local;nao;INE S.13 2025;2025
Freguesia de Gosende;APU;S.131323;Administração Regional e Local – Administração Local;nao;INE S.13 2025;2025
Freguesia de Gostei;APU;S.131323;Administração Regional e Local – Administração Local;nao;INE S.13 2025;2025
Freguesia de Gouveia;APU;S.131323;Administração Regional e Local – Administração Local;nao;INE S.13 2025;2025
Freguesia de Gouveia (São Simão);APU;S.131323;Administração Regional e Local – Administração Local;nao;INE S.13 2025;2025
Freguesia de Gouvinhas;APU;S.131323;Administração Regional e Local – Administração Local;nao;INE S.13 2025;2025
Freguesia de Gouviães;APU;S.131323;Administração Regional e Local – Administração Local;nao;INE S.13 2025;2025
Freguesia de Gove;APU;S.131323;Administração Regional e Local – Administração Local;nao;INE S.13 2025;2025
Freguesia de Goães;APU;S.131323;Administração Regional e Local – Administração Local;nao;INE S.13 2025;2025
Freguesia de Gralhas;APU;S.131323;Administração Regional e Local – Administração Local;nao;INE S.13 2025;2025
Freguesia de Granho;APU;S.131323;Administração Regional e Local – Administração Local;nao;INE S.13 2025;2025
Freguesia de Granja;APU;S.131323;Administração Regional e Local – Administração Local;nao;INE S.13 2025;2025
Freguesia de Granja do Tedo;APU;S.131323;Administração Regional e Local – Administração Local;nao;INE S.13 2025;2025
Freguesia de Granja do Ulmeiro;APU;S.131323;Administração Regional e Local – Administração Local;nao;INE S.13 2025;2025
Freguesia de Granjal;APU;S.131323;Administração Regional e Local – Administração Local;nao;INE S.13 2025;2025
Freguesia de Graça;APU;S.131323;Administração Regional e Local – Administração Local;nao;INE S.13 2025;2025
Freguesia de Grijó;APU;S.131323;Administração Regional e Local – Administração Local;nao;INE S.13 2025;2025
Freguesia de Grijó de Parada;APU;S.131323;Administração Regional e Local – Administração Local;nao;INE S.13 2025;2025
Freguesia de Grilo;APU;S.131323;Administração Regional e Local – Administração Local;nao;INE S.13 2025;2025
Freguesia de Guadalupe;APU;S.131323;Administração Regional e Local – Administração Local;nao;INE S.13 2025;2025
Freguesia de Gualtar;APU;S.131323;Administração Regional e Local – Administração Local;nao;INE S.13 2025;2025
Freguesia de Guarda;APU;S.131323;Administração Regional e Local – Administração Local;nao;INE S.13 2025;2025
Freguesia de Guardizela;APU;S.131323;Administração Regional e Local – Administração Local;nao;INE S.13 2025;2025
Freguesia de Guardão;APU;S.131323;Administração Regional e Local – Administração Local;nao;INE S.13 2025;2025
Freguesia de Guetim;APU;S.131323;Administração Regional e Local – Administração Local;nao;INE S.13 2025;2025
Freguesia de Guia;APU;S.131323;Administração Regional e Local – Administração Local;nao;INE S.13 2025;2025
Freguesia de Guidões;APU;S.131323;Administração Regional e Local – Administração Local;nao;INE S.13 2025;2025
Freguesia de Guifões;APU;S.131323;Administração Regional e Local – Administração Local;nao;INE S.13 2025;2025
Freguesia de Guilhabreu;APU;S.131323;Administração Regional e Local – Administração Local;nao;INE S.13 2025;2025
Freguesia de Guilheiro;APU;S.131323;Administração Regional e Local – Administração Local;nao;INE S.13 2025;2025
Freguesia de Guilhofrei;APU;S.131323;Administração Regional e Local – Administração Local;nao;INE S.13 2025;2025
Freguesia de Guilhufe e Urrô;APU;S.131323;Administração Regional e Local – Administração Local;nao;INE S.13 2025;2025
Freguesia de Guisande;APU;S.131323;Administração Regional e Local – Administração Local;nao;INE S.13 2025;2025
Freguesia de Guiães;APU;S.131323;Administração Regional e Local – Administração Local;nao;INE S.13 2025;2025
Freguesia de Gulpilhares;APU;S.131323;Administração Regional e Local – Administração Local;nao;INE S.13 2025;2025
Freguesia de Gáfete;APU;S.131323;Administração Regional e Local – Administração Local;nao;INE S.13 2025;2025
Freguesia de Gâmbia-Pontes-Alto da Guerra;APU;S.131323;Administração Regional e Local – Administração Local;nao;INE S.13 2025;2025
Freguesia de Gândaras;APU;S.131323;Administração Regional e Local – Administração Local;nao;INE S.13 2025;2025
Freguesia de Gême;APU;S.131323;Administração Regional e Local – Administração Local;nao;INE S.13 2025;2025
Freguesia de Góis;APU;S.131323;Administração Regional e Local – Administração Local;nao;INE S.13 2025;2025
Freguesia de Horta;APU;S.131323;Administração Regional e Local – Administração Local;nao;INE S.13 2025;2025
Freguesia de Horta (Angústias);APU;S.131323;Administração Regional e Local – Administração Local;nao;INE S.13 2025;2025
Freguesia de Horta (Conceição);APU;S.131323;Administração Regional e Local – Administração Local;nao;INE S.13 2025;2025
Freguesia de Horta (Matriz);APU;S.131323;Administração Regional e Local – Administração Local;nao;INE S.13 2025;2025
Freguesia de Horta da Vilariça;APU;S.131323;Administração Regional e Local – Administração Local;nao;INE S.13 2025;2025
Freguesia de Idães;APU;S.131323;Administração Regional e Local – Administração Local;nao;INE S.13 2025;2025
Freguesia de Igreja Nova do Sobral;APU;S.131323;Administração Regional e Local – Administração Local;nao;INE S.13 2025;2025
Freguesia de Igrejinha;APU;S.131323;Administração Regional e Local – Administração Local;nao;INE S.13 2025;2025
Freguesia de Ilha;APU;S.131323;Administração Regional e Local – Administração Local;nao;INE S.13 2025;2025
Freguesia de Imaculado Coração de Maria;APU;S.131323;Administração Regional e Local – Administração Local;nao;INE S.13 2025;2025
Freguesia de Infantas;APU;S.131323;Administração Regional e Local – Administração Local;nao;INE S.13 2025;2025
Freguesia de Infesta;APU;S.131323;Administração Regional e Local – Administração Local;nao;INE S.13 2025;2025
Freguesia de Infias;APU;S.131323;Administração Regional e Local – Administração Local;nao;INE S.13 2025;2025
Freguesia de Inguias;APU;S.131323;Administração Regional e Local – Administração Local;nao;INE S.13 2025;2025
Freguesia de Irivo;APU;S.131323;Administração Regional e Local – Administração Local;nao;INE S.13 2025;2025
Freguesia de Isna;APU;S.131323;Administração Regional e Local – Administração Local;nao;INE S.13 2025;2025
Freguesia de Janeiro de Baixo;APU;S.131323;Administração Regional e Local – Administração Local;nao;INE S.13 2025;2025
Freguesia de Jardim da Serra;APU;S.131323;Administração Regional e Local – Administração Local;nao;INE S.13 2025;2025
Freguesia de Jardim do Mar;APU;S.131323;Administração Regional e Local – Administração Local;nao;INE S.13 2025;2025
Freguesia de Jarmelo São Miguel;APU;S.131323;Administração Regional e Local – Administração Local;nao;INE S.13 2025;2025
Freguesia de Jarmelo São Pedro;APU;S.131323;Administração Regional e Local – Administração Local;nao;INE S.13 2025;2025
Freguesia de Jazente;APU;S.131323;Administração Regional e Local – Administração Local;nao;INE S.13 2025;2025
Freguesia de Joane;APU;S.131323;Administração Regional e Local – Administração Local;nao;INE S.13 2025;2025
Freguesia de Jolda (São Paio);APU;S.131323;Administração Regional e Local – Administração Local;nao;INE S.13 2025;2025
Freguesia de Jou;APU;S.131323;Administração Regional e Local – Administração Local;nao;INE S.13 2025;2025
Freguesia de João Antão;APU;S.131323;Administração Regional e Local – Administração Local;nao;INE S.13 2025;2025
Freguesia de Jugueiros;APU;S.131323;Administração Regional e Local – Administração Local;nao;INE S.13 2025;2025
Freguesia de Juncal;APU;S.131323;Administração Regional e Local – Administração Local;nao;INE S.13 2025;2025
Freguesia de Junceira;APU;S.131323;Administração Regional e Local – Administração Local;nao;INE S.13 2025;2025
Freguesia de Junqueira;APU;S.131323;Administração Regional e Local – Administração Local;nao;INE S.13 2025;2025
Freguesia de Labruge;APU;S.131323;Administração Regional e Local – Administração Local;nao;INE S.13 2025;2025
Freguesia de Labruja;APU;S.131323;Administração Regional e Local – Administração Local;nao;INE S.13 2025;2025
Freguesia de Labrujó, Rendufe e Vilar do Monte;APU;S.131323;Administração Regional e Local – Administração Local;nao;INE S.13 2025;2025
Freguesia de Ladoeiro;APU;S.131323;Administração Regional e Local – Administração Local;nao;INE S.13 2025;2025
Freguesia de Lagares;APU;S.131323;Administração Regional e Local – Administração Local;nao;INE S.13 2025;2025
Freguesia de Lagares e Figueira;APU;S.131323;Administração Regional e Local – Administração Local;nao;INE S.13 2025;2025
Freguesia de Lage;APU;S.131323;Administração Regional e Local – Administração Local;nao;INE S.13 2025;2025
Freguesia de Lago;APU;S.131323;Administração Regional e Local – Administração Local;nao;INE S.13 2025;2025
Freguesia de Lagoa;APU;S.131323;Administração Regional e Local – Administração Local;nao;INE S.13 2025;2025
Freguesia de Lagoa (Nossa Senhora do Rosário);APU;S.131323;Administração Regional e Local – Administração Local;nao;INE S.13 2025;2025
Freguesia de Lagoa (Santa Cruz);APU;S.131323;Administração Regional e Local – Administração Local;nao;INE S.13 2025;2025
Freguesia de Lajedo;APU;S.131323;Administração Regional e Local – Administração Local;nao;INE S.13 2025;2025
Freguesia de Lajeosa do Dão;APU;S.131323;Administração Regional e Local – Administração Local;nao;INE S.13 2025;2025
Freguesia de Lajeosa do Mondego;APU;S.131323;Administração Regional e Local – Administração Local;nao;INE S.13 2025;2025
Freguesia de Lajes;APU;S.131323;Administração Regional e Local – Administração Local;nao;INE S.13 2025;2025
Freguesia de Lajes das Flores;APU;S.131323;Administração Regional e Local – Administração Local;nao;INE S.13 2025;2025
Freguesia de Lajes do Pico;APU;S.131323;Administração Regional e Local – Administração Local;nao;INE S.13 2025;2025
Freguesia de Lalim;APU;S.131323;Administração Regional e Local – Administração Local;nao;INE S.13 2025;2025
Freguesia de Lama;APU;S.131323;Administração Regional e Local – Administração Local;nao;INE S.13 2025;2025
Freguesia de Lama de Arcos;APU;S.131323;Administração Regional e Local – Administração Local;nao;INE S.13 2025;2025
Freguesia de Lamalonga;APU;S.131323;Administração Regional e Local – Administração Local;nao;INE S.13 2025;2025
Freguesia de Lamas;APU;S.131323;Administração Regional e Local – Administração Local;nao;INE S.13 2025;2025
Freguesia de Lamas de Orelhão;APU;S.131323;Administração Regional e Local – Administração Local;nao;INE S.13 2025;2025
Freguesia de Lamegal;APU;S.131323;Administração Regional e Local – Administração Local;nao;INE S.13 2025;2025
Freguesia de Lamego (Almacave e Sé);APU;S.131323;Administração Regional e Local – Administração Local;nao;INE S.13 2025;2025
Freguesia de Lameiras;APU;S.131323;Administração Regional e Local – Administração Local;nao;INE S.13 2025;2025
Freguesia de Lamosa;APU;S.131323;Administração Regional e Local – Administração Local;nao;INE S.13 2025;2025
Freguesia de Lamoso;APU;S.131323;Administração Regional e Local – Administração Local;nao;INE S.13 2025;2025
Freguesia de Landal;APU;S.131323;Administração Regional e Local – Administração Local;nao;INE S.13 2025;2025
Freguesia de Landeira;APU;S.131323;Administração Regional e Local – Administração Local;nao;INE S.13 2025;2025
Freguesia de Landim;APU;S.131323;Administração Regional e Local – Administração Local;nao;INE S.13 2025;2025
Freguesia de Lanhas;APU;S.131323;Administração Regional e Local – Administração Local;nao;INE S.13 2025;2025
Freguesia de Lanhelas;APU;S.131323;Administração Regional e Local – Administração Local;nao;INE S.13 2025;2025
Freguesia de Lanheses;APU;S.131323;Administração Regional e Local – Administração Local;nao;INE S.13 2025;2025
Freguesia de Lanhoso;APU;S.131323;Administração Regional e Local – Administração Local;nao;INE S.13 2025;2025
Freguesia de Lapa do Lobo;APU;S.131323;Administração Regional e Local – Administração Local;nao;INE S.13 2025;2025
Freguesia de Lapa dos Dinheiros;APU;S.131323;Administração Regional e Local – Administração Local;nao;INE S.13 2025;2025
Freguesia de Lara;APU;S.131323;Administração Regional e Local – Administração Local;nao;INE S.13 2025;2025
Freguesia de Lardosa;APU;S.131323;Administração Regional e Local – Administração Local;nao;INE S.13 2025;2025
Freguesia de Larinho;APU;S.131323;Administração Regional e Local – Administração Local;nao;INE S.13 2025;2025
Freguesia de Laundos;APU;S.131323;Administração Regional e Local – Administração Local;nao;INE S.13 2025;2025
Freguesia de Lavacolhos;APU;S.131323;Administração Regional e Local – Administração Local;nao;INE S.13 2025;2025
Freguesia de Lavegadas;APU;S.131323;Administração Regional e Local – Administração Local;nao;INE S.13 2025;2025
Freguesia de Lavos;APU;S.131323;Administração Regional e Local – Administração Local;nao;INE S.13 2025;2025
Freguesia de Lavra;APU;S.131323;Administração Regional e Local – Administração Local;nao;INE S.13 2025;2025
Freguesia de Lavradas;APU;S.131323;Administração Regional e Local – Administração Local;nao;INE S.13 2025;2025
Freguesia de Lavre;APU;S.131323;Administração Regional e Local – Administração Local;nao;INE S.13 2025;2025
Freguesia de Lazarim;APU;S.131323;Administração Regional e Local – Administração Local;nao;INE S.13 2025;2025
Freguesia de Lebução, Fiães e Nozelos;APU;S.131323;Administração Regional e Local – Administração Local;nao;INE S.13 2025;2025
Freguesia de Leomil;APU;S.131323;Administração Regional e Local – Administração Local;nao;INE S.13 2025;2025
Freguesia de Lever;APU;S.131323;Administração Regional e Local – Administração Local;nao;INE S.13 2025;2025
Freguesia de Leça da Palmeira;APU;S.131323;Administração Regional e Local – Administração Local;nao;INE S.13 2025;2025
Freguesia de Leça do Balio;APU;S.131323;Administração Regional e Local – Administração Local;nao;INE S.13 2025;2025
Freguesia de Liceia;APU;S.131323;Administração Regional e Local – Administração Local;nao;INE S.13 2025;2025
Freguesia de Ligares;APU;S.131323;Administração Regional e Local – Administração Local;nao;INE S.13 2025;2025
Freguesia de Lijó;APU;S.131323;Administração Regional e Local – Administração Local;nao;INE S.13 2025;2025
Freguesia de Lindoso;APU;S.131323;Administração Regional e Local – Administração Local;nao;INE S.13 2025;2025
Freguesia de Linhares;APU;S.131323;Administração Regional e Local – Administração Local;nao;INE S.13 2025;2025
Freguesia de Lobrigos (São João Baptista);APU;S.131323;Administração Regional e Local – Administração Local;nao;INE S.13 2025;2025
Freguesia de Lobrigos (São Miguel);APU;S.131323;Administração Regional e Local – Administração Local;nao;INE S.13 2025;2025
Freguesia de Lobão;APU;S.131323;Administração Regional e Local – Administração Local;nao;INE S.13 2025;2025
Freguesia de Lobão da Beira;APU;S.131323;Administração Regional e Local – Administração Local;nao;INE S.13 2025;2025
Freguesia de Lodares;APU;S.131323;Administração Regional e Local – Administração Local;nao;INE S.13 2025;2025
Freguesia de Loivo;APU;S.131323;Administração Regional e Local – Administração Local;nao;INE S.13 2025;2025
Freguesia de Loivos do Monte;APU;S.131323;Administração Regional e Local – Administração Local;nao;INE S.13 2025;2025
Freguesia de Lomba;APU;S.131323;Administração Regional e Local – Administração Local;nao;INE S.13 2025;2025
Freguesia de Lomba da Fazenda;APU;S.131323;Administração Regional e Local – Administração Local;nao;INE S.13 2025;2025
Freguesia de Lomba da Maia;APU;S.131323;Administração Regional e Local – Administração Local;nao;INE S.13 2025;2025
Freguesia de Lomba de São Pedro;APU;S.131323;Administração Regional e Local – Administração Local;nao;INE S.13 2025;2025
Freguesia de Lombo;APU;S.131323;Administração Regional e Local – Administração Local;nao;INE S.13 2025;2025
Freguesia de Longa;APU;S.131323;Administração Regional e Local – Administração Local;nao;INE S.13 2025;2025
Freguesia de Longomel;APU;S.131323;Administração Regional e Local – Administração Local;nao;INE S.13 2025;2025
Freguesia de Longos;APU;S.131323;Administração Regional e Local – Administração Local;nao;INE S.13 2025;2025
Freguesia de Longos Vales;APU;S.131323;Administração Regional e Local – Administração Local;nao;INE S.13 2025;2025
Freguesia de Longroiva;APU;S.131323;Administração Regional e Local – Administração Local;nao;INE S.13 2025;2025
Freguesia de Longueira/Almograve;APU;S.131323;Administração Regional e Local – Administração Local;nao;INE S.13 2025;2025
Freguesia de Lordelo;APU;S.131323;Administração Regional e Local – Administração Local;nao;INE S.13 2025;2025
Freguesia de Lordosa;APU;S.131323;Administração Regional e Local – Administração Local;nao;INE S.13 2025;2025
Freguesia de Loriga;APU;S.131323;Administração Regional e Local – Administração Local;nao;INE S.13 2025;2025
Freguesia de Lorvão;APU;S.131323;Administração Regional e Local – Administração Local;nao;INE S.13 2025;2025
Freguesia de Loulé (São Clemente);APU;S.131323;Administração Regional e Local – Administração Local;nao;INE S.13 2025;2025
Freguesia de Loulé (São Sebastião);APU;S.131323;Administração Regional e Local – Administração Local;nao;INE S.13 2025;2025
Freguesia de Louredo;APU;S.131323;Administração Regional e Local – Administração Local;nao;INE S.13 2025;2025
Freguesia de Loureira;APU;S.131323;Administração Regional e Local – Administração Local;nao;INE S.13 2025;2025
Freguesia de Loureiro;APU;S.131323;Administração Regional e Local – Administração Local;nao;INE S.13 2025;2025
Freguesia de Loures;APU;S.131323;Administração Regional e Local – Administração Local;nao;INE S.13 2025;2025
Freguesia de Lourinhã;APU;S.131323;Administração Regional e Local – Administração Local;nao;INE S.13 2025;2025
Freguesia de Louriçal;APU;S.131323;Administração Regional e Local – Administração Local;nao;INE S.13 2025;2025
Freguesia de Louriçal do Campo;APU;S.131323;Administração Regional e Local – Administração Local;nao;INE S.13 2025;2025
Freguesia de Louro;APU;S.131323;Administração Regional e Local – Administração Local;nao;INE S.13 2025;2025
Freguesia de Lourosa;APU;S.131323;Administração Regional e Local – Administração Local;nao;INE S.13 2025;2025
Freguesia de Lousa;APU;S.131323;Administração Regional e Local – Administração Local;nao;INE S.13 2025;2025
Freguesia de Lousado;APU;S.131323;Administração Regional e Local – Administração Local;nao;INE S.13 2025;2025
Freguesia de Lousã;APU;S.131323;Administração Regional e Local – Administração Local;nao;INE S.13 2025;2025
Freguesia de Lufrei;APU;S.131323;Administração Regional e Local – Administração Local;nao;INE S.13 2025;2025
Freguesia de Lumiar;APU;S.131323;Administração Regional e Local – Administração Local;nao;INE S.13 2025;2025
Freguesia de Lusinde;APU;S.131323;Administração Regional e Local – Administração Local;nao;INE S.13 2025;2025
Freguesia de Luso;APU;S.131323;Administração Regional e Local – Administração Local;nao;INE S.13 2025;2025
Freguesia de Lustosa;APU;S.131323;Administração Regional e Local – Administração Local;nao;INE S.13 2025;2025
Freguesia de Luz;APU;S.131323;Administração Regional e Local – Administração Local;nao;INE S.13 2025;2025
Freguesia de Luz de Tavira;APU;S.131323;Administração Regional e Local – Administração Local;nao;INE S.13 2025;2025
Freguesia de Luzianes-Gare;APU;S.131323;Administração Regional e Local – Administração Local;nao;INE S.13 2025;2025
Freguesia de Luzim e Vila Cova;APU;S.131323;Administração Regional e Local – Administração Local;nao;INE S.13 2025;2025
Freguesia de Maceda;APU;S.131323;Administração Regional e Local – Administração Local;nao;INE S.13 2025;2025
Freguesia de Macedo de Cavaleiros;APU;S.131323;Administração Regional e Local – Administração Local;nao;INE S.13 2025;2025
Freguesia de Macedo do Mato;APU;S.131323;Administração Regional e Local – Administração Local;nao;INE S.13 2025;2025
Freguesia de Maceira;APU;S.131323;Administração Regional e Local – Administração Local;nao;INE S.13 2025;2025
Freguesia de Machico;APU;S.131323;Administração Regional e Local – Administração Local;nao;INE S.13 2025;2025
Freguesia de Macieira;APU;S.131323;Administração Regional e Local – Administração Local;nao;INE S.13 2025;2025
Freguesia de Macieira da Maia;APU;S.131323;Administração Regional e Local – Administração Local;nao;INE S.13 2025;2025
Freguesia de Macieira de Cambra;APU;S.131323;Administração Regional e Local – Administração Local;nao;INE S.13 2025;2025
Freguesia de Macieira de Rates;APU;S.131323;Administração Regional e Local – Administração Local;nao;INE S.13 2025;2025
Freguesia de Macieira de Sarnes;APU;S.131323;Administração Regional e Local – Administração Local;nao;INE S.13 2025;2025
Freguesia de Macinhata do Vouga;APU;S.131323;Administração Regional e Local – Administração Local;nao;INE S.13 2025;2025
Freguesia de Madalena;APU;S.131323;Administração Regional e Local – Administração Local;nao;INE S.13 2025;2025
Freguesia de Madalena do Mar;APU;S.131323;Administração Regional e Local – Administração Local;nao;INE S.13 2025;2025
Freguesia de Madeirã;APU;S.131323;Administração Regional e Local – Administração Local;nao;INE S.13 2025;2025
Freguesia de Mafamude;APU;S.131323;Administração Regional e Local – Administração Local;nao;INE S.13 2025;2025
Freguesia de Mafra;APU;S.131323;Administração Regional e Local – Administração Local;nao;INE S.13 2025;2025
Freguesia de Maia;APU;S.131323;Administração Regional e Local – Administração Local;nao;INE S.13 2025;2025
Freguesia de Maiorca;APU;S.131323;Administração Regional e Local – Administração Local;nao;INE S.13 2025;2025
Freguesia de Maiorga;APU;S.131323;Administração Regional e Local – Administração Local;nao;INE S.13 2025;2025
Freguesia de Mairos;APU;S.131323;Administração Regional e Local – Administração Local;nao;INE S.13 2025;2025
Freguesia de Malcata;APU;S.131323;Administração Regional e Local – Administração Local;nao;INE S.13 2025;2025
Freguesia de Malhada Sorda;APU;S.131323;Administração Regional e Local – Administração Local;nao;INE S.13 2025;2025
Freguesia de Malhadas;APU;S.131323;Administração Regional e Local – Administração Local;nao;INE S.13 2025;2025
Freguesia de Malpica do Tejo;APU;S.131323;Administração Regional e Local – Administração Local;nao;INE S.13 2025;2025
Freguesia de Malta;APU;S.131323;Administração Regional e Local – Administração Local;nao;INE S.13 2025;2025
Freguesia de Manadas (Santa Bárbara);APU;S.131323;Administração Regional e Local – Administração Local;nao;INE S.13 2025;2025
Freguesia de Mancelos;APU;S.131323;Administração Regional e Local – Administração Local;nao;INE S.13 2025;2025
Freguesia de Manhente;APU;S.131323;Administração Regional e Local – Administração Local;nao;INE S.13 2025;2025
Freguesia de Manhouce;APU;S.131323;Administração Regional e Local – Administração Local;nao;INE S.13 2025;2025
Freguesia de Manigoto;APU;S.131323;Administração Regional e Local – Administração Local;nao;INE S.13 2025;2025
Freguesia de Mansores;APU;S.131323;Administração Regional e Local – Administração Local;nao;INE S.13 2025;2025
Freguesia de Manteigas (Santa Maria);APU;S.131323;Administração Regional e Local – Administração Local;nao;INE S.13 2025;2025
Freguesia de Manteigas (São Pedro);APU;S.131323;Administração Regional e Local – Administração Local;nao;INE S.13 2025;2025
Freguesia de Mar;APU;S.131323;Administração Regional e Local – Administração Local;nao;INE S.13 2025;2025
Freguesia de Marco;APU;S.131323;Administração Regional e Local – Administração Local;nao;INE S.13 2025;2025
Freguesia de Margem;APU;S.131323;Administração Regional e Local – Administração Local;nao;INE S.13 2025;2025
Freguesia de Marialva;APU;S.131323;Administração Regional e Local – Administração Local;nao;INE S.13 2025;2025
Freguesia de Marinha Grande;APU;S.131323;Administração Regional e Local – Administração Local;nao;INE S.13 2025;2025
Freguesia de Marinha das Ondas;APU;S.131323;Administração Regional e Local – Administração Local;nao;INE S.13 2025;2025
Freguesia de Marinhais;APU;S.131323;Administração Regional e Local – Administração Local;nao;INE S.13 2025;2025
Freguesia de Marinhas;APU;S.131323;Administração Regional e Local – Administração Local;nao;INE S.13 2025;2025
Freguesia de Marmeleira;APU;S.131323;Administração Regional e Local – Administração Local;nao;INE S.13 2025;2025
Freguesia de Marmeleiro;APU;S.131323;Administração Regional e Local – Administração Local;nao;INE S.13 2025;2025
Freguesia de Marmelete;APU;S.131323;Administração Regional e Local – Administração Local;nao;INE S.13 2025;2025
Freguesia de Martim;APU;S.131323;Administração Regional e Local – Administração Local;nao;INE S.13 2025;2025
Freguesia de Martim Longo;APU;S.131323;Administração Regional e Local – Administração Local;nao;INE S.13 2025;2025
Freguesia de Martinchel;APU;S.131323;Administração Regional e Local – Administração Local;nao;INE S.13 2025;2025
Freguesia de Marvila;APU;S.131323;Administração Regional e Local – Administração Local;nao;INE S.13 2025;2025
Freguesia de Marzagão;APU;S.131323;Administração Regional e Local – Administração Local;nao;INE S.13 2025;2025
Freguesia de Mascarenhas;APU;S.131323;Administração Regional e Local – Administração Local;nao;INE S.13 2025;2025
Freguesia de Mata;APU;S.131323;Administração Regional e Local – Administração Local;nao;INE S.13 2025;2025
Freguesia de Mata Mourisca;APU;S.131323;Administração Regional e Local – Administração Local;nao;INE S.13 2025;2025
Freguesia de Mata de Lobos;APU;S.131323;Administração Regional e Local – Administração Local;nao;INE S.13 2025;2025
Freguesia de Matança;APU;S.131323;Administração Regional e Local – Administração Local;nao;INE S.13 2025;2025
Freguesia de Matas;APU;S.131323;Administração Regional e Local – Administração Local;nao;INE S.13 2025;2025
Freguesia de Matela;APU;S.131323;Administração Regional e Local – Administração Local;nao;INE S.13 2025;2025
Freguesia de Mateus;APU;S.131323;Administração Regional e Local – Administração Local;nao;INE S.13 2025;2025
Freguesia de Matosinhos;APU;S.131323;Administração Regional e Local – Administração Local;nao;INE S.13 2025;2025
Freguesia de Mazarefes;APU;S.131323;Administração Regional e Local – Administração Local;nao;INE S.13 2025;2025
Freguesia de Maçainhas;APU;S.131323;Administração Regional e Local – Administração Local;nao;INE S.13 2025;2025
Freguesia de Maçal do Chão;APU;S.131323;Administração Regional e Local – Administração Local;nao;INE S.13 2025;2025
Freguesia de Maçãs de Dona Maria;APU;S.131323;Administração Regional e Local – Administração Local;nao;INE S.13 2025;2025
Freguesia de Mealhada;APU;S.131323;Administração Regional e Local – Administração Local;nao;INE S.13 2025;2025
Freguesia de Meca;APU;S.131323;Administração Regional e Local – Administração Local;nao;INE S.13 2025;2025
Freguesia de Medelim;APU;S.131323;Administração Regional e Local – Administração Local;nao;INE S.13 2025;2025
Freguesia de Medelo;APU;S.131323;Administração Regional e Local – Administração Local;nao;INE S.13 2025;2025
Freguesia de Medrões;APU;S.131323;Administração Regional e Local – Administração Local;nao;INE S.13 2025;2025
Freguesia de Meia Via;APU;S.131323;Administração Regional e Local – Administração Local;nao;INE S.13 2025;2025
Freguesia de Meimoa;APU;S.131323;Administração Regional e Local – Administração Local;nao;INE S.13 2025;2025
Freguesia de Meimão;APU;S.131323;Administração Regional e Local – Administração Local;nao;INE S.13 2025;2025
Freguesia de Meinedo;APU;S.131323;Administração Regional e Local – Administração Local;nao;INE S.13 2025;2025
Freguesia de Meios;APU;S.131323;Administração Regional e Local – Administração Local;nao;INE S.13 2025;2025
Freguesia de Meirinhas;APU;S.131323;Administração Regional e Local – Administração Local;nao;INE S.13 2025;2025
Freguesia de Meirinhos;APU;S.131323;Administração Regional e Local – Administração Local;nao;INE S.13 2025;2025
Freguesia de Meixomil;APU;S.131323;Administração Regional e Local – Administração Local;nao;INE S.13 2025;2025
Freguesia de Melides;APU;S.131323;Administração Regional e Local – Administração Local;nao;INE S.13 2025;2025
Freguesia de Mentrestido;APU;S.131323;Administração Regional e Local – Administração Local;nao;INE S.13 2025;2025
Freguesia de Merufe;APU;S.131323;Administração Regional e Local – Administração Local;nao;INE S.13 2025;2025
Freguesia de Meruge;APU;S.131323;Administração Regional e Local – Administração Local;nao;INE S.13 2025;2025
Freguesia de Mesquitela;APU;S.131323;Administração Regional e Local – Administração Local;nao;INE S.13 2025;2025
Freguesia de Messejana;APU;S.131323;Administração Regional e Local – Administração Local;nao;INE S.13 2025;2025
Freguesia de Mesão Frio;APU;S.131323;Administração Regional e Local – Administração Local;nao;INE S.13 2025;2025
Freguesia de Mesão Frio (Santo André);APU;S.131323;Administração Regional e Local – Administração Local;nao;INE S.13 2025;2025
Freguesia de Mexilhoeira Grande;APU;S.131323;Administração Regional e Local – Administração Local;nao;INE S.13 2025;2025
Freguesia de Meãs do Campo;APU;S.131323;Administração Regional e Local – Administração Local;nao;INE S.13 2025;2025
Freguesia de Midões;APU;S.131323;Administração Regional e Local – Administração Local;nao;INE S.13 2025;2025
Freguesia de Milagres;APU;S.131323;Administração Regional e Local – Administração Local;nao;INE S.13 2025;2025
Freguesia de Milharado;APU;S.131323;Administração Regional e Local – Administração Local;nao;INE S.13 2025;2025
Freguesia de Milheirós;APU;S.131323;Administração Regional e Local – Administração Local;nao;INE S.13 2025;2025
Freguesia de Milheirós de Poiares;APU;S.131323;Administração Regional e Local – Administração Local;nao;INE S.13 2025;2025
Freguesia de Mina de Água;APU;S.131323;Administração Regional e Local – Administração Local;nao;INE S.13 2025;2025
Freguesia de Minde;APU;S.131323;Administração Regional e Local – Administração Local;nao;INE S.13 2025;2025
Freguesia de Mindelo;APU;S.131323;Administração Regional e Local – Administração Local;nao;INE S.13 2025;2025
Freguesia de Minhocal;APU;S.131323;Administração Regional e Local – Administração Local;nao;INE S.13 2025;2025
Freguesia de Mioma;APU;S.131323;Administração Regional e Local – Administração Local;nao;INE S.13 2025;2025
Freguesia de Mira;APU;S.131323;Administração Regional e Local – Administração Local;nao;INE S.13 2025;2025
Freguesia de Mira de Aire;APU;S.131323;Administração Regional e Local – Administração Local;nao;INE S.13 2025;2025
Freguesia de Miranda;APU;S.131323;Administração Regional e Local – Administração Local;nao;INE S.13 2025;2025
Freguesia de Miranda do Corvo;APU;S.131323;Administração Regional e Local – Administração Local;nao;INE S.13 2025;2025
Freguesia de Miranda do Douro;APU;S.131323;Administração Regional e Local – Administração Local;nao;INE S.13 2025;2025
Freguesia de Mirandela;APU;S.131323;Administração Regional e Local – Administração Local;nao;INE S.13 2025;2025
Freguesia de Mire de Tibães;APU;S.131323;Administração Regional e Local – Administração Local;nao;INE S.13 2025;2025
Freguesia de Misericórdia;APU;S.131323;Administração Regional e Local – Administração Local;nao;INE S.13 2025;2025
Freguesia de Modelos;APU;S.131323;Administração Regional e Local – Administração Local;nao;INE S.13 2025;2025
Freguesia de Modivas;APU;S.131323;Administração Regional e Local – Administração Local;nao;INE S.13 2025;2025
Freguesia de Mogege;APU;S.131323;Administração Regional e Local – Administração Local;nao;INE S.13 2025;2025
Freguesia de Moimenta;APU;S.131323;Administração Regional e Local – Administração Local;nao;INE S.13 2025;2025
Freguesia de Moimenta da Beira;APU;S.131323;Administração Regional e Local – Administração Local;nao;INE S.13 2025;2025
Freguesia de Moimentinha;APU;S.131323;Administração Regional e Local – Administração Local;nao;INE S.13 2025;2025
Freguesia de Moinhos da Gândara;APU;S.131323;Administração Regional e Local – Administração Local;nao;INE S.13 2025;2025
Freguesia de Moita;APU;S.131323;Administração Regional e Local – Administração Local;nao;INE S.13 2025;2025
Freguesia de Moita dos Ferreiros;APU;S.131323;Administração Regional e Local – Administração Local;nao;INE S.13 2025;2025
Freguesia de Moitas Venda;APU;S.131323;Administração Regional e Local – Administração Local;nao;INE S.13 2025;2025
Freguesia de Moldes;APU;S.131323;Administração Regional e Local – Administração Local;nao;INE S.13 2025;2025
Freguesia de Moledo;APU;S.131323;Administração Regional e Local – Administração Local;nao;INE S.13 2025;2025
Freguesia de Molelos;APU;S.131323;Administração Regional e Local – Administração Local;nao;INE S.13 2025;2025
Freguesia de Moncarapacho;APU;S.131323;Administração Regional e Local – Administração Local;nao;INE S.13 2025;2025
Freguesia de Monchique;APU;S.131323;Administração Regional e Local – Administração Local;nao;INE S.13 2025;2025
Freguesia de Mondim da Beira;APU;S.131323;Administração Regional e Local – Administração Local;nao;INE S.13 2025;2025
Freguesia de Mondrões;APU;S.131323;Administração Regional e Local – Administração Local;nao;INE S.13 2025;2025
Freguesia de Monforte;APU;S.131323;Administração Regional e Local – Administração Local;nao;INE S.13 2025;2025
Freguesia de Monforte da Beira;APU;S.131323;Administração Regional e Local – Administração Local;nao;INE S.13 2025;2025
Freguesia de Monsanto;APU;S.131323;Administração Regional e Local – Administração Local;nao;INE S.13 2025;2025
Freguesia de Monsaraz;APU;S.131323;Administração Regional e Local – Administração Local;nao;INE S.13 2025;2025
Freguesia de Monsul;APU;S.131323;Administração Regional e Local – Administração Local;nao;INE S.13 2025;2025
Freguesia de Montalvo;APU;S.131323;Administração Regional e Local – Administração Local;nao;INE S.13 2025;2025
Freguesia de Montalvão;APU;S.131323;Administração Regional e Local – Administração Local;nao;INE S.13 2025;2025
Freguesia de Montargil;APU;S.131323;Administração Regional e Local – Administração Local;nao;INE S.13 2025;2025
Freguesia de Montaria;APU;S.131323;Administração Regional e Local – Administração Local;nao;INE S.13 2025;2025
Freguesia de Monte;APU;S.131323;Administração Regional e Local – Administração Local;nao;INE S.13 2025;2025
Freguesia de Monte Córdova;APU;S.131323;Administração Regional e Local – Administração Local;nao;INE S.13 2025;2025
Freguesia de Monte Gordo;APU;S.131323;Administração Regional e Local – Administração Local;nao;INE S.13 2025;2025
Freguesia de Monte Redondo;APU;S.131323;Administração Regional e Local – Administração Local;nao;INE S.13 2025;2025
Freguesia de Monte da Pedra;APU;S.131323;Administração Regional e Local – Administração Local;nao;INE S.13 2025;2025
Freguesia de Monte do Trigo;APU;S.131323;Administração Regional e Local – Administração Local;nao;INE S.13 2025;2025
Freguesia de Monteiras;APU;S.131323;Administração Regional e Local – Administração Local;nao;INE S.13 2025;2025
Freguesia de Montelavar;APU;S.131323;Administração Regional e Local – Administração Local;nao;INE S.13 2025;2025
Freguesia de Montenegro;APU;S.131323;Administração Regional e Local – Administração Local;nao;INE S.13 2025;2025
Freguesia de Montes da Senhora;APU;S.131323;Administração Regional e Local – Administração Local;nao;INE S.13 2025;2025
Freguesia de Montoito;APU;S.131323;Administração Regional e Local – Administração Local;nao;INE S.13 2025;2025
Freguesia de Mora;APU;S.131323;Administração Regional e Local – Administração Local;nao;INE S.13 2025;2025
Freguesia de Morais;APU;S.131323;Administração Regional e Local – Administração Local;nao;INE S.13 2025;2025
Freguesia de Moreira;APU;S.131323;Administração Regional e Local – Administração Local;nao;INE S.13 2025;2025
Freguesia de Moreira de Cónegos;APU;S.131323;Administração Regional e Local – Administração Local;nao;INE S.13 2025;2025
Freguesia de Moreira de Rei;APU;S.131323;Administração Regional e Local – Administração Local;nao;INE S.13 2025;2025
Freguesia de Moreira do Castelo;APU;S.131323;Administração Regional e Local – Administração Local;nao;INE S.13 2025;2025
Freguesia de Moreiras;APU;S.131323;Administração Regional e Local – Administração Local;nao;INE S.13 2025;2025
Freguesia de Morgade;APU;S.131323;Administração Regional e Local – Administração Local;nao;INE S.13 2025;2025
Freguesia de Mosteiro;APU;S.131323;Administração Regional e Local – Administração Local;nao;INE S.13 2025;2025
Freguesia de Mosteiro de Fráguas;APU;S.131323;Administração Regional e Local – Administração Local;nao;INE S.13 2025;2025
Freguesia de Mosteiros;APU;S.131323;Administração Regional e Local – Administração Local;nao;INE S.13 2025;2025
Freguesia de Mosteirô;APU;S.131323;Administração Regional e Local – Administração Local;nao;INE S.13 2025;2025
Freguesia de Moure;APU;S.131323;Administração Regional e Local – Administração Local;nao;INE S.13 2025;2025
Freguesia de Mouriscas;APU;S.131323;Administração Regional e Local – Administração Local;nao;INE S.13 2025;2025
Freguesia de Mouronho;APU;S.131323;Administração Regional e Local – Administração Local;nao;INE S.13 2025;2025
Freguesia de Mourão;APU;S.131323;Administração Regional e Local – Administração Local;nao;INE S.13 2025;2025
Freguesia de Mozelos;APU;S.131323;Administração Regional e Local – Administração Local;nao;INE S.13 2025;2025
Freguesia de Moçarria;APU;S.131323;Administração Regional e Local – Administração Local;nao;INE S.13 2025;2025
Freguesia de Muge;APU;S.131323;Administração Regional e Local – Administração Local;nao;INE S.13 2025;2025
Freguesia de Mujães;APU;S.131323;Administração Regional e Local – Administração Local;nao;INE S.13 2025;2025
Freguesia de Mundão;APU;S.131323;Administração Regional e Local – Administração Local;nao;INE S.13 2025;2025
Freguesia de Muro;APU;S.131323;Administração Regional e Local – Administração Local;nao;INE S.13 2025;2025
Freguesia de Murtede;APU;S.131323;Administração Regional e Local – Administração Local;nao;INE S.13 2025;2025
Freguesia de Murtosa;APU;S.131323;Administração Regional e Local – Administração Local;nao;INE S.13 2025;2025
Freguesia de Murça;APU;S.131323;Administração Regional e Local – Administração Local;nao;INE S.13 2025;2025
Freguesia de Muxagata;APU;S.131323;Administração Regional e Local – Administração Local;nao;INE S.13 2025;2025
Freguesia de Mértola;APU;S.131323;Administração Regional e Local – Administração Local;nao;INE S.13 2025;2025
Freguesia de Mêda, Outeiro de Gatos e Fonte Longa;APU;S.131323;Administração Regional e Local – Administração Local;nao;INE S.13 2025;2025
Freguesia de Mós;APU;S.131323;Administração Regional e Local – Administração Local;nao;INE S.13 2025;2025
Freguesia de Mões;APU;S.131323;Administração Regional e Local – Administração Local;nao;INE S.13 2025;2025
Freguesia de Múrias;APU;S.131323;Administração Regional e Local – Administração Local;nao;INE S.13 2025;2025
Freguesia de Nadadouro;APU;S.131323;Administração Regional e Local – Administração Local;nao;INE S.13 2025;2025
Freguesia de Nagozelo do Douro;APU;S.131323;Administração Regional e Local – Administração Local;nao;INE S.13 2025;2025
Freguesia de Navais;APU;S.131323;Administração Regional e Local – Administração Local;nao;INE S.13 2025;2025
Freguesia de Nave;APU;S.131323;Administração Regional e Local – Administração Local;nao;INE S.13 2025;2025
Freguesia de Nave de Haver;APU;S.131323;Administração Regional e Local – Administração Local;nao;INE S.13 2025;2025
Freguesia de Navió e Vitorino dos Piães;APU;S.131323;Administração Regional e Local – Administração Local;nao;INE S.13 2025;2025
Freguesia de Nazaré;APU;S.131323;Administração Regional e Local – Administração Local;nao;INE S.13 2025;2025
Freguesia de Negrelos (São Tomé);APU;S.131323;Administração Regional e Local – Administração Local;nao;INE S.13 2025;2025
Freguesia de Negrões;APU;S.131323;Administração Regional e Local – Administração Local;nao;INE S.13 2025;2025
Freguesia de Nelas;APU;S.131323;Administração Regional e Local – Administração Local;nao;INE S.13 2025;2025
Freguesia de Nespereira;APU;S.131323;Administração Regional e Local – Administração Local;nao;INE S.13 2025;2025
Freguesia de Nevogilde;APU;S.131323;Administração Regional e Local – Administração Local;nao;INE S.13 2025;2025
Freguesia de Nine;APU;S.131323;Administração Regional e Local – Administração Local;nao;INE S.13 2025;2025
Freguesia de Ninho do Açor;APU;S.131323;Administração Regional e Local – Administração Local;nao;INE S.13 2025;2025
Freguesia de Nogueira;APU;S.131323;Administração Regional e Local – Administração Local;nao;INE S.13 2025;2025
Freguesia de Nogueira da Montanha;APU;S.131323;Administração Regional e Local – Administração Local;nao;INE S.13 2025;2025
Freguesia de Nogueira da Regedoura;APU;S.131323;Administração Regional e Local – Administração Local;nao;INE S.13 2025;2025
Freguesia de Nogueira do Cravo;APU;S.131323;Administração Regional e Local – Administração Local;nao;INE S.13 2025;2025
Freguesia de Nogueira e Silva Escura;APU;S.131323;Administração Regional e Local – Administração Local;nao;INE S.13 2025;2025
Freguesia de Nordeste;APU;S.131323;Administração Regional e Local – Administração Local;nao;INE S.13 2025;2025
Freguesia de Norte Grande (Neves);APU;S.131323;Administração Regional e Local – Administração Local;nao;INE S.13 2025;2025
Freguesia de Norte Pequeno;APU;S.131323;Administração Regional e Local – Administração Local;nao;INE S.13 2025;2025
Freguesia de Nossa Senhora da Conceição e São Bartolomeu;APU;S.131323;Administração Regional e Local – Administração Local;nao;INE S.13 2025;2025
Freguesia de Nossa Senhora da Expectação;APU;S.131323;Administração Regional e Local – Administração Local;nao;INE S.13 2025;2025
Freguesia de Nossa Senhora da Graça de Póvoa e Meadas;APU;S.131323;Administração Regional e Local – Administração Local;nao;INE S.13 2025;2025
Freguesia de Nossa Senhora da Graça do Divor;APU;S.131323;Administração Regional e Local – Administração Local;nao;INE S.13 2025;2025
Freguesia de Nossa Senhora da Graça dos Degolados;APU;S.131323;Administração Regional e Local – Administração Local;nao;INE S.13 2025;2025
Freguesia de Nossa Senhora da Piedade;APU;S.131323;Administração Regional e Local – Administração Local;nao;INE S.13 2025;2025
Freguesia de Nossa Senhora da Vila;APU;S.131323;Administração Regional e Local – Administração Local;nao;INE S.13 2025;2025
Freguesia de Nossa Senhora das Misericórdias;APU;S.131323;Administração Regional e Local – Administração Local;nao;INE S.13 2025;2025
Freguesia de Nossa Senhora das Neves;APU;S.131323;Administração Regional e Local – Administração Local;nao;INE S.13 2025;2025
Freguesia de Nossa Senhora de Fátima;APU;S.131323;Administração Regional e Local – Administração Local;nao;INE S.13 2025;2025
Freguesia de Nossa Senhora de Machede;APU;S.131323;Administração Regional e Local – Administração Local;nao;INE S.13 2025;2025
Freguesia de Nossa Senhora do Bispo;APU;S.131323;Administração Regional e Local – Administração Local;nao;INE S.13 2025;2025
Freguesia de Nossa Senhora do Pranto;APU;S.131323;Administração Regional e Local – Administração Local;nao;INE S.13 2025;2025
Freguesia de Nossa Senhora dos Remédios;APU;S.131323;Administração Regional e Local – Administração Local;nao;INE S.13 2025;2025
Freguesia de Novais;APU;S.131323;Administração Regional e Local – Administração Local;nao;INE S.13 2025;2025
Freguesia de Numão;APU;S.131323;Administração Regional e Local – Administração Local;nao;INE S.13 2025;2025
Freguesia de Odeceixe;APU;S.131323;Administração Regional e Local – Administração Local;nao;INE S.13 2025;2025
Freguesia de Odeleite;APU;S.131323;Administração Regional e Local – Administração Local;nao;INE S.13 2025;2025
Freguesia de Odivelas;APU;S.131323;Administração Regional e Local – Administração Local;nao;INE S.13 2025;2025
Freguesia de Odiáxere;APU;S.131323;Administração Regional e Local – Administração Local;nao;INE S.13 2025;2025
Freguesia de Oiã;APU;S.131323;Administração Regional e Local – Administração Local;nao;INE S.13 2025;2025
Freguesia de Olalhas;APU;S.131323;Administração Regional e Local – Administração Local;nao;INE S.13 2025;2025
Freguesia de Oldrões;APU;S.131323;Administração Regional e Local – Administração Local;nao;INE S.13 2025;2025
Freguesia de Oledo;APU;S.131323;Administração Regional e Local – Administração Local;nao;INE S.13 2025;2025
Freguesia de Oleiros;APU;S.131323;Administração Regional e Local – Administração Local;nao;INE S.13 2025;2025
Freguesia de Oleiros-Amieira;APU;S.131323;Administração Regional e Local – Administração Local;nao;INE S.13 2025;2025
Freguesia de Olhalvo;APU;S.131323;Administração Regional e Local – Administração Local;nao;INE S.13 2025;2025
Freguesia de Olho Marinho;APU;S.131323;Administração Regional e Local – Administração Local;nao;INE S.13 2025;2025
Freguesia de Olhão;APU;S.131323;Administração Regional e Local – Administração Local;nao;INE S.13 2025;2025
Freguesia de Olivais;APU;S.131323;Administração Regional e Local – Administração Local;nao;INE S.13 2025;2025
Freguesia de Olival;APU;S.131323;Administração Regional e Local – Administração Local;nao;INE S.13 2025;2025
Freguesia de Oliveira;APU;S.131323;Administração Regional e Local – Administração Local;nao;INE S.13 2025;2025
Freguesia de Oliveira (Santa Maria);APU;S.131323;Administração Regional e Local – Administração Local;nao;INE S.13 2025;2025
Freguesia de Oliveira (São Mateus);APU;S.131323;Administração Regional e Local – Administração Local;nao;INE S.13 2025;2025
Freguesia de Oliveira do Bairro;APU;S.131323;Administração Regional e Local – Administração Local;nao;INE S.13 2025;2025
Freguesia de Oliveira do Conde;APU;S.131323;Administração Regional e Local – Administração Local;nao;INE S.13 2025;2025
Freguesia de Oliveira do Douro;APU;S.131323;Administração Regional e Local – Administração Local;nao;INE S.13 2025;2025
Freguesia de Oliveirinha;APU;S.131323;Administração Regional e Local – Administração Local;nao;INE S.13 2025;2025
Freguesia de Olmos;APU;S.131323;Administração Regional e Local – Administração Local;nao;INE S.13 2025;2025
Freguesia de Orada;APU;S.131323;Administração Regional e Local – Administração Local;nao;INE S.13 2025;2025
Freguesia de Orca;APU;S.131323;Administração Regional e Local – Administração Local;nao;INE S.13 2025;2025
Freguesia de Orgens;APU;S.131323;Administração Regional e Local – Administração Local;nao;INE S.13 2025;2025
Freguesia de Oriola;APU;S.131323;Administração Regional e Local – Administração Local;nao;INE S.13 2025;2025
Freguesia de Orjais;APU;S.131323;Administração Regional e Local – Administração Local;nao;INE S.13 2025;2025
Freguesia de Ortiga;APU;S.131323;Administração Regional e Local – Administração Local;nao;INE S.13 2025;2025
Freguesia de Ortigosa;APU;S.131323;Administração Regional e Local – Administração Local;nao;INE S.13 2025;2025
Freguesia de Orvalho;APU;S.131323;Administração Regional e Local – Administração Local;nao;INE S.13 2025;2025
Freguesia de Ossela;APU;S.131323;Administração Regional e Local – Administração Local;nao;INE S.13 2025;2025
Freguesia de Ota;APU;S.131323;Administração Regional e Local – Administração Local;nao;INE S.13 2025;2025
Freguesia de Ouca;APU;S.131323;Administração Regional e Local – Administração Local;nao;INE S.13 2025;2025
Freguesia de Oura;APU;S.131323;Administração Regional e Local – Administração Local;nao;INE S.13 2025;2025
Freguesia de Ourentã;APU;S.131323;Administração Regional e Local – Administração Local;nao;INE S.13 2025;2025
Freguesia de Ourique;APU;S.131323;Administração Regional e Local – Administração Local;nao;INE S.13 2025;2025
Freguesia de Ourondo;APU;S.131323;Administração Regional e Local – Administração Local;nao;INE S.13 2025;2025
Freguesia de Outeiro;APU;S.131323;Administração Regional e Local – Administração Local;nao;INE S.13 2025;2025
Freguesia de Outeiro Seco;APU;S.131323;Administração Regional e Local – Administração Local;nao;INE S.13 2025;2025
Freguesia de Outiz;APU;S.131323;Administração Regional e Local – Administração Local;nao;INE S.13 2025;2025
Freguesia de Ovar;APU;S.131323;Administração Regional e Local – Administração Local;nao;INE S.13 2025;2025
Freguesia de Paderne;APU;S.131323;Administração Regional e Local – Administração Local;nao;INE S.13 2025;2025
Freguesia de Padim da Graça;APU;S.131323;Administração Regional e Local – Administração Local;nao;INE S.13 2025;2025
Freguesia de Padornelo;APU;S.131323;Administração Regional e Local – Administração Local;nao;INE S.13 2025;2025
Freguesia de Padrela e Tazem;APU;S.131323;Administração Regional e Local – Administração Local;nao;INE S.13 2025;2025
Freguesia de Padronelo;APU;S.131323;Administração Regional e Local – Administração Local;nao;INE S.13 2025;2025
Freguesia de Padroso;APU;S.131323;Administração Regional e Local – Administração Local;nao;INE S.13 2025;2025
Freguesia de Paialvo;APU;S.131323;Administração Regional e Local – Administração Local;nao;INE S.13 2025;2025
Freguesia de Painzela;APU;S.131323;Administração Regional e Local – Administração Local;nao;INE S.13 2025;2025
Freguesia de Paio Pires;APU;S.131323;Administração Regional e Local – Administração Local;nao;INE S.13 2025;2025
Freguesia de Paião;APU;S.131323;Administração Regional e Local – Administração Local;nao;INE S.13 2025;2025
Freguesia de Pala;APU;S.131323;Administração Regional e Local – Administração Local;nao;INE S.13 2025;2025
Freguesia de Palaçoulo;APU;S.131323;Administração Regional e Local – Administração Local;nao;INE S.13 2025;2025
Freguesia de Palhais;APU;S.131323;Administração Regional e Local – Administração Local;nao;INE S.13 2025;2025
Freguesia de Palhaça;APU;S.131323;Administração Regional e Local – Administração Local;nao;INE S.13 2025;2025
Freguesia de Palme;APU;S.131323;Administração Regional e Local – Administração Local;nao;INE S.13 2025;2025
Freguesia de Palmeira;APU;S.131323;Administração Regional e Local – Administração Local;nao;INE S.13 2025;2025
Freguesia de Palmeira de Faro;APU;S.131323;Administração Regional e Local – Administração Local;nao;INE S.13 2025;2025
Freguesia de Palmela;APU;S.131323;Administração Regional e Local – Administração Local;nao;INE S.13 2025;2025
Freguesia de Pampilhosa;APU;S.131323;Administração Regional e Local – Administração Local;nao;INE S.13 2025;2025
Freguesia de Pampilhosa da Serra;APU;S.131323;Administração Regional e Local – Administração Local;nao;INE S.13 2025;2025
Freguesia de Panoias de Cima;APU;S.131323;Administração Regional e Local – Administração Local;nao;INE S.13 2025;2025
Freguesia de Panque;APU;S.131323;Administração Regional e Local – Administração Local;nao;INE S.13 2025;2025
Freguesia de Parada;APU;S.131323;Administração Regional e Local – Administração Local;nao;INE S.13 2025;2025
Freguesia de Parada de Bouro;APU;S.131323;Administração Regional e Local – Administração Local;nao;INE S.13 2025;2025
Freguesia de Parada de Cunhos;APU;S.131323;Administração Regional e Local – Administração Local;nao;INE S.13 2025;2025
Freguesia de Parada de Gatim;APU;S.131323;Administração Regional e Local – Administração Local;nao;INE S.13 2025;2025
Freguesia de Parada de Gonta;APU;S.131323;Administração Regional e Local – Administração Local;nao;INE S.13 2025;2025
Freguesia de Parada de Pinhão;APU;S.131323;Administração Regional e Local – Administração Local;nao;INE S.13 2025;2025
Freguesia de Parada de Todeia;APU;S.131323;Administração Regional e Local – Administração Local;nao;INE S.13 2025;2025
Freguesia de Paradela;APU;S.131323;Administração Regional e Local – Administração Local;nao;INE S.13 2025;2025
Freguesia de Parambos;APU;S.131323;Administração Regional e Local – Administração Local;nao;INE S.13 2025;2025
Freguesia de Paramos;APU;S.131323;Administração Regional e Local – Administração Local;nao;INE S.13 2025;2025
Freguesia de Paranhos;APU;S.131323;Administração Regional e Local – Administração Local;nao;INE S.13 2025;2025
Freguesia de Paraíso;APU;S.131323;Administração Regional e Local – Administração Local;nao;INE S.13 2025;2025
Freguesia de Pardais;APU;S.131323;Administração Regional e Local – Administração Local;nao;INE S.13 2025;2025
Freguesia de Pardilhó;APU;S.131323;Administração Regional e Local – Administração Local;nao;INE S.13 2025;2025
Freguesia de Paredes;APU;S.131323;Administração Regional e Local – Administração Local;nao;INE S.13 2025;2025
Freguesia de Paredes da Beira;APU;S.131323;Administração Regional e Local – Administração Local;nao;INE S.13 2025;2025
Freguesia de Paredes de Viadores e Manhuncelos;APU;S.131323;Administração Regional e Local – Administração Local;nao;INE S.13 2025;2025
Freguesia de Parque das Nações;APU;S.131323;Administração Regional e Local – Administração Local;nao;INE S.13 2025;2025
Freguesia de Parâmio;APU;S.131323;Administração Regional e Local – Administração Local;nao;INE S.13 2025;2025
Freguesia de Passos;APU;S.131323;Administração Regional e Local – Administração Local;nao;INE S.13 2025;2025
Freguesia de Passô;APU;S.131323;Administração Regional e Local – Administração Local;nao;INE S.13 2025;2025
Freguesia de Paul;APU;S.131323;Administração Regional e Local – Administração Local;nao;INE S.13 2025;2025
Freguesia de Paul do Mar;APU;S.131323;Administração Regional e Local – Administração Local;nao;INE S.13 2025;2025
Freguesia de Paus;APU;S.131323;Administração Regional e Local – Administração Local;nao;INE S.13 2025;2025
Freguesia de Pavia;APU;S.131323;Administração Regional e Local – Administração Local;nao;INE S.13 2025;2025
Freguesia de Paço de Sousa;APU;S.131323;Administração Regional e Local – Administração Local;nao;INE S.13 2025;2025
Freguesia de Paços;APU;S.131323;Administração Regional e Local – Administração Local;nao;INE S.13 2025;2025
Freguesia de Paços da Serra;APU;S.131323;Administração Regional e Local – Administração Local;nao;INE S.13 2025;2025
Freguesia de Paços de Brandão;APU;S.131323;Administração Regional e Local – Administração Local;nao;INE S.13 2025;2025
Freguesia de Paços de Ferreira;APU;S.131323;Administração Regional e Local – Administração Local;nao;INE S.13 2025;2025
Freguesia de Paços de Gaiolo;APU;S.131323;Administração Regional e Local – Administração Local;nao;INE S.13 2025;2025
Freguesia de Paçó;APU;S.131323;Administração Regional e Local – Administração Local;nao;INE S.13 2025;2025
Freguesia de Paçô;APU;S.131323;Administração Regional e Local – Administração Local;nao;INE S.13 2025;2025
Freguesia de Pechão;APU;S.131323;Administração Regional e Local – Administração Local;nao;INE S.13 2025;2025
Freguesia de Pedome;APU;S.131323;Administração Regional e Local – Administração Local;nao;INE S.13 2025;2025
Freguesia de Pedorido;APU;S.131323;Administração Regional e Local – Administração Local;nao;INE S.13 2025;2025
Freguesia de Pedralva;APU;S.131323;Administração Regional e Local – Administração Local;nao;INE S.13 2025;2025
Freguesia de Pedraça;APU;S.131323;Administração Regional e Local – Administração Local;nao;INE S.13 2025;2025
Freguesia de Pedreiras;APU;S.131323;Administração Regional e Local – Administração Local;nao;INE S.13 2025;2025
Freguesia de Pedro Miguel;APU;S.131323;Administração Regional e Local – Administração Local;nao;INE S.13 2025;2025
Freguesia de Pedroso;APU;S.131323;Administração Regional e Local – Administração Local;nao;INE S.13 2025;2025
Freguesia de Pedrouços;APU;S.131323;Administração Regional e Local – Administração Local;nao;INE S.13 2025;2025
Freguesia de Pedrógão;APU;S.131323;Administração Regional e Local – Administração Local;nao;INE S.13 2025;2025
Freguesia de Pedrógão Grande;APU;S.131323;Administração Regional e Local – Administração Local;nao;INE S.13 2025;2025
Freguesia de Pedrógão Pequeno;APU;S.131323;Administração Regional e Local – Administração Local;nao;INE S.13 2025;2025
Freguesia de Pega;APU;S.131323;Administração Regional e Local – Administração Local;nao;INE S.13 2025;2025
Freguesia de Pegarinhos;APU;S.131323;Administração Regional e Local – Administração Local;nao;INE S.13 2025;2025
Freguesia de Pego;APU;S.131323;Administração Regional e Local – Administração Local;nao;INE S.13 2025;2025
Freguesia de Pelariga;APU;S.131323;Administração Regional e Local – Administração Local;nao;INE S.13 2025;2025
Freguesia de Pelmá;APU;S.131323;Administração Regional e Local – Administração Local;nao;INE S.13 2025;2025
Freguesia de Pena Verde;APU;S.131323;Administração Regional e Local – Administração Local;nao;INE S.13 2025;2025
Freguesia de Penacova;APU;S.131323;Administração Regional e Local – Administração Local;nao;INE S.13 2025;2025
Freguesia de Penafiel;APU;S.131323;Administração Regional e Local – Administração Local;nao;INE S.13 2025;2025
Freguesia de Penajóia;APU;S.131323;Administração Regional e Local – Administração Local;nao;INE S.13 2025;2025
Freguesia de Penamacor;APU;S.131323;Administração Regional e Local – Administração Local;nao;INE S.13 2025;2025
Freguesia de Penamaior;APU;S.131323;Administração Regional e Local – Administração Local;nao;INE S.13 2025;2025
Freguesia de Penas Roias;APU;S.131323;Administração Regional e Local – Administração Local;nao;INE S.13 2025;2025
Freguesia de Pencelo;APU;S.131323;Administração Regional e Local – Administração Local;nao;INE S.13 2025;2025
Freguesia de Pendilhe;APU;S.131323;Administração Regional e Local – Administração Local;nao;INE S.13 2025;2025
Freguesia de Penela da Beira;APU;S.131323;Administração Regional e Local – Administração Local;nao;INE S.13 2025;2025
Freguesia de Penha Garcia;APU;S.131323;Administração Regional e Local – Administração Local;nao;INE S.13 2025;2025
Freguesia de Penha Longa;APU;S.131323;Administração Regional e Local – Administração Local;nao;INE S.13 2025;2025
Freguesia de Penha de França;APU;S.131323;Administração Regional e Local – Administração Local;nao;INE S.13 2025;2025
Freguesia de Penhas Juntas;APU;S.131323;Administração Regional e Local – Administração Local;nao;INE S.13 2025;2025
Freguesia de Peniche;APU;S.131323;Administração Regional e Local – Administração Local;nao;INE S.13 2025;2025
Freguesia de Penso;APU;S.131323;Administração Regional e Local – Administração Local;nao;INE S.13 2025;2025
Freguesia de Penude;APU;S.131323;Administração Regional e Local – Administração Local;nao;INE S.13 2025;2025
Freguesia de Pepim;APU;S.131323;Administração Regional e Local – Administração Local;nao;INE S.13 2025;2025
Freguesia de Peraboa;APU;S.131323;Administração Regional e Local – Administração Local;nao;INE S.13 2025;2025
Freguesia de Perafita;APU;S.131323;Administração Regional e Local – Administração Local;nao;INE S.13 2025;2025
Freguesia de Perais;APU;S.131323;Administração Regional e Local – Administração Local;nao;INE S.13 2025;2025
Freguesia de Peral;APU;S.131323;Administração Regional e Local – Administração Local;nao;INE S.13 2025;2025
Freguesia de Peredo;APU;S.131323;Administração Regional e Local – Administração Local;nao;INE S.13 2025;2025
Freguesia de Peredo da Bemposta;APU;S.131323;Administração Regional e Local – Administração Local;nao;INE S.13 2025;2025
Freguesia de Pereira;APU;S.131323;Administração Regional e Local – Administração Local;nao;INE S.13 2025;2025
Freguesia de Pereiros;APU;S.131323;Administração Regional e Local – Administração Local;nao;INE S.13 2025;2025
Freguesia de Perelhal;APU;S.131323;Administração Regional e Local – Administração Local;nao;INE S.13 2025;2025
Freguesia de Pernes;APU;S.131323;Administração Regional e Local – Administração Local;nao;INE S.13 2025;2025
Freguesia de Peroguarda;APU;S.131323;Administração Regional e Local – Administração Local;nao;INE S.13 2025;2025
Freguesia de Perosinho;APU;S.131323;Administração Regional e Local – Administração Local;nao;INE S.13 2025;2025
Freguesia de Perozelo;APU;S.131323;Administração Regional e Local – Administração Local;nao;INE S.13 2025;2025
Freguesia de Perre;APU;S.131323;Administração Regional e Local – Administração Local;nao;INE S.13 2025;2025
Freguesia de Peso;APU;S.131323;Administração Regional e Local – Administração Local;nao;INE S.13 2025;2025
Freguesia de Pessegueiro;APU;S.131323;Administração Regional e Local – Administração Local;nao;INE S.13 2025;2025
Freguesia de Pessegueiro do Vouga;APU;S.131323;Administração Regional e Local – Administração Local;nao;INE S.13 2025;2025
Freguesia de Pias;APU;S.131323;Administração Regional e Local – Administração Local;nao;INE S.13 2025;2025
Freguesia de Pico;APU;S.131323;Administração Regional e Local – Administração Local;nao;INE S.13 2025;2025
Freguesia de Pico da Pedra;APU;S.131323;Administração Regional e Local – Administração Local;nao;INE S.13 2025;2025
Freguesia de Picote;APU;S.131323;Administração Regional e Local – Administração Local;nao;INE S.13 2025;2025
Freguesia de Piedade;APU;S.131323;Administração Regional e Local – Administração Local;nao;INE S.13 2025;2025
Freguesia de Pigeiros;APU;S.131323;Administração Regional e Local – Administração Local;nao;INE S.13 2025;2025
Freguesia de Pilar da Bretanha;APU;S.131323;Administração Regional e Local – Administração Local;nao;INE S.13 2025;2025
Freguesia de Pindelo;APU;S.131323;Administração Regional e Local – Administração Local;nao;INE S.13 2025;2025
Freguesia de Pindelo dos Milagres;APU;S.131323;Administração Regional e Local – Administração Local;nao;INE S.13 2025;2025
Freguesia de Pindo;APU;S.131323;Administração Regional e Local – Administração Local;nao;INE S.13 2025;2025
Freguesia de Pinela;APU;S.131323;Administração Regional e Local – Administração Local;nao;INE S.13 2025;2025
Freguesia de Pinelo;APU;S.131323;Administração Regional e Local – Administração Local;nao;INE S.13 2025;2025
Freguesia de Pinhal Novo;APU;S.131323;Administração Regional e Local – Administração Local;nao;INE S.13 2025;2025
Freguesia de Pinhal do Norte;APU;S.131323;Administração Regional e Local – Administração Local;nao;INE S.13 2025;2025
Freguesia de Pinhanços;APU;S.131323;Administração Regional e Local – Administração Local;nao;INE S.13 2025;2025
Freguesia de Pinheiro;APU;S.131323;Administração Regional e Local – Administração Local;nao;INE S.13 2025;2025
Freguesia de Pinheiro de Ázere;APU;S.131323;Administração Regional e Local – Administração Local;nao;INE S.13 2025;2025
Freguesia de Pinheiros;APU;S.131323;Administração Regional e Local – Administração Local;nao;INE S.13 2025;2025
Freguesia de Pinhel;APU;S.131323;Administração Regional e Local – Administração Local;nao;INE S.13 2025;2025
Freguesia de Pinho;APU;S.131323;Administração Regional e Local – Administração Local;nao;INE S.13 2025;2025
Freguesia de Pinhão;APU;S.131323;Administração Regional e Local – Administração Local;nao;INE S.13 2025;2025
Freguesia de Pitões das Junias;APU;S.131323;Administração Regional e Local – Administração Local;nao;INE S.13 2025;2025
Freguesia de Piódão;APU;S.131323;Administração Regional e Local – Administração Local;nao;INE S.13 2025;2025
Freguesia de Planalto de Monforte (União das freguesias de Oucidres e Bobadela);APU;S.131323;Administração Regional e Local – Administração Local;nao;INE S.13 2025;2025
Freguesia de Pocariça;APU;S.131323;Administração Regional e Local – Administração Local;nao;INE S.13 2025;2025
Freguesia de Podame;APU;S.131323;Administração Regional e Local – Administração Local;nao;INE S.13 2025;2025
Freguesia de Podentes;APU;S.131323;Administração Regional e Local – Administração Local;nao;INE S.13 2025;2025
Freguesia de Poiares;APU;S.131323;Administração Regional e Local – Administração Local;nao;INE S.13 2025;2025
Freguesia de Poiares (Santo André);APU;S.131323;Administração Regional e Local – Administração Local;nao;INE S.13 2025;2025
Freguesia de Polvoreira;APU;S.131323;Administração Regional e Local – Administração Local;nao;INE S.13 2025;2025
Freguesia de Pomares;APU;S.131323;Administração Regional e Local – Administração Local;nao;INE S.13 2025;2025
Freguesia de Pombal;APU;S.131323;Administração Regional e Local – Administração Local;nao;INE S.13 2025;2025
Freguesia de Pombalinho;APU;S.131323;Administração Regional e Local – Administração Local;nao;INE S.13 2025;2025
Freguesia de Pombeiro da Beira;APU;S.131323;Administração Regional e Local – Administração Local;nao;INE S.13 2025;2025
Freguesia de Pombeiro de Ribavizela;APU;S.131323;Administração Regional e Local – Administração Local;nao;INE S.13 2025;2025
Freguesia de Ponta Delgada;APU;S.131323;Administração Regional e Local – Administração Local;nao;INE S.13 2025;2025
Freguesia de Ponta Delgada (São José);APU;S.131323;Administração Regional e Local – Administração Local;nao;INE S.13 2025;2025
Freguesia de Ponta Delgada (São Pedro);APU;S.131323;Administração Regional e Local – Administração Local;nao;INE S.13 2025;2025
Freguesia de Ponta Delgada (São Sebastião);APU;S.131323;Administração Regional e Local – Administração Local;nao;INE S.13 2025;2025
Freguesia de Ponta Garça;APU;S.131323;Administração Regional e Local – Administração Local;nao;INE S.13 2025;2025
Freguesia de Ponta do Pargo;APU;S.131323;Administração Regional e Local – Administração Local;nao;INE S.13 2025;2025
Freguesia de Ponta do Sol;APU;S.131323;Administração Regional e Local – Administração Local;nao;INE S.13 2025;2025
Freguesia de Ponte;APU;S.131323;Administração Regional e Local – Administração Local;nao;INE S.13 2025;2025
Freguesia de Ponte de Sor;APU;S.131323;Administração Regional e Local – Administração Local;nao;INE S.13 2025;2025
Freguesia de Ponte de Vagos;APU;S.131323;Administração Regional e Local – Administração Local;nao;INE S.13 2025;2025
Freguesia de Ponte do Rol;APU;S.131323;Administração Regional e Local – Administração Local;nao;INE S.13 2025;2025
Freguesia de Pontével;APU;S.131323;Administração Regional e Local – Administração Local;nao;INE S.13 2025;2025
Freguesia de Porches;APU;S.131323;Administração Regional e Local – Administração Local;nao;INE S.13 2025;2025
Freguesia de Portel;APU;S.131323;Administração Regional e Local – Administração Local;nao;INE S.13 2025;2025
Freguesia de Portela;APU;S.131323;Administração Regional e Local – Administração Local;nao;INE S.13 2025;2025
Freguesia de Portela do Fojo-Machio;APU;S.131323;Administração Regional e Local – Administração Local;nao;INE S.13 2025;2025
Freguesia de Portimão;APU;S.131323;Administração Regional e Local – Administração Local;nao;INE S.13 2025;2025
Freguesia de Porto Covo;APU;S.131323;Administração Regional e Local – Administração Local;nao;INE S.13 2025;2025
Freguesia de Porto Formoso;APU;S.131323;Administração Regional e Local – Administração Local;nao;INE S.13 2025;2025
Freguesia de Porto Judeu;APU;S.131323;Administração Regional e Local – Administração Local;nao;INE S.13 2025;2025
Freguesia de Porto Martins;APU;S.131323;Administração Regional e Local – Administração Local;nao;INE S.13 2025;2025
Freguesia de Porto Moniz;APU;S.131323;Administração Regional e Local – Administração Local;nao;INE S.13 2025;2025
Freguesia de Porto Salvo;APU;S.131323;Administração Regional e Local – Administração Local;nao;INE S.13 2025;2025
Freguesia de Porto Santo;APU;S.131323;Administração Regional e Local – Administração Local;nao;INE S.13 2025;2025
Freguesia de Porto da Carne;APU;S.131323;Administração Regional e Local – Administração Local;nao;INE S.13 2025;2025
Freguesia de Porto da Cruz;APU;S.131323;Administração Regional e Local – Administração Local;nao;INE S.13 2025;2025
Freguesia de Porto de Mós - São João Baptista e São Pedro;APU;S.131323;Administração Regional e Local – Administração Local;nao;INE S.13 2025;2025
Freguesia de Possacos;APU;S.131323;Administração Regional e Local – Administração Local;nao;INE S.13 2025;2025
Freguesia de Posto Santo;APU;S.131323;Administração Regional e Local – Administração Local;nao;INE S.13 2025;2025
Freguesia de Pousa;APU;S.131323;Administração Regional e Local – Administração Local;nao;INE S.13 2025;2025
Freguesia de Pousada de Saramagos;APU;S.131323;Administração Regional e Local – Administração Local;nao;INE S.13 2025;2025
Freguesia de Pousaflores;APU;S.131323;Administração Regional e Local – Administração Local;nao;INE S.13 2025;2025
Freguesia de Povoação;APU;S.131323;Administração Regional e Local – Administração Local;nao;INE S.13 2025;2025
Freguesia de Povolide;APU;S.131323;Administração Regional e Local – Administração Local;nao;INE S.13 2025;2025
Freguesia de Poço do Canto;APU;S.131323;Administração Regional e Local – Administração Local;nao;INE S.13 2025;2025
Freguesia de Prado (São Miguel);APU;S.131323;Administração Regional e Local – Administração Local;nao;INE S.13 2025;2025
Freguesia de Prados;APU;S.131323;Administração Regional e Local – Administração Local;nao;INE S.13 2025;2025
Freguesia de Praia da Vitória (Santa Cruz);APU;S.131323;Administração Regional e Local – Administração Local;nao;INE S.13 2025;2025
Freguesia de Praia de Mira;APU;S.131323;Administração Regional e Local – Administração Local;nao;INE S.13 2025;2025
Freguesia de Praia do Almoxarife;APU;S.131323;Administração Regional e Local – Administração Local;nao;INE S.13 2025;2025
Freguesia de Praia do Norte;APU;S.131323;Administração Regional e Local – Administração Local;nao;INE S.13 2025;2025
Freguesia de Praia do Ribatejo;APU;S.131323;Administração Regional e Local – Administração Local;nao;INE S.13 2025;2025
Freguesia de Prainha;APU;S.131323;Administração Regional e Local – Administração Local;nao;INE S.13 2025;2025
Freguesia de Prazeres;APU;S.131323;Administração Regional e Local – Administração Local;nao;INE S.13 2025;2025
Freguesia de Prazins (Santa Eufémia);APU;S.131323;Administração Regional e Local – Administração Local;nao;INE S.13 2025;2025
Freguesia de Prazins Santo Tirso;APU;S.131323;Administração Regional e Local – Administração Local;nao;INE S.13 2025;2025
Freguesia de Priscos;APU;S.131323;Administração Regional e Local – Administração Local;nao;INE S.13 2025;2025
Freguesia de Proença-a-Velha;APU;S.131323;Administração Regional e Local – Administração Local;nao;INE S.13 2025;2025
Freguesia de Prova e Casteição;APU;S.131323;Administração Regional e Local – Administração Local;nao;INE S.13 2025;2025
Freguesia de Prozelo;APU;S.131323;Administração Regional e Local – Administração Local;nao;INE S.13 2025;2025
Freguesia de Pussos São Pedro;APU;S.131323;Administração Regional e Local – Administração Local;nao;INE S.13 2025;2025
Freguesia de Pêra;APU;S.131323;Administração Regional e Local – Administração Local;nao;INE S.13 2025;2025
Freguesia de Pêra do Moço;APU;S.131323;Administração Regional e Local – Administração Local;nao;INE S.13 2025;2025
Freguesia de Pêro Pinheiro;APU;S.131323;Administração Regional e Local – Administração Local;nao;INE S.13 2025;2025
Freguesia de Pêro Viseu;APU;S.131323;Administração Regional e Local – Administração Local;nao;INE S.13 2025;2025
Freguesia de Pínzio;APU;S.131323;Administração Regional e Local – Administração Local;nao;INE S.13 2025;2025
Freguesia de Pó;APU;S.131323;Administração Regional e Local – Administração Local;nao;INE S.13 2025;2025
Freguesia de Póvoa;APU;S.131323;Administração Regional e Local – Administração Local;nao;INE S.13 2025;2025
Freguesia de Póvoa da Isenta;APU;S.131323;Administração Regional e Local – Administração Local;nao;INE S.13 2025;2025
Freguesia de Póvoa de Lanhoso (Nossa Senhora do Amparo);APU;S.131323;Administração Regional e Local – Administração Local;nao;INE S.13 2025;2025
Freguesia de Póvoa de Midões;APU;S.131323;Administração Regional e Local – Administração Local;nao;INE S.13 2025;2025
Freguesia de Póvoa de Penela;APU;S.131323;Administração Regional e Local – Administração Local;nao;INE S.13 2025;2025
Freguesia de Póvoa de São Miguel;APU;S.131323;Administração Regional e Local – Administração Local;nao;INE S.13 2025;2025
Freguesia de Póvoa de Varzim;APU;S.131323;Administração Regional e Local – Administração Local;nao;INE S.13 2025;2025
Freguesia de Póvoa do Concelho;APU;S.131323;Administração Regional e Local – Administração Local;nao;INE S.13 2025;2025
Freguesia de Quadrazais;APU;S.131323;Administração Regional e Local – Administração Local;nao;INE S.13 2025;2025
Freguesia de Quarteira;APU;S.131323;Administração Regional e Local – Administração Local;nao;INE S.13 2025;2025
Freguesia de Quatro Ribeiras;APU;S.131323;Administração Regional e Local – Administração Local;nao;INE S.13 2025;2025
Freguesia de Queimada;APU;S.131323;Administração Regional e Local – Administração Local;nao;INE S.13 2025;2025
Freguesia de Queimadela;APU;S.131323;Administração Regional e Local – Administração Local;nao;INE S.13 2025;2025
Freguesia de Queiriga;APU;S.131323;Administração Regional e Local – Administração Local;nao;INE S.13 2025;2025
Freguesia de Queiriz;APU;S.131323;Administração Regional e Local – Administração Local;nao;INE S.13 2025;2025
Freguesia de Queirã;APU;S.131323;Administração Regional e Local – Administração Local;nao;INE S.13 2025;2025
Freguesia de Quelfes;APU;S.131323;Administração Regional e Local – Administração Local;nao;INE S.13 2025;2025
Freguesia de Queluz;APU;S.131323;Administração Regional e Local – Administração Local;nao;INE S.13 2025;2025
Freguesia de Querença;APU;S.131323;Administração Regional e Local – Administração Local;nao;INE S.13 2025;2025
Freguesia de Quiaios;APU;S.131323;Administração Regional e Local – Administração Local;nao;INE S.13 2025;2025
Freguesia de Quinchães;APU;S.131323;Administração Regional e Local – Administração Local;nao;INE S.13 2025;2025
Freguesia de Quinta Grande;APU;S.131323;Administração Regional e Local – Administração Local;nao;INE S.13 2025;2025
Freguesia de Quinta do Anjo;APU;S.131323;Administração Regional e Local – Administração Local;nao;INE S.13 2025;2025
Freguesia de Quinta do Conde;APU;S.131323;Administração Regional e Local – Administração Local;nao;INE S.13 2025;2025
Freguesia de Quintanilha;APU;S.131323;Administração Regional e Local – Administração Local;nao;INE S.13 2025;2025
Freguesia de Quintas de São Bartolomeu;APU;S.131323;Administração Regional e Local – Administração Local;nao;INE S.13 2025;2025
Freguesia de Quintela;APU;S.131323;Administração Regional e Local – Administração Local;nao;INE S.13 2025;2025
Freguesia de Quintela de Azurara;APU;S.131323;Administração Regional e Local – Administração Local;nao;INE S.13 2025;2025
Freguesia de Quintela de Lampaças;APU;S.131323;Administração Regional e Local – Administração Local;nao;INE S.13 2025;2025
Freguesia de Rabal;APU;S.131323;Administração Regional e Local – Administração Local;nao;INE S.13 2025;2025
Freguesia de Rabaçal;APU;S.131323;Administração Regional e Local – Administração Local;nao;INE S.13 2025;2025
Freguesia de Rabo de Peixe;APU;S.131323;Administração Regional e Local – Administração Local;nao;INE S.13 2025;2025
Freguesia de Raimonda;APU;S.131323;Administração Regional e Local – Administração Local;nao;INE S.13 2025;2025
Freguesia de Raiva;APU;S.131323;Administração Regional e Local – Administração Local;nao;INE S.13 2025;2025
Freguesia de Ramalde;APU;S.131323;Administração Regional e Local – Administração Local;nao;INE S.13 2025;2025
Freguesia de Ramalhal;APU;S.131323;Administração Regional e Local – Administração Local;nao;INE S.13 2025;2025
Freguesia de Ramela;APU;S.131323;Administração Regional e Local – Administração Local;nao;INE S.13 2025;2025
Freguesia de Raminho;APU;S.131323;Administração Regional e Local – Administração Local;nao;INE S.13 2025;2025
Freguesia de Ranhados;APU;S.131323;Administração Regional e Local – Administração Local;nao;INE S.13 2025;2025
Freguesia de Rans;APU;S.131323;Administração Regional e Local – Administração Local;nao;INE S.13 2025;2025
Freguesia de Raposa;APU;S.131323;Administração Regional e Local – Administração Local;nao;INE S.13 2025;2025
Freguesia de Rapoula do Côa;APU;S.131323;Administração Regional e Local – Administração Local;nao;INE S.13 2025;2025
Freguesia de Rates;APU;S.131323;Administração Regional e Local – Administração Local;nao;INE S.13 2025;2025
Freguesia de Ratoeira;APU;S.131323;Administração Regional e Local – Administração Local;nao;INE S.13 2025;2025
Freguesia de Real;APU;S.131323;Administração Regional e Local – Administração Local;nao;INE S.13 2025;2025
Freguesia de Reboleiro;APU;S.131323;Administração Regional e Local – Administração Local;nao;INE S.13 2025;2025
Freguesia de Rebolosa;APU;S.131323;Administração Regional e Local – Administração Local;nao;INE S.13 2025;2025
Freguesia de Rebordelo;APU;S.131323;Administração Regional e Local – Administração Local;nao;INE S.13 2025;2025
Freguesia de Rebordosa;APU;S.131323;Administração Regional e Local – Administração Local;nao;INE S.13 2025;2025
Freguesia de Rebordãos;APU;S.131323;Administração Regional e Local – Administração Local;nao;INE S.13 2025;2025
Freguesia de Rebordões;APU;S.131323;Administração Regional e Local – Administração Local;nao;INE S.13 2025;2025
Freguesia de Rebordões (Santa Maria);APU;S.131323;Administração Regional e Local – Administração Local;nao;INE S.13 2025;2025
Freguesia de Rebordões (Souto);APU;S.131323;Administração Regional e Local – Administração Local;nao;INE S.13 2025;2025
Freguesia de Recarei;APU;S.131323;Administração Regional e Local – Administração Local;nao;INE S.13 2025;2025
Freguesia de Recezinhos (São Mamede);APU;S.131323;Administração Regional e Local – Administração Local;nao;INE S.13 2025;2025
Freguesia de Recezinhos (São Martinho);APU;S.131323;Administração Regional e Local – Administração Local;nao;INE S.13 2025;2025
Freguesia de Redinha;APU;S.131323;Administração Regional e Local – Administração Local;nao;INE S.13 2025;2025
Freguesia de Redondelo;APU;S.131323;Administração Regional e Local – Administração Local;nao;INE S.13 2025;2025
Freguesia de Redondo;APU;S.131323;Administração Regional e Local – Administração Local;nao;INE S.13 2025;2025
Freguesia de Refojos de Basto;APU;S.131323;Administração Regional e Local – Administração Local;nao;INE S.13 2025;2025
Freguesia de Refontoura;APU;S.131323;Administração Regional e Local – Administração Local;nao;INE S.13 2025;2025
Freguesia de Refóios do Lima;APU;S.131323;Administração Regional e Local – Administração Local;nao;INE S.13 2025;2025
Freguesia de Regadas;APU;S.131323;Administração Regional e Local – Administração Local;nao;INE S.13 2025;2025
Freguesia de Regilde;APU;S.131323;Administração Regional e Local – Administração Local;nao;INE S.13 2025;2025
Freguesia de Rego;APU;S.131323;Administração Regional e Local – Administração Local;nao;INE S.13 2025;2025
Freguesia de Regueira de Pontes;APU;S.131323;Administração Regional e Local – Administração Local;nao;INE S.13 2025;2025
Freguesia de Reguenga;APU;S.131323;Administração Regional e Local – Administração Local;nao;INE S.13 2025;2025
Freguesia de Reguengo Grande;APU;S.131323;Administração Regional e Local – Administração Local;nao;INE S.13 2025;2025
Freguesia de Reguengo do Fetal;APU;S.131323;Administração Regional e Local – Administração Local;nao;INE S.13 2025;2025
Freguesia de Reguengos de Monsaraz;APU;S.131323;Administração Regional e Local – Administração Local;nao;INE S.13 2025;2025
Freguesia de Reigoso;APU;S.131323;Administração Regional e Local – Administração Local;nao;INE S.13 2025;2025
Freguesia de Relva;APU;S.131323;Administração Regional e Local – Administração Local;nao;INE S.13 2025;2025
Freguesia de Relíquias;APU;S.131323;Administração Regional e Local – Administração Local;nao;INE S.13 2025;2025
Freguesia de Remelhe;APU;S.131323;Administração Regional e Local – Administração Local;nao;INE S.13 2025;2025
Freguesia de Remédios;APU;S.131323;Administração Regional e Local – Administração Local;nao;INE S.13 2025;2025
Freguesia de Rendo;APU;S.131323;Administração Regional e Local – Administração Local;nao;INE S.13 2025;2025
Freguesia de Rendufe;APU;S.131323;Administração Regional e Local – Administração Local;nao;INE S.13 2025;2025
Freguesia de Rendufinho;APU;S.131323;Administração Regional e Local – Administração Local;nao;INE S.13 2025;2025
Freguesia de Repeses e São Salvador;APU;S.131323;Administração Regional e Local – Administração Local;nao;INE S.13 2025;2025
Freguesia de Requeixo, Nossa Senhora de Fátima e Nariz;APU;S.131323;Administração Regional e Local – Administração Local;nao;INE S.13 2025;2025
Freguesia de Requião;APU;S.131323;Administração Regional e Local – Administração Local;nao;INE S.13 2025;2025
Freguesia de Resende;APU;S.131323;Administração Regional e Local – Administração Local;nao;INE S.13 2025;2025
Freguesia de Retorta;APU;S.131323;Administração Regional e Local – Administração Local;nao;INE S.13 2025;2025
Freguesia de Revelhe;APU;S.131323;Administração Regional e Local – Administração Local;nao;INE S.13 2025;2025
Freguesia de Revinhade;APU;S.131323;Administração Regional e Local – Administração Local;nao;INE S.13 2025;2025
Freguesia de Riachos;APU;S.131323;Administração Regional e Local – Administração Local;nao;INE S.13 2025;2025
Freguesia de Riba de Ave;APU;S.131323;Administração Regional e Local – Administração Local;nao;INE S.13 2025;2025
Freguesia de Riba de Mouro;APU;S.131323;Administração Regional e Local – Administração Local;nao;INE S.13 2025;2025
Freguesia de Riba de Âncora;APU;S.131323;Administração Regional e Local – Administração Local;nao;INE S.13 2025;2025
Freguesia de Ribafeita;APU;S.131323;Administração Regional e Local – Administração Local;nao;INE S.13 2025;2025
Freguesia de Ribamar;APU;S.131323;Administração Regional e Local – Administração Local;nao;INE S.13 2025;2025
Freguesia de Ribamondego;APU;S.131323;Administração Regional e Local – Administração Local;nao;INE S.13 2025;2025
Freguesia de Ribas;APU;S.131323;Administração Regional e Local – Administração Local;nao;INE S.13 2025;2025
Freguesia de Ribeira;APU;S.131323;Administração Regional e Local – Administração Local;nao;INE S.13 2025;2025
Freguesia de Ribeira Brava;APU;S.131323;Administração Regional e Local – Administração Local;nao;INE S.13 2025;2025
Freguesia de Ribeira Chã;APU;S.131323;Administração Regional e Local – Administração Local;nao;INE S.13 2025;2025
Freguesia de Ribeira Grande (Conceição);APU;S.131323;Administração Regional e Local – Administração Local;nao;INE S.13 2025;2025
Freguesia de Ribeira Grande (Matriz);APU;S.131323;Administração Regional e Local – Administração Local;nao;INE S.13 2025;2025
Freguesia de Ribeira Quente;APU;S.131323;Administração Regional e Local – Administração Local;nao;INE S.13 2025;2025
Freguesia de Ribeira Seca;APU;S.131323;Administração Regional e Local – Administração Local;nao;INE S.13 2025;2025
Freguesia de Ribeira da Janela;APU;S.131323;Administração Regional e Local – Administração Local;nao;INE S.13 2025;2025
Freguesia de Ribeira das Tainhas;APU;S.131323;Administração Regional e Local – Administração Local;nao;INE S.13 2025;2025
Freguesia de Ribeira de Fráguas;APU;S.131323;Administração Regional e Local – Administração Local;nao;INE S.13 2025;2025
Freguesia de Ribeiradio;APU;S.131323;Administração Regional e Local – Administração Local;nao;INE S.13 2025;2025
Freguesia de Ribeiras;APU;S.131323;Administração Regional e Local – Administração Local;nao;INE S.13 2025;2025
Freguesia de Ribeirinha;APU;S.131323;Administração Regional e Local – Administração Local;nao;INE S.13 2025;2025
Freguesia de Ribeiros;APU;S.131323;Administração Regional e Local – Administração Local;nao;INE S.13 2025;2025
Freguesia de Ribeirão;APU;S.131323;Administração Regional e Local – Administração Local;nao;INE S.13 2025;2025
Freguesia de Rio Caldo;APU;S.131323;Administração Regional e Local – Administração Local;nao;INE S.13 2025;2025
Freguesia de Rio Covo (Santa Eugénia);APU;S.131323;Administração Regional e Local – Administração Local;nao;INE S.13 2025;2025
Freguesia de Rio Covo (Santa Eulália);APU;S.131323;Administração Regional e Local – Administração Local;nao;INE S.13 2025;2025
Freguesia de Rio Douro;APU;S.131323;Administração Regional e Local – Administração Local;nao;INE S.13 2025;2025
Freguesia de Rio Frio;APU;S.131323;Administração Regional e Local – Administração Local;nao;INE S.13 2025;2025
Freguesia de Rio Maior;APU;S.131323;Administração Regional e Local – Administração Local;nao;INE S.13 2025;2025
Freguesia de Rio Mau;APU;S.131323;Administração Regional e Local – Administração Local;nao;INE S.13 2025;2025
Freguesia de Rio Meão;APU;S.131323;Administração Regional e Local – Administração Local;nao;INE S.13 2025;2025
Freguesia de Rio Tinto;APU;S.131323;Administração Regional e Local – Administração Local;nao;INE S.13 2025;2025
Freguesia de Rio Torto;APU;S.131323;Administração Regional e Local – Administração Local;nao;INE S.13 2025;2025
Freguesia de Rio de Couros;APU;S.131323;Administração Regional e Local – Administração Local;nao;INE S.13 2025;2025
Freguesia de Rio de Loba;APU;S.131323;Administração Regional e Local – Administração Local;nao;INE S.13 2025;2025
Freguesia de Rio de Mel;APU;S.131323;Administração Regional e Local – Administração Local;nao;INE S.13 2025;2025
Freguesia de Rio de Moinhos;APU;S.131323;Administração Regional e Local – Administração Local;nao;INE S.13 2025;2025
Freguesia de Rio de Mouro;APU;S.131323;Administração Regional e Local – Administração Local;nao;INE S.13 2025;2025
Freguesia de Riodades;APU;S.131323;Administração Regional e Local – Administração Local;nao;INE S.13 2025;2025
Freguesia de Rocas do Vouga;APU;S.131323;Administração Regional e Local – Administração Local;nao;INE S.13 2025;2025
Freguesia de Roge;APU;S.131323;Administração Regional e Local – Administração Local;nao;INE S.13 2025;2025
Freguesia de Rogil;APU;S.131323;Administração Regional e Local – Administração Local;nao;INE S.13 2025;2025
Freguesia de Roios;APU;S.131323;Administração Regional e Local – Administração Local;nao;INE S.13 2025;2025
Freguesia de Roliça;APU;S.131323;Administração Regional e Local – Administração Local;nao;INE S.13 2025;2025
Freguesia de Romarigães;APU;S.131323;Administração Regional e Local – Administração Local;nao;INE S.13 2025;2025
Freguesia de Romariz;APU;S.131323;Administração Regional e Local – Administração Local;nao;INE S.13 2025;2025
Freguesia de Ronfe;APU;S.131323;Administração Regional e Local – Administração Local;nao;INE S.13 2025;2025
Freguesia de Roriz;APU;S.131323;Administração Regional e Local – Administração Local;nao;INE S.13 2025;2025
Freguesia de Rosais;APU;S.131323;Administração Regional e Local – Administração Local;nao;INE S.13 2025;2025
Freguesia de Rosmaninhal;APU;S.131323;Administração Regional e Local – Administração Local;nao;INE S.13 2025;2025
Freguesia de Rossas;APU;S.131323;Administração Regional e Local – Administração Local;nao;INE S.13 2025;2025
Freguesia de Rosto do Cão (Livramento);APU;S.131323;Administração Regional e Local – Administração Local;nao;INE S.13 2025;2025
Freguesia de Rosto do Cão (São Roque);APU;S.131323;Administração Regional e Local – Administração Local;nao;INE S.13 2025;2025
Freguesia de Rosário;APU;S.131323;Administração Regional e Local – Administração Local;nao;INE S.13 2025;2025
Freguesia de Rubiães;APU;S.131323;Administração Regional e Local – Administração Local;nao;INE S.13 2025;2025
Freguesia de Ruilhe;APU;S.131323;Administração Regional e Local – Administração Local;nao;INE S.13 2025;2025
Freguesia de Ruivães;APU;S.131323;Administração Regional e Local – Administração Local;nao;INE S.13 2025;2025
Freguesia de Runa;APU;S.131323;Administração Regional e Local – Administração Local;nao;INE S.13 2025;2025
Freguesia de S. Tiago dos Velhos;APU;S.131323;Administração Regional e Local – Administração Local;nao;INE S.13 2025;2025
Freguesia de Sabacheira;APU;S.131323;Administração Regional e Local – Administração Local;nao;INE S.13 2025;2025
Freguesia de Sabadim;APU;S.131323;Administração Regional e Local – Administração Local;nao;INE S.13 2025;2025
Freguesia de Sabariz;APU;S.131323;Administração Regional e Local – Administração Local;nao;INE S.13 2025;2025
Freguesia de Sabrosa;APU;S.131323;Administração Regional e Local – Administração Local;nao;INE S.13 2025;2025
Freguesia de Sabroso de Aguiar;APU;S.131323;Administração Regional e Local – Administração Local;nao;INE S.13 2025;2025
Freguesia de Sabugosa;APU;S.131323;Administração Regional e Local – Administração Local;nao;INE S.13 2025;2025
Freguesia de Sabugueiro;APU;S.131323;Administração Regional e Local – Administração Local;nao;INE S.13 2025;2025
Freguesia de Sabóia;APU;S.131323;Administração Regional e Local – Administração Local;nao;INE S.13 2025;2025
Freguesia de Sado;APU;S.131323;Administração Regional e Local – Administração Local;nao;INE S.13 2025;2025
Freguesia de Safara;APU;S.131323;Administração Regional e Local – Administração Local;nao;INE S.13 2025;2025
Freguesia de Sagres;APU;S.131323;Administração Regional e Local – Administração Local;nao;INE S.13 2025;2025
Freguesia de Salamonde;APU;S.131323;Administração Regional e Local – Administração Local;nao;INE S.13 2025;2025
Freguesia de Saldanha;APU;S.131323;Administração Regional e Local – Administração Local;nao;INE S.13 2025;2025
Freguesia de Salga;APU;S.131323;Administração Regional e Local – Administração Local;nao;INE S.13 2025;2025
Freguesia de Salgueiro do Campo;APU;S.131323;Administração Regional e Local – Administração Local;nao;INE S.13 2025;2025
Freguesia de Salir;APU;S.131323;Administração Regional e Local – Administração Local;nao;INE S.13 2025;2025
Freguesia de Salir de Matos;APU;S.131323;Administração Regional e Local – Administração Local;nao;INE S.13 2025;2025
Freguesia de Salreu;APU;S.131323;Administração Regional e Local – Administração Local;nao;INE S.13 2025;2025
Freguesia de Salsas;APU;S.131323;Administração Regional e Local – Administração Local;nao;INE S.13 2025;2025
Freguesia de Salselas;APU;S.131323;Administração Regional e Local – Administração Local;nao;INE S.13 2025;2025
Freguesia de Salto;APU;S.131323;Administração Regional e Local – Administração Local;nao;INE S.13 2025;2025
Freguesia de Salvador;APU;S.131323;Administração Regional e Local – Administração Local;nao;INE S.13 2025;2025
Freguesia de Salvador do Monte;APU;S.131323;Administração Regional e Local – Administração Local;nao;INE S.13 2025;2025
Freguesia de Salvaterra de Magos;APU;S.131323;Administração Regional e Local – Administração Local;nao;INE S.13 2025;2025
Freguesia de Salzedas;APU;S.131323;Administração Regional e Local – Administração Local;nao;INE S.13 2025;2025
Freguesia de Salão;APU;S.131323;Administração Regional e Local – Administração Local;nao;INE S.13 2025;2025
Freguesia de Sambade;APU;S.131323;Administração Regional e Local – Administração Local;nao;INE S.13 2025;2025
Freguesia de Sameiro;APU;S.131323;Administração Regional e Local – Administração Local;nao;INE S.13 2025;2025
Freguesia de Samil;APU;S.131323;Administração Regional e Local – Administração Local;nao;INE S.13 2025;2025
Freguesia de Samodães;APU;S.131323;Administração Regional e Local – Administração Local;nao;INE S.13 2025;2025
Freguesia de Samora Correia;APU;S.131323;Administração Regional e Local – Administração Local;nao;INE S.13 2025;2025
Freguesia de Samouco;APU;S.131323;Administração Regional e Local – Administração Local;nao;INE S.13 2025;2025
Freguesia de Sampaio;APU;S.131323;Administração Regional e Local – Administração Local;nao;INE S.13 2025;2025
Freguesia de Sampriz;APU;S.131323;Administração Regional e Local – Administração Local;nao;INE S.13 2025;2025
Freguesia de Samuel;APU;S.131323;Administração Regional e Local – Administração Local;nao;INE S.13 2025;2025
Freguesia de Samões;APU;S.131323;Administração Regional e Local – Administração Local;nao;INE S.13 2025;2025
Freguesia de Sande;APU;S.131323;Administração Regional e Local – Administração Local;nao;INE S.13 2025;2025
Freguesia de Sande (São Clemente);APU;S.131323;Administração Regional e Local – Administração Local;nao;INE S.13 2025;2025
Freguesia de Sande (São Martinho);APU;S.131323;Administração Regional e Local – Administração Local;nao;INE S.13 2025;2025
Freguesia de Sande (Vila Nova);APU;S.131323;Administração Regional e Local – Administração Local;nao;INE S.13 2025;2025
Freguesia de Sande e São Lourenço do Douro;APU;S.131323;Administração Regional e Local – Administração Local;nao;INE S.13 2025;2025
Freguesia de Sandim;APU;S.131323;Administração Regional e Local – Administração Local;nao;INE S.13 2025;2025
Freguesia de Sandiães;APU;S.131323;Administração Regional e Local – Administração Local;nao;INE S.13 2025;2025
Freguesia de Sandomil;APU;S.131323;Administração Regional e Local – Administração Local;nao;INE S.13 2025;2025
Freguesia de Sanfins;APU;S.131323;Administração Regional e Local – Administração Local;nao;INE S.13 2025;2025
Freguesia de Sanfins de Ferreira;APU;S.131323;Administração Regional e Local – Administração Local;nao;INE S.13 2025;2025
Freguesia de Sanfins do Douro;APU;S.131323;Administração Regional e Local – Administração Local;nao;INE S.13 2025;2025
Freguesia de Sangalhos;APU;S.131323;Administração Regional e Local – Administração Local;nao;INE S.13 2025;2025
Freguesia de Sanguedo;APU;S.131323;Administração Regional e Local – Administração Local;nao;INE S.13 2025;2025
Freguesia de Sanguinheira;APU;S.131323;Administração Regional e Local – Administração Local;nao;INE S.13 2025;2025
Freguesia de Sanhoane;APU;S.131323;Administração Regional e Local – Administração Local;nao;INE S.13 2025;2025
Freguesia de Santa Bárbara;APU;S.131323;Administração Regional e Local – Administração Local;nao;INE S.13 2025;2025
Freguesia de Santa Bárbara de Nexe;APU;S.131323;Administração Regional e Local – Administração Local;nao;INE S.13 2025;2025
Freguesia de Santa Bárbara de Padrões;APU;S.131323;Administração Regional e Local – Administração Local;nao;INE S.13 2025;2025
Freguesia de Santa Catarina;APU;S.131323;Administração Regional e Local – Administração Local;nao;INE S.13 2025;2025
Freguesia de Santa Catarina da Fonte do Bispo;APU;S.131323;Administração Regional e Local – Administração Local;nao;INE S.13 2025;2025
Freguesia de Santa Clara;APU;S.131323;Administração Regional e Local – Administração Local;nao;INE S.13 2025;2025
Freguesia de Santa Clara de Louredo;APU;S.131323;Administração Regional e Local – Administração Local;nao;INE S.13 2025;2025
Freguesia de Santa Clara-a-Nova;APU;S.131323;Administração Regional e Local – Administração Local;nao;INE S.13 2025;2025
Freguesia de Santa Clara-a-Velha;APU;S.131323;Administração Regional e Local – Administração Local;nao;INE S.13 2025;2025
Freguesia de Santa Comba;APU;S.131323;Administração Regional e Local – Administração Local;nao;INE S.13 2025;2025
Freguesia de Santa Comba de Rossas;APU;S.131323;Administração Regional e Local – Administração Local;nao;INE S.13 2025;2025
Freguesia de Santa Comba de Vilariça;APU;S.131323;Administração Regional e Local – Administração Local;nao;INE S.13 2025;2025
Freguesia de Santa Cruz;APU;S.131323;Administração Regional e Local – Administração Local;nao;INE S.13 2025;2025
Freguesia de Santa Cruz da Graciosa;APU;S.131323;Administração Regional e Local – Administração Local;nao;INE S.13 2025;2025
Freguesia de Santa Cruz das Flores;APU;S.131323;Administração Regional e Local – Administração Local;nao;INE S.13 2025;2025
Freguesia de Santa Cruz do Bispo;APU;S.131323;Administração Regional e Local – Administração Local;nao;INE S.13 2025;2025
Freguesia de Santa Cruz do Lima;APU;S.131323;Administração Regional e Local – Administração Local;nao;INE S.13 2025;2025
Freguesia de Santa Eugénia;APU;S.131323;Administração Regional e Local – Administração Local;nao;INE S.13 2025;2025
Freguesia de Santa Eulália;APU;S.131323;Administração Regional e Local – Administração Local;nao;INE S.13 2025;2025
Freguesia de Santa Joana;APU;S.131323;Administração Regional e Local – Administração Local;nao;INE S.13 2025;2025
Freguesia de Santa Leocádia;APU;S.131323;Administração Regional e Local – Administração Local;nao;INE S.13 2025;2025
Freguesia de Santa Luzia;APU;S.131323;Administração Regional e Local – Administração Local;nao;INE S.13 2025;2025
Freguesia de Santa Margarida da Coutada;APU;S.131323;Administração Regional e Local – Administração Local;nao;INE S.13 2025;2025
Freguesia de Santa Maria Maior;APU;S.131323;Administração Regional e Local – Administração Local;nao;INE S.13 2025;2025
Freguesia de Santa Maria da Devesa;APU;S.131323;Administração Regional e Local – Administração Local;nao;INE S.13 2025;2025
Freguesia de Santa Maria de Emeres;APU;S.131323;Administração Regional e Local – Administração Local;nao;INE S.13 2025;2025
Freguesia de Santa Maria de Lamas;APU;S.131323;Administração Regional e Local – Administração Local;nao;INE S.13 2025;2025
Freguesia de Santa Maria de Marvão;APU;S.131323;Administração Regional e Local – Administração Local;nao;INE S.13 2025;2025
Freguesia de Santa Maria de Sardoura;APU;S.131323;Administração Regional e Local – Administração Local;nao;INE S.13 2025;2025
Freguesia de Santa Maria, São Pedro e Matacães;APU;S.131323;Administração Regional e Local – Administração Local;nao;INE S.13 2025;2025
Freguesia de Santa Maria, São Pedro e Sobral da Lagoa;APU;S.131323;Administração Regional e Local – Administração Local;nao;INE S.13 2025;2025
Freguesia de Santa Marinha;APU;S.131323;Administração Regional e Local – Administração Local;nao;INE S.13 2025;2025
Freguesia de Santa Marinha do Zêzere;APU;S.131323;Administração Regional e Local – Administração Local;nao;INE S.13 2025;2025
Freguesia de Santa Marta de Portuzelo;APU;S.131323;Administração Regional e Local – Administração Local;nao;INE S.13 2025;2025
Freguesia de Santa Susana;APU;S.131323;Administração Regional e Local – Administração Local;nao;INE S.13 2025;2025
Freguesia de Santa Valha;APU;S.131323;Administração Regional e Local – Administração Local;nao;INE S.13 2025;2025
Freguesia de Santalha;APU;S.131323;Administração Regional e Local – Administração Local;nao;INE S.13 2025;2025
Freguesia de Santana;APU;S.131323;Administração Regional e Local – Administração Local;nao;INE S.13 2025;2025
Freguesia de Santana da Azinha;APU;S.131323;Administração Regional e Local – Administração Local;nao;INE S.13 2025;2025
Freguesia de Santana da Serra;APU;S.131323;Administração Regional e Local – Administração Local;nao;INE S.13 2025;2025
Freguesia de Santana de Cambas;APU;S.131323;Administração Regional e Local – Administração Local;nao;INE S.13 2025;2025
Freguesia de Santana do Mato;APU;S.131323;Administração Regional e Local – Administração Local;nao;INE S.13 2025;2025
Freguesia de Santiago;APU;S.131323;Administração Regional e Local – Administração Local;nao;INE S.13 2025;2025
Freguesia de Santiago Maior;APU;S.131323;Administração Regional e Local – Administração Local;nao;INE S.13 2025;2025
Freguesia de Santiago da Guarda;APU;S.131323;Administração Regional e Local – Administração Local;nao;INE S.13 2025;2025
Freguesia de Santiago da Ribeira de Alhariz;APU;S.131323;Administração Regional e Local – Administração Local;nao;INE S.13 2025;2025
Freguesia de Santiago de Besteiros;APU;S.131323;Administração Regional e Local – Administração Local;nao;INE S.13 2025;2025
Freguesia de Santiago de Litém;APU;S.131323;Administração Regional e Local – Administração Local;nao;INE S.13 2025;2025
Freguesia de Santiago de Montalegre;APU;S.131323;Administração Regional e Local – Administração Local;nao;INE S.13 2025;2025
Freguesia de Santiago de Piães;APU;S.131323;Administração Regional e Local – Administração Local;nao;INE S.13 2025;2025
Freguesia de Santiago do Escoural;APU;S.131323;Administração Regional e Local – Administração Local;nao;INE S.13 2025;2025
Freguesia de Santo Aleixo;APU;S.131323;Administração Regional e Local – Administração Local;nao;INE S.13 2025;2025
Freguesia de Santo Aleixo da Restauração;APU;S.131323;Administração Regional e Local – Administração Local;nao;INE S.13 2025;2025
Freguesia de Santo Amaro;APU;S.131323;Administração Regional e Local – Administração Local;nao;INE S.13 2025;2025
Freguesia de Santo André;APU;S.131323;Administração Regional e Local – Administração Local;nao;INE S.13 2025;2025
Freguesia de Santo André das Tojeiras;APU;S.131323;Administração Regional e Local – Administração Local;nao;INE S.13 2025;2025
Freguesia de Santo André de Vagos;APU;S.131323;Administração Regional e Local – Administração Local;nao;INE S.13 2025;2025
Freguesia de Santo Antão;APU;S.131323;Administração Regional e Local – Administração Local;nao;INE S.13 2025;2025
Freguesia de Santo António;APU;S.131323;Administração Regional e Local – Administração Local;nao;INE S.13 2025;2025
Freguesia de Santo António da Charneca;APU;S.131323;Administração Regional e Local – Administração Local;nao;INE S.13 2025;2025
Freguesia de Santo António da Serra;APU;S.131323;Administração Regional e Local – Administração Local;nao;INE S.13 2025;2025
Freguesia de Santo António das Areias;APU;S.131323;Administração Regional e Local – Administração Local;nao;INE S.13 2025;2025
Freguesia de Santo António de Monforte;APU;S.131323;Administração Regional e Local – Administração Local;nao;INE S.13 2025;2025
Freguesia de Santo António de Nordestinho;APU;S.131323;Administração Regional e Local – Administração Local;nao;INE S.13 2025;2025
Freguesia de Santo António dos Olivais;APU;S.131323;Administração Regional e Local – Administração Local;nao;INE S.13 2025;2025
Freguesia de Santo Emilião;APU;S.131323;Administração Regional e Local – Administração Local;nao;INE S.13 2025;2025
Freguesia de Santo Espírito;APU;S.131323;Administração Regional e Local – Administração Local;nao;INE S.13 2025;2025
Freguesia de Santo Estêvão;APU;S.131323;Administração Regional e Local – Administração Local;nao;INE S.13 2025;2025
Freguesia de Santo Isidoro;APU;S.131323;Administração Regional e Local – Administração Local;nao;INE S.13 2025;2025
Freguesia de Santo Isidoro e Livração;APU;S.131323;Administração Regional e Local – Administração Local;nao;INE S.13 2025;2025
Freguesia de Santo Quintino;APU;S.131323;Administração Regional e Local – Administração Local;nao;INE S.13 2025;2025
Freguesia de Santo Varão;APU;S.131323;Administração Regional e Local – Administração Local;nao;INE S.13 2025;2025
Freguesia de Santos Evos;APU;S.131323;Administração Regional e Local – Administração Local;nao;INE S.13 2025;2025
Freguesia de Santulhão;APU;S.131323;Administração Regional e Local – Administração Local;nao;INE S.13 2025;2025
Freguesia de Sapardos;APU;S.131323;Administração Regional e Local – Administração Local;nao;INE S.13 2025;2025
Freguesia de Sapataria;APU;S.131323;Administração Regional e Local – Administração Local;nao;INE S.13 2025;2025
Freguesia de Sapiãos;APU;S.131323;Administração Regional e Local – Administração Local;nao;INE S.13 2025;2025
Freguesia de Sardoal;APU;S.131323;Administração Regional e Local – Administração Local;nao;INE S.13 2025;2025
Freguesia de Sarilhos Grandes;APU;S.131323;Administração Regional e Local – Administração Local;nao;INE S.13 2025;2025
Freguesia de Sarnadas de Ródão;APU;S.131323;Administração Regional e Local – Administração Local;nao;INE S.13 2025;2025
Freguesia de Sarnadas de São Simão;APU;S.131323;Administração Regional e Local – Administração Local;nao;INE S.13 2025;2025
Freguesia de Sarraquinhos;APU;S.131323;Administração Regional e Local – Administração Local;nao;INE S.13 2025;2025
Freguesia de Sarzedas;APU;S.131323;Administração Regional e Local – Administração Local;nao;INE S.13 2025;2025
Freguesia de Sarzedo;APU;S.131323;Administração Regional e Local – Administração Local;nao;INE S.13 2025;2025
Freguesia de Sazes da Beira;APU;S.131323;Administração Regional e Local – Administração Local;nao;INE S.13 2025;2025
Freguesia de Sazes do Lorvão;APU;S.131323;Administração Regional e Local – Administração Local;nao;INE S.13 2025;2025
Freguesia de Seara;APU;S.131323;Administração Regional e Local – Administração Local;nao;INE S.13 2025;2025
Freguesia de Sebadelhe;APU;S.131323;Administração Regional e Local – Administração Local;nao;INE S.13 2025;2025
Freguesia de Sebolido;APU;S.131323;Administração Regional e Local – Administração Local;nao;INE S.13 2025;2025
Freguesia de Secarias;APU;S.131323;Administração Regional e Local – Administração Local;nao;INE S.13 2025;2025
Freguesia de Seda;APU;S.131323;Administração Regional e Local – Administração Local;nao;INE S.13 2025;2025
Freguesia de Sedielos;APU;S.131323;Administração Regional e Local – Administração Local;nao;INE S.13 2025;2025
Freguesia de Segude;APU;S.131323;Administração Regional e Local – Administração Local;nao;INE S.13 2025;2025
Freguesia de Seia;APU;S.131323;Administração Regional e Local – Administração Local;nao;INE S.13 2025;2025
Freguesia de Seixal;APU;S.131323;Administração Regional e Local – Administração Local;nao;INE S.13 2025;2025
Freguesia de Seixas;APU;S.131323;Administração Regional e Local – Administração Local;nao;INE S.13 2025;2025
Freguesia de Seixezelo;APU;S.131323;Administração Regional e Local – Administração Local;nao;INE S.13 2025;2025
Freguesia de Seixo;APU;S.131323;Administração Regional e Local – Administração Local;nao;INE S.13 2025;2025
Freguesia de Seixo da Beira;APU;S.131323;Administração Regional e Local – Administração Local;nao;INE S.13 2025;2025
Freguesia de Seixo de Ansiães;APU;S.131323;Administração Regional e Local – Administração Local;nao;INE S.13 2025;2025
Freguesia de Seixo de Gatões;APU;S.131323;Administração Regional e Local – Administração Local;nao;INE S.13 2025;2025
Freguesia de Seixo de Manhoses;APU;S.131323;Administração Regional e Local – Administração Local;nao;INE S.13 2025;2025
Freguesia de Seiça;APU;S.131323;Administração Regional e Local – Administração Local;nao;INE S.13 2025;2025
Freguesia de Selho (São Cristóvão);APU;S.131323;Administração Regional e Local – Administração Local;nao;INE S.13 2025;2025
Freguesia de Selho (São Jorge);APU;S.131323;Administração Regional e Local – Administração Local;nao;INE S.13 2025;2025
Freguesia de Selmes;APU;S.131323;Administração Regional e Local – Administração Local;nao;INE S.13 2025;2025
Freguesia de Sendas;APU;S.131323;Administração Regional e Local – Administração Local;nao;INE S.13 2025;2025
Freguesia de Sendim;APU;S.131323;Administração Regional e Local – Administração Local;nao;INE S.13 2025;2025
Freguesia de Senharei;APU;S.131323;Administração Regional e Local – Administração Local;nao;INE S.13 2025;2025
Freguesia de Senhora da Graça dos Padrões;APU;S.131323;Administração Regional e Local – Administração Local;nao;INE S.13 2025;2025
Freguesia de Senhora da Hora;APU;S.131323;Administração Regional e Local – Administração Local;nao;INE S.13 2025;2025
Freguesia de Senhorim;APU;S.131323;Administração Regional e Local – Administração Local;nao;INE S.13 2025;2025
Freguesia de Sequeira;APU;S.131323;Administração Regional e Local – Administração Local;nao;INE S.13 2025;2025
Freguesia de Serapicos;APU;S.131323;Administração Regional e Local – Administração Local;nao;INE S.13 2025;2025
Freguesia de Serdedelo;APU;S.131323;Administração Regional e Local – Administração Local;nao;INE S.13 2025;2025
Freguesia de Sermonde;APU;S.131323;Administração Regional e Local – Administração Local;nao;INE S.13 2025;2025
Freguesia de Seroa;APU;S.131323;Administração Regional e Local – Administração Local;nao;INE S.13 2025;2025
Freguesia de Serpins;APU;S.131323;Administração Regional e Local – Administração Local;nao;INE S.13 2025;2025
Freguesia de Serra;APU;S.131323;Administração Regional e Local – Administração Local;nao;INE S.13 2025;2025
Freguesia de Serra d'El-Rei;APU;S.131323;Administração Regional e Local – Administração Local;nao;INE S.13 2025;2025
Freguesia de Serra de Santo António;APU;S.131323;Administração Regional e Local – Administração Local;nao;INE S.13 2025;2025
Freguesia de Serra de Água;APU;S.131323;Administração Regional e Local – Administração Local;nao;INE S.13 2025;2025
Freguesia de Serrazes;APU;S.131323;Administração Regional e Local – Administração Local;nao;INE S.13 2025;2025
Freguesia de Serreleis;APU;S.131323;Administração Regional e Local – Administração Local;nao;INE S.13 2025;2025
Freguesia de Serreta;APU;S.131323;Administração Regional e Local – Administração Local;nao;INE S.13 2025;2025
Freguesia de Serro Ventoso;APU;S.131323;Administração Regional e Local – Administração Local;nao;INE S.13 2025;2025
Freguesia de Sertã;APU;S.131323;Administração Regional e Local – Administração Local;nao;INE S.13 2025;2025
Freguesia de Serzedelo;APU;S.131323;Administração Regional e Local – Administração Local;nao;INE S.13 2025;2025
Freguesia de Serzedo;APU;S.131323;Administração Regional e Local – Administração Local;nao;INE S.13 2025;2025
Freguesia de Sesimbra (Castelo);APU;S.131323;Administração Regional e Local – Administração Local;nao;INE S.13 2025;2025
Freguesia de Sesimbra (Santiago);APU;S.131323;Administração Regional e Local – Administração Local;nao;INE S.13 2025;2025
Freguesia de Sete Cidades;APU;S.131323;Administração Regional e Local – Administração Local;nao;INE S.13 2025;2025
Freguesia de Setúbal (São Sebastião);APU;S.131323;Administração Regional e Local – Administração Local;nao;INE S.13 2025;2025
Freguesia de Sever;APU;S.131323;Administração Regional e Local – Administração Local;nao;INE S.13 2025;2025
Freguesia de Sever do Vouga;APU;S.131323;Administração Regional e Local – Administração Local;nao;INE S.13 2025;2025
Freguesia de Sezulfe;APU;S.131323;Administração Regional e Local – Administração Local;nao;INE S.13 2025;2025
Freguesia de Sezures;APU;S.131323;Administração Regional e Local – Administração Local;nao;INE S.13 2025;2025
Freguesia de Silgueiros;APU;S.131323;Administração Regional e Local – Administração Local;nao;INE S.13 2025;2025
Freguesia de Silva;APU;S.131323;Administração Regional e Local – Administração Local;nao;INE S.13 2025;2025
Freguesia de Silva Escura;APU;S.131323;Administração Regional e Local – Administração Local;nao;INE S.13 2025;2025
Freguesia de Silvalde;APU;S.131323;Administração Regional e Local – Administração Local;nao;INE S.13 2025;2025
Freguesia de Silvares;APU;S.131323;Administração Regional e Local – Administração Local;nao;INE S.13 2025;2025
Freguesia de Silvares (São Martinho);APU;S.131323;Administração Regional e Local – Administração Local;nao;INE S.13 2025;2025
Freguesia de Silveira;APU;S.131323;Administração Regional e Local – Administração Local;nao;INE S.13 2025;2025
Freguesia de Silveiras;APU;S.131323;Administração Regional e Local – Administração Local;nao;INE S.13 2025;2025
Freguesia de Silveiros;APU;S.131323;Administração Regional e Local – Administração Local;nao;INE S.13 2025;2025
Freguesia de Silves;APU;S.131323;Administração Regional e Local – Administração Local;nao;INE S.13 2025;2025
Freguesia de Silvã de Cima;APU;S.131323;Administração Regional e Local – Administração Local;nao;INE S.13 2025;2025
Freguesia de Sines;APU;S.131323;Administração Regional e Local – Administração Local;nao;INE S.13 2025;2025
Freguesia de Sistelo;APU;S.131323;Administração Regional e Local – Administração Local;nao;INE S.13 2025;2025
Freguesia de Soajo;APU;S.131323;Administração Regional e Local – Administração Local;nao;INE S.13 2025;2025
Freguesia de Soalheira;APU;S.131323;Administração Regional e Local – Administração Local;nao;INE S.13 2025;2025
Freguesia de Soalhães;APU;S.131323;Administração Regional e Local – Administração Local;nao;INE S.13 2025;2025
Freguesia de Sobradelo da Goma;APU;S.131323;Administração Regional e Local – Administração Local;nao;INE S.13 2025;2025
Freguesia de Sobrado;APU;S.131323;Administração Regional e Local – Administração Local;nao;INE S.13 2025;2025
Freguesia de Sobral;APU;S.131323;Administração Regional e Local – Administração Local;nao;INE S.13 2025;2025
Freguesia de Sobral da Adiça;APU;S.131323;Administração Regional e Local – Administração Local;nao;INE S.13 2025;2025
Freguesia de Sobral da Serra;APU;S.131323;Administração Regional e Local – Administração Local;nao;INE S.13 2025;2025
Freguesia de Sobral de Monte Agraço;APU;S.131323;Administração Regional e Local – Administração Local;nao;INE S.13 2025;2025
Freguesia de Sobral de São Miguel;APU;S.131323;Administração Regional e Local – Administração Local;nao;INE S.13 2025;2025
Freguesia de Sobral do Campo;APU;S.131323;Administração Regional e Local – Administração Local;nao;INE S.13 2025;2025
Freguesia de Sobreira;APU;S.131323;Administração Regional e Local – Administração Local;nao;INE S.13 2025;2025
Freguesia de Sobreposta;APU;S.131323;Administração Regional e Local – Administração Local;nao;INE S.13 2025;2025
Freguesia de Sobretâmega;APU;S.131323;Administração Regional e Local – Administração Local;nao;INE S.13 2025;2025
Freguesia de Sobrosa;APU;S.131323;Administração Regional e Local – Administração Local;nao;INE S.13 2025;2025
Freguesia de Solveira;APU;S.131323;Administração Regional e Local – Administração Local;nao;INE S.13 2025;2025
Freguesia de Sonim e Barreiros;APU;S.131323;Administração Regional e Local – Administração Local;nao;INE S.13 2025;2025
Freguesia de Sopo;APU;S.131323;Administração Regional e Local – Administração Local;nao;INE S.13 2025;2025
Freguesia de Sortelha;APU;S.131323;Administração Regional e Local – Administração Local;nao;INE S.13 2025;2025
Freguesia de Sortes;APU;S.131323;Administração Regional e Local – Administração Local;nao;INE S.13 2025;2025
Freguesia de Sosa;APU;S.131323;Administração Regional e Local – Administração Local;nao;INE S.13 2025;2025
Freguesia de Soure;APU;S.131323;Administração Regional e Local – Administração Local;nao;INE S.13 2025;2025
Freguesia de Souro Pires;APU;S.131323;Administração Regional e Local – Administração Local;nao;INE S.13 2025;2025
Freguesia de Sousel;APU;S.131323;Administração Regional e Local – Administração Local;nao;INE S.13 2025;2025
Freguesia de Sousela;APU;S.131323;Administração Regional e Local – Administração Local;nao;INE S.13 2025;2025
Freguesia de Souselo;APU;S.131323;Administração Regional e Local – Administração Local;nao;INE S.13 2025;2025
Freguesia de Soutelo;APU;S.131323;Administração Regional e Local – Administração Local;nao;INE S.13 2025;2025
Freguesia de Soutelo de Aguiar;APU;S.131323;Administração Regional e Local – Administração Local;nao;INE S.13 2025;2025
Freguesia de Soutelo do Douro;APU;S.131323;Administração Regional e Local – Administração Local;nao;INE S.13 2025;2025
Freguesia de Souto;APU;S.131323;Administração Regional e Local – Administração Local;nao;INE S.13 2025;2025
Freguesia de Souto Maior;APU;S.131323;Administração Regional e Local – Administração Local;nao;INE S.13 2025;2025
Freguesia de Souto da Carpalhosa;APU;S.131323;Administração Regional e Local – Administração Local;nao;INE S.13 2025;2025
Freguesia de Souto da Casa;APU;S.131323;Administração Regional e Local – Administração Local;nao;INE S.13 2025;2025
Freguesia de Sul;APU;S.131323;Administração Regional e Local – Administração Local;nao;INE S.13 2025;2025
Freguesia de Suçães;APU;S.131323;Administração Regional e Local – Administração Local;nao;INE S.13 2025;2025
Freguesia de Sá;APU;S.131323;Administração Regional e Local – Administração Local;nao;INE S.13 2025;2025
Freguesia de Sátão;APU;S.131323;Administração Regional e Local – Administração Local;nao;INE S.13 2025;2025
Freguesia de São Barnabé;APU;S.131323;Administração Regional e Local – Administração Local;nao;INE S.13 2025;2025
Freguesia de São Bartolomeu de Messines;APU;S.131323;Administração Regional e Local – Administração Local;nao;INE S.13 2025;2025
Freguesia de São Bartolomeu de Regatos;APU;S.131323;Administração Regional e Local – Administração Local;nao;INE S.13 2025;2025
Freguesia de São Bartolomeu do Outeiro;APU;S.131323;Administração Regional e Local – Administração Local;nao;INE S.13 2025;2025
Freguesia de São Bento;APU;S.131323;Administração Regional e Local – Administração Local;nao;INE S.13 2025;2025
Freguesia de São Bento do Mato;APU;S.131323;Administração Regional e Local – Administração Local;nao;INE S.13 2025;2025
Freguesia de São Bernardo;APU;S.131323;Administração Regional e Local – Administração Local;nao;INE S.13 2025;2025
Freguesia de São Brás;APU;S.131323;Administração Regional e Local – Administração Local;nao;INE S.13 2025;2025
Freguesia de São Brás de Alportel;APU;S.131323;Administração Regional e Local – Administração Local;nao;INE S.13 2025;2025
Freguesia de São Brás e São Lourenço;APU;S.131323;Administração Regional e Local – Administração Local;nao;INE S.13 2025;2025
Freguesia de São Caetano;APU;S.131323;Administração Regional e Local – Administração Local;nao;INE S.13 2025;2025
Freguesia de São Cipriano;APU;S.131323;Administração Regional e Local – Administração Local;nao;INE S.13 2025;2025
Freguesia de São Cipriano e Vil de Souto;APU;S.131323;Administração Regional e Local – Administração Local;nao;INE S.13 2025;2025
Freguesia de São Cosmado;APU;S.131323;Administração Regional e Local – Administração Local;nao;INE S.13 2025;2025
Freguesia de São Cristóvão;APU;S.131323;Administração Regional e Local – Administração Local;nao;INE S.13 2025;2025
Freguesia de São Cristóvão de Mondim de Basto;APU;S.131323;Administração Regional e Local – Administração Local;nao;INE S.13 2025;2025
Freguesia de São Cristóvão de Nogueira;APU;S.131323;Administração Regional e Local – Administração Local;nao;INE S.13 2025;2025
Freguesia de São Domingos;APU;S.131323;Administração Regional e Local – Administração Local;nao;INE S.13 2025;2025
Freguesia de São Domingos de Ana Loura;APU;S.131323;Administração Regional e Local – Administração Local;nao;INE S.13 2025;2025
Freguesia de São Domingos de Benfica;APU;S.131323;Administração Regional e Local – Administração Local;nao;INE S.13 2025;2025
Freguesia de São Domingos de Rana;APU;S.131323;Administração Regional e Local – Administração Local;nao;INE S.13 2025;2025
Freguesia de São Faustino;APU;S.131323;Administração Regional e Local – Administração Local;nao;INE S.13 2025;2025
Freguesia de São Francisco;APU;S.131323;Administração Regional e Local – Administração Local;nao;INE S.13 2025;2025
Freguesia de São Francisco da Serra;APU;S.131323;Administração Regional e Local – Administração Local;nao;INE S.13 2025;2025
Freguesia de São Félix;APU;S.131323;Administração Regional e Local – Administração Local;nao;INE S.13 2025;2025
Freguesia de São Félix da Marinha;APU;S.131323;Administração Regional e Local – Administração Local;nao;INE S.13 2025;2025
Freguesia de São Gens;APU;S.131323;Administração Regional e Local – Administração Local;nao;INE S.13 2025;2025
Freguesia de São Gião;APU;S.131323;Administração Regional e Local – Administração Local;nao;INE S.13 2025;2025
Freguesia de São Gonçalo;APU;S.131323;Administração Regional e Local – Administração Local;nao;INE S.13 2025;2025
Freguesia de São Gonçalo de Lagos;APU;S.131323;Administração Regional e Local – Administração Local;nao;INE S.13 2025;2025
Freguesia de São Jacinto;APU;S.131323;Administração Regional e Local – Administração Local;nao;INE S.13 2025;2025
Freguesia de São Joaninho;APU;S.131323;Administração Regional e Local – Administração Local;nao;INE S.13 2025;2025
Freguesia de São Jorge;APU;S.131323;Administração Regional e Local – Administração Local;nao;INE S.13 2025;2025
Freguesia de São Jorge da Beira;APU;S.131323;Administração Regional e Local – Administração Local;nao;INE S.13 2025;2025
Freguesia de São José da Lamarosa;APU;S.131323;Administração Regional e Local – Administração Local;nao;INE S.13 2025;2025
Freguesia de São João;APU;S.131323;Administração Regional e Local – Administração Local;nao;INE S.13 2025;2025
Freguesia de São João Baptista;APU;S.131323;Administração Regional e Local – Administração Local;nao;INE S.13 2025;2025
Freguesia de São João da Boa Vista;APU;S.131323;Administração Regional e Local – Administração Local;nao;INE S.13 2025;2025
Freguesia de São João da Corveira;APU;S.131323;Administração Regional e Local – Administração Local;nao;INE S.13 2025;2025
Freguesia de São João da Fresta;APU;S.131323;Administração Regional e Local – Administração Local;nao;INE S.13 2025;2025
Freguesia de São João da Madeira;APU;S.131323;Administração Regional e Local – Administração Local;nao;INE S.13 2025;2025
Freguesia de São João da Serra;APU;S.131323;Administração Regional e Local – Administração Local;nao;INE S.13 2025;2025
Freguesia de São João das Lampas;APU;S.131323;Administração Regional e Local – Administração Local;nao;INE S.13 2025;2025
Freguesia de São João de Areias;APU;S.131323;Administração Regional e Local – Administração Local;nao;INE S.13 2025;2025
Freguesia de São João de Fontoura;APU;S.131323;Administração Regional e Local – Administração Local;nao;INE S.13 2025;2025
Freguesia de São João de Loure e Frossos;APU;S.131323;Administração Regional e Local – Administração Local;nao;INE S.13 2025;2025
Freguesia de São João de Lourosa;APU;S.131323;Administração Regional e Local – Administração Local;nao;INE S.13 2025;2025
Freguesia de São João de Negrilhos;APU;S.131323;Administração Regional e Local – Administração Local;nao;INE S.13 2025;2025
Freguesia de São João de Rei;APU;S.131323;Administração Regional e Local – Administração Local;nao;INE S.13 2025;2025
Freguesia de São João de Tarouca;APU;S.131323;Administração Regional e Local – Administração Local;nao;INE S.13 2025;2025
Freguesia de São João de Ver;APU;S.131323;Administração Regional e Local – Administração Local;nao;INE S.13 2025;2025
Freguesia de São João do Campo;APU;S.131323;Administração Regional e Local – Administração Local;nao;INE S.13 2025;2025
Freguesia de São João do Peso;APU;S.131323;Administração Regional e Local – Administração Local;nao;INE S.13 2025;2025
Freguesia de São João dos Caldeireiros;APU;S.131323;Administração Regional e Local – Administração Local;nao;INE S.13 2025;2025
Freguesia de São Julião da Figueira da Foz;APU;S.131323;Administração Regional e Local – Administração Local;nao;INE S.13 2025;2025
Freguesia de São Lourenço de Ribapinhão;APU;S.131323;Administração Regional e Local – Administração Local;nao;INE S.13 2025;2025
Freguesia de São Lourenço do Bairro;APU;S.131323;Administração Regional e Local – Administração Local;nao;INE S.13 2025;2025
Freguesia de São Luís;APU;S.131323;Administração Regional e Local – Administração Local;nao;INE S.13 2025;2025
Freguesia de São Mamede;APU;S.131323;Administração Regional e Local – Administração Local;nao;INE S.13 2025;2025
Freguesia de São Mamede de Infesta;APU;S.131323;Administração Regional e Local – Administração Local;nao;INE S.13 2025;2025
Freguesia de São Mamede de Ribatua;APU;S.131323;Administração Regional e Local – Administração Local;nao;INE S.13 2025;2025
Freguesia de São Marcos da Ataboeira;APU;S.131323;Administração Regional e Local – Administração Local;nao;INE S.13 2025;2025
Freguesia de São Marcos da Serra;APU;S.131323;Administração Regional e Local – Administração Local;nao;INE S.13 2025;2025
Freguesia de São Martinho;APU;S.131323;Administração Regional e Local – Administração Local;nao;INE S.13 2025;2025
Freguesia de São Martinho da Cortiça;APU;S.131323;Administração Regional e Local – Administração Local;nao;INE S.13 2025;2025
Freguesia de São Martinho da Gândara;APU;S.131323;Administração Regional e Local – Administração Local;nao;INE S.13 2025;2025
Freguesia de São Martinho das Amoreiras;APU;S.131323;Administração Regional e Local – Administração Local;nao;INE S.13 2025;2025
Freguesia de São Martinho das Chãs;APU;S.131323;Administração Regional e Local – Administração Local;nao;INE S.13 2025;2025
Freguesia de São Martinho de Angueira;APU;S.131323;Administração Regional e Local – Administração Local;nao;INE S.13 2025;2025
Freguesia de São Martinho de Mouros;APU;S.131323;Administração Regional e Local – Administração Local;nao;INE S.13 2025;2025
Freguesia de São Martinho de Sardoura;APU;S.131323;Administração Regional e Local – Administração Local;nao;INE S.13 2025;2025
Freguesia de São Martinho do Peso;APU;S.131323;Administração Regional e Local – Administração Local;nao;INE S.13 2025;2025
Freguesia de São Martinho do Porto;APU;S.131323;Administração Regional e Local – Administração Local;nao;INE S.13 2025;2025
Freguesia de São Mateus;APU;S.131323;Administração Regional e Local – Administração Local;nao;INE S.13 2025;2025
Freguesia de São Mateus da Calheta;APU;S.131323;Administração Regional e Local – Administração Local;nao;INE S.13 2025;2025
Freguesia de São Matias;APU;S.131323;Administração Regional e Local – Administração Local;nao;INE S.13 2025;2025
Freguesia de São Miguel de Acha;APU;S.131323;Administração Regional e Local – Administração Local;nao;INE S.13 2025;2025
Freguesia de São Miguel de Machede;APU;S.131323;Administração Regional e Local – Administração Local;nao;INE S.13 2025;2025
Freguesia de São Miguel de Poiares;APU;S.131323;Administração Regional e Local – Administração Local;nao;INE S.13 2025;2025
Freguesia de São Miguel de Souto;APU;S.131323;Administração Regional e Local – Administração Local;nao;INE S.13 2025;2025
Freguesia de São Miguel de Vila Boa;APU;S.131323;Administração Regional e Local – Administração Local;nao;INE S.13 2025;2025
Freguesia de São Miguel do Mato;APU;S.131323;Administração Regional e Local – Administração Local;nao;INE S.13 2025;2025
Freguesia de São Miguel do Outeiro;APU;S.131323;Administração Regional e Local – Administração Local;nao;INE S.13 2025;2025
Freguesia de São Paio;APU;S.131323;Administração Regional e Local – Administração Local;nao;INE S.13 2025;2025
Freguesia de São Paio de Oleiros;APU;S.131323;Administração Regional e Local – Administração Local;nao;INE S.13 2025;2025
Freguesia de São Pedro;APU;S.131323;Administração Regional e Local – Administração Local;nao;INE S.13 2025;2025
Freguesia de São Pedro Fins;APU;S.131323;Administração Regional e Local – Administração Local;nao;INE S.13 2025;2025
Freguesia de São Pedro Velho;APU;S.131323;Administração Regional e Local – Administração Local;nao;INE S.13 2025;2025
Freguesia de São Pedro d'Arcos;APU;S.131323;Administração Regional e Local – Administração Local;nao;INE S.13 2025;2025
Freguesia de São Pedro da Afurada;APU;S.131323;Administração Regional e Local – Administração Local;nao;INE S.13 2025;2025
Freguesia de São Pedro da Cadeira;APU;S.131323;Administração Regional e Local – Administração Local;nao;INE S.13 2025;2025
Freguesia de São Pedro da Torre;APU;S.131323;Administração Regional e Local – Administração Local;nao;INE S.13 2025;2025
Freguesia de São Pedro de Agostém;APU;S.131323;Administração Regional e Local – Administração Local;nao;INE S.13 2025;2025
Freguesia de São Pedro de Castelões;APU;S.131323;Administração Regional e Local – Administração Local;nao;INE S.13 2025;2025
Freguesia de São Pedro de France;APU;S.131323;Administração Regional e Local – Administração Local;nao;INE S.13 2025;2025
Freguesia de São Pedro de Nordestinho;APU;S.131323;Administração Regional e Local – Administração Local;nao;INE S.13 2025;2025
Freguesia de São Pedro de Rio Seco;APU;S.131323;Administração Regional e Local – Administração Local;nao;INE S.13 2025;2025
Freguesia de São Pedro de Sarracenos;APU;S.131323;Administração Regional e Local – Administração Local;nao;INE S.13 2025;2025
Freguesia de São Pedro de Tomar;APU;S.131323;Administração Regional e Local – Administração Local;nao;INE S.13 2025;2025
Freguesia de São Pedro de Veiga de Lila;APU;S.131323;Administração Regional e Local – Administração Local;nao;INE S.13 2025;2025
Freguesia de São Pedro do Esteval;APU;S.131323;Administração Regional e Local – Administração Local;nao;INE S.13 2025;2025
Freguesia de São Romão;APU;S.131323;Administração Regional e Local – Administração Local;nao;INE S.13 2025;2025
Freguesia de São Romão de Neiva;APU;S.131323;Administração Regional e Local – Administração Local;nao;INE S.13 2025;2025
Freguesia de São Roque;APU;S.131323;Administração Regional e Local – Administração Local;nao;INE S.13 2025;2025
Freguesia de São Roque do Faial;APU;S.131323;Administração Regional e Local – Administração Local;nao;INE S.13 2025;2025
Freguesia de São Roque do Pico;APU;S.131323;Administração Regional e Local – Administração Local;nao;INE S.13 2025;2025
Freguesia de São Salvador;APU;S.131323;Administração Regional e Local – Administração Local;nao;INE S.13 2025;2025
Freguesia de São Salvador da Aramenha;APU;S.131323;Administração Regional e Local – Administração Local;nao;INE S.13 2025;2025
Freguesia de São Salvador e Santa Maria;APU;S.131323;Administração Regional e Local – Administração Local;nao;INE S.13 2025;2025
Freguesia de São Saturnino;APU;S.131323;Administração Regional e Local – Administração Local;nao;INE S.13 2025;2025
Freguesia de São Sebastião;APU;S.131323;Administração Regional e Local – Administração Local;nao;INE S.13 2025;2025
Freguesia de São Silvestre;APU;S.131323;Administração Regional e Local – Administração Local;nao;INE S.13 2025;2025
Freguesia de São Simão de Litém;APU;S.131323;Administração Regional e Local – Administração Local;nao;INE S.13 2025;2025
Freguesia de São Teotónio;APU;S.131323;Administração Regional e Local – Administração Local;nao;INE S.13 2025;2025
Freguesia de São Torcato;APU;S.131323;Administração Regional e Local – Administração Local;nao;INE S.13 2025;2025
Freguesia de São Vicente;APU;S.131323;Administração Regional e Local – Administração Local;nao;INE S.13 2025;2025
Freguesia de São Vicente Ferreira;APU;S.131323;Administração Regional e Local – Administração Local;nao;INE S.13 2025;2025
Freguesia de São Vicente da Beira;APU;S.131323;Administração Regional e Local – Administração Local;nao;INE S.13 2025;2025
Freguesia de São Vicente de Lafões;APU;S.131323;Administração Regional e Local – Administração Local;nao;INE S.13 2025;2025
Freguesia de São Vicente de Pereira Jusã;APU;S.131323;Administração Regional e Local – Administração Local;nao;INE S.13 2025;2025
Freguesia de São Vicente do Paul;APU;S.131323;Administração Regional e Local – Administração Local;nao;INE S.13 2025;2025
Freguesia de São Vicente e Ventosa;APU;S.131323;Administração Regional e Local – Administração Local;nao;INE S.13 2025;2025
Freguesia de Tabua;APU;S.131323;Administração Regional e Local – Administração Local;nao;INE S.13 2025;2025
Freguesia de Tabuadelo;APU;S.131323;Administração Regional e Local – Administração Local;nao;INE S.13 2025;2025
Freguesia de Tabuado;APU;S.131323;Administração Regional e Local – Administração Local;nao;INE S.13 2025;2025
Freguesia de Tabuaças;APU;S.131323;Administração Regional e Local – Administração Local;nao;INE S.13 2025;2025
Freguesia de Tabuaço;APU;S.131323;Administração Regional e Local – Administração Local;nao;INE S.13 2025;2025
Freguesia de Tadim;APU;S.131323;Administração Regional e Local – Administração Local;nao;INE S.13 2025;2025
Freguesia de Tagilde;APU;S.131323;Administração Regional e Local – Administração Local;nao;INE S.13 2025;2025
Freguesia de Talhadas;APU;S.131323;Administração Regional e Local – Administração Local;nao;INE S.13 2025;2025
Freguesia de Talhas;APU;S.131323;Administração Regional e Local – Administração Local;nao;INE S.13 2025;2025
Freguesia de Tamanhos;APU;S.131323;Administração Regional e Local – Administração Local;nao;INE S.13 2025;2025
Freguesia de Tamel (São Veríssimo);APU;S.131323;Administração Regional e Local – Administração Local;nao;INE S.13 2025;2025
Freguesia de Tancos;APU;S.131323;Administração Regional e Local – Administração Local;nao;INE S.13 2025;2025
Freguesia de Tangil;APU;S.131323;Administração Regional e Local – Administração Local;nao;INE S.13 2025;2025
Freguesia de Tapéus;APU;S.131323;Administração Regional e Local – Administração Local;nao;INE S.13 2025;2025
Freguesia de Tarouca;APU;S.131323;Administração Regional e Local – Administração Local;nao;INE S.13 2025;2025
Freguesia de Tarouquela;APU;S.131323;Administração Regional e Local – Administração Local;nao;INE S.13 2025;2025
Freguesia de Tavarede;APU;S.131323;Administração Regional e Local – Administração Local;nao;INE S.13 2025;2025
Freguesia de Taíde;APU;S.131323;Administração Regional e Local – Administração Local;nao;INE S.13 2025;2025
Freguesia de Tebosa;APU;S.131323;Administração Regional e Local – Administração Local;nao;INE S.13 2025;2025
Freguesia de Teixeira;APU;S.131323;Administração Regional e Local – Administração Local;nao;INE S.13 2025;2025
Freguesia de Telhado;APU;S.131323;Administração Regional e Local – Administração Local;nao;INE S.13 2025;2025
Freguesia de Telões;APU;S.131323;Administração Regional e Local – Administração Local;nao;INE S.13 2025;2025
Freguesia de Tendais;APU;S.131323;Administração Regional e Local – Administração Local;nao;INE S.13 2025;2025
Freguesia de Tentúgal;APU;S.131323;Administração Regional e Local – Administração Local;nao;INE S.13 2025;2025
Freguesia de Terena (São Pedro);APU;S.131323;Administração Regional e Local – Administração Local;nao;INE S.13 2025;2025
Freguesia de Termas de São Vicente;APU;S.131323;Administração Regional e Local – Administração Local;nao;INE S.13 2025;2025
Freguesia de Terra Chã;APU;S.131323;Administração Regional e Local – Administração Local;nao;INE S.13 2025;2025
Freguesia de Terras de Massueime;APU;S.131323;Administração Regional e Local – Administração Local;nao;INE S.13 2025;2025
Freguesia de Terroso;APU;S.131323;Administração Regional e Local – Administração Local;nao;INE S.13 2025;2025
Freguesia de Terrugem;APU;S.131323;Administração Regional e Local – Administração Local;nao;INE S.13 2025;2025
Freguesia de Tinalhas;APU;S.131323;Administração Regional e Local – Administração Local;nao;INE S.13 2025;2025
Freguesia de Tinhela e Alvarelhos;APU;S.131323;Administração Regional e Local – Administração Local;nao;INE S.13 2025;2025
Freguesia de Tocha;APU;S.131323;Administração Regional e Local – Administração Local;nao;INE S.13 2025;2025
Freguesia de Tolosa;APU;S.131323;Administração Regional e Local – Administração Local;nao;INE S.13 2025;2025
Freguesia de Tonda;APU;S.131323;Administração Regional e Local – Administração Local;nao;INE S.13 2025;2025
Freguesia de Topo (Nossa Senhora do Rosário);APU;S.131323;Administração Regional e Local – Administração Local;nao;INE S.13 2025;2025
Freguesia de Torgueda;APU;S.131323;Administração Regional e Local – Administração Local;nao;INE S.13 2025;2025
Freguesia de Torno;APU;S.131323;Administração Regional e Local – Administração Local;nao;INE S.13 2025;2025
Freguesia de Torre de Coelheiros;APU;S.131323;Administração Regional e Local – Administração Local;nao;INE S.13 2025;2025
Freguesia de Torre de Dona Chama;APU;S.131323;Administração Regional e Local – Administração Local;nao;INE S.13 2025;2025
Freguesia de Torre de Moncorvo;APU;S.131323;Administração Regional e Local – Administração Local;nao;INE S.13 2025;2025
Freguesia de Torre do Pinhão;APU;S.131323;Administração Regional e Local – Administração Local;nao;INE S.13 2025;2025
Freguesia de Torreira;APU;S.131323;Administração Regional e Local – Administração Local;nao;INE S.13 2025;2025
Freguesia de Torres do Mondego;APU;S.131323;Administração Regional e Local – Administração Local;nao;INE S.13 2025;2025
Freguesia de Torrão;APU;S.131323;Administração Regional e Local – Administração Local;nao;INE S.13 2025;2025
Freguesia de Tortosendo;APU;S.131323;Administração Regional e Local – Administração Local;nao;INE S.13 2025;2025
Freguesia de Tougues;APU;S.131323;Administração Regional e Local – Administração Local;nao;INE S.13 2025;2025
Freguesia de Toulões;APU;S.131323;Administração Regional e Local – Administração Local;nao;INE S.13 2025;2025
Freguesia de Tourigo;APU;S.131323;Administração Regional e Local – Administração Local;nao;INE S.13 2025;2025
Freguesia de Touro;APU;S.131323;Administração Regional e Local – Administração Local;nao;INE S.13 2025;2025
Freguesia de Tourém;APU;S.131323;Administração Regional e Local – Administração Local;nao;INE S.13 2025;2025
Freguesia de Touça;APU;S.131323;Administração Regional e Local – Administração Local;nao;INE S.13 2025;2025
Freguesia de Tramaga;APU;S.131323;Administração Regional e Local – Administração Local;nao;INE S.13 2025;2025
Freguesia de Tramagal;APU;S.131323;Administração Regional e Local – Administração Local;nao;INE S.13 2025;2025
Freguesia de Trancozelos;APU;S.131323;Administração Regional e Local – Administração Local;nao;INE S.13 2025;2025
Freguesia de Travanca;APU;S.131323;Administração Regional e Local – Administração Local;nao;INE S.13 2025;2025
Freguesia de Travanca de Lagos;APU;S.131323;Administração Regional e Local – Administração Local;nao;INE S.13 2025;2025
Freguesia de Travancinha;APU;S.131323;Administração Regional e Local – Administração Local;nao;INE S.13 2025;2025
Freguesia de Travassos;APU;S.131323;Administração Regional e Local – Administração Local;nao;INE S.13 2025;2025
Freguesia de Travassós;APU;S.131323;Administração Regional e Local – Administração Local;nao;INE S.13 2025;2025
Freguesia de Tresminas;APU;S.131323;Administração Regional e Local – Administração Local;nao;INE S.13 2025;2025
Freguesia de Trezói;APU;S.131323;Administração Regional e Local – Administração Local;nao;INE S.13 2025;2025
Freguesia de Trindade;APU;S.131323;Administração Regional e Local – Administração Local;nao;INE S.13 2025;2025
Freguesia de Tronco;APU;S.131323;Administração Regional e Local – Administração Local;nao;INE S.13 2025;2025
Freguesia de Tropeço;APU;S.131323;Administração Regional e Local – Administração Local;nao;INE S.13 2025;2025
Freguesia de Troviscal;APU;S.131323;Administração Regional e Local – Administração Local;nao;INE S.13 2025;2025
Freguesia de Trute;APU;S.131323;Administração Regional e Local – Administração Local;nao;INE S.13 2025;2025
Freguesia de Três Povos;APU;S.131323;Administração Regional e Local – Administração Local;nao;INE S.13 2025;2025
Freguesia de Tuizelo;APU;S.131323;Administração Regional e Local – Administração Local;nao;INE S.13 2025;2025
Freguesia de Tunes;APU;S.131323;Administração Regional e Local – Administração Local;nao;INE S.13 2025;2025
Freguesia de Turcifal;APU;S.131323;Administração Regional e Local – Administração Local;nao;INE S.13 2025;2025
Freguesia de Turiz;APU;S.131323;Administração Regional e Local – Administração Local;nao;INE S.13 2025;2025
Freguesia de Turquel;APU;S.131323;Administração Regional e Local – Administração Local;nao;INE S.13 2025;2025
Freguesia de Tábua;APU;S.131323;Administração Regional e Local – Administração Local;nao;INE S.13 2025;2025
Freguesia de Tó;APU;S.131323;Administração Regional e Local – Administração Local;nao;INE S.13 2025;2025
Freguesia de Tôr;APU;S.131323;Administração Regional e Local – Administração Local;nao;INE S.13 2025;2025
Freguesia de Ucanha;APU;S.131323;Administração Regional e Local – Administração Local;nao;INE S.13 2025;2025
Freguesia de Ucha;APU;S.131323;Administração Regional e Local – Administração Local;nao;INE S.13 2025;2025
Freguesia de Ulme;APU;S.131323;Administração Regional e Local – Administração Local;nao;INE S.13 2025;2025
Freguesia de Unhais da Serra;APU;S.131323;Administração Regional e Local – Administração Local;nao;INE S.13 2025;2025
Freguesia de Unhais-o-Velho;APU;S.131323;Administração Regional e Local – Administração Local;nao;INE S.13 2025;2025
Freguesia de Urgezes;APU;S.131323;Administração Regional e Local – Administração Local;nao;INE S.13 2025;2025
Freguesia de Urqueira;APU;S.131323;Administração Regional e Local – Administração Local;nao;INE S.13 2025;2025
Freguesia de Urra;APU;S.131323;Administração Regional e Local – Administração Local;nao;INE S.13 2025;2025
Freguesia de Urrós;APU;S.131323;Administração Regional e Local – Administração Local;nao;INE S.13 2025;2025
Freguesia de Urrô;APU;S.131323;Administração Regional e Local – Administração Local;nao;INE S.13 2025;2025
Freguesia de Urzelina (São Mateus);APU;S.131323;Administração Regional e Local – Administração Local;nao;INE S.13 2025;2025
Freguesia de Usseira;APU;S.131323;Administração Regional e Local – Administração Local;nao;INE S.13 2025;2025
Freguesia de Vacalar;APU;S.131323;Administração Regional e Local – Administração Local;nao;INE S.13 2025;2025
Freguesia de Vacariça;APU;S.131323;Administração Regional e Local – Administração Local;nao;INE S.13 2025;2025
Freguesia de Vade (São Pedro);APU;S.131323;Administração Regional e Local – Administração Local;nao;INE S.13 2025;2025
Freguesia de Vade (São Tomé);APU;S.131323;Administração Regional e Local – Administração Local;nao;INE S.13 2025;2025
Freguesia de Vagos;APU;S.131323;Administração Regional e Local – Administração Local;nao;INE S.13 2025;2025
Freguesia de Vaiamonte;APU;S.131323;Administração Regional e Local – Administração Local;nao;INE S.13 2025;2025
Freguesia de Vairão;APU;S.131323;Administração Regional e Local – Administração Local;nao;INE S.13 2025;2025
Freguesia de Valada;APU;S.131323;Administração Regional e Local – Administração Local;nao;INE S.13 2025;2025
Freguesia de Valadares;APU;S.131323;Administração Regional e Local – Administração Local;nao;INE S.13 2025;2025
Freguesia de Valado dos Frades;APU;S.131323;Administração Regional e Local – Administração Local;nao;INE S.13 2025;2025
Freguesia de Valbom/Bogalhal;APU;S.131323;Administração Regional e Local – Administração Local;nao;INE S.13 2025;2025
Freguesia de Valdosende;APU;S.131323;Administração Regional e Local – Administração Local;nao;INE S.13 2025;2025
Freguesia de Valdreu;APU;S.131323;Administração Regional e Local – Administração Local;nao;INE S.13 2025;2025
Freguesia de Valdujo;APU;S.131323;Administração Regional e Local – Administração Local;nao;INE S.13 2025;2025
Freguesia de Vale;APU;S.131323;Administração Regional e Local – Administração Local;nao;INE S.13 2025;2025
Freguesia de Vale (São Martinho);APU;S.131323;Administração Regional e Local – Administração Local;nao;INE S.13 2025;2025
Freguesia de Vale Benfeito;APU;S.131323;Administração Regional e Local – Administração Local;nao;INE S.13 2025;2025
Freguesia de Vale Frechoso;APU;S.131323;Administração Regional e Local – Administração Local;nao;INE S.13 2025;2025
Freguesia de Vale da Madre;APU;S.131323;Administração Regional e Local – Administração Local;nao;INE S.13 2025;2025
Freguesia de Vale da Mula;APU;S.131323;Administração Regional e Local – Administração Local;nao;INE S.13 2025;2025
Freguesia de Vale da Pedra;APU;S.131323;Administração Regional e Local – Administração Local;nao;INE S.13 2025;2025
Freguesia de Vale da Porca;APU;S.131323;Administração Regional e Local – Administração Local;nao;INE S.13 2025;2025
Freguesia de Vale da Senhora da Póvoa;APU;S.131323;Administração Regional e Local – Administração Local;nao;INE S.13 2025;2025
Freguesia de Vale das Fontes;APU;S.131323;Administração Regional e Local – Administração Local;nao;INE S.13 2025;2025
Freguesia de Vale de Amoreira;APU;S.131323;Administração Regional e Local – Administração Local;nao;INE S.13 2025;2025
Freguesia de Vale de Anta;APU;S.131323;Administração Regional e Local – Administração Local;nao;INE S.13 2025;2025
Freguesia de Vale de Asnes;APU;S.131323;Administração Regional e Local – Administração Local;nao;INE S.13 2025;2025
Freguesia de Vale de Azares;APU;S.131323;Administração Regional e Local – Administração Local;nao;INE S.13 2025;2025
Freguesia de Vale de Açor;APU;S.131323;Administração Regional e Local – Administração Local;nao;INE S.13 2025;2025
Freguesia de Vale de Bouro;APU;S.131323;Administração Regional e Local – Administração Local;nao;INE S.13 2025;2025
Freguesia de Vale de Cavalos;APU;S.131323;Administração Regional e Local – Administração Local;nao;INE S.13 2025;2025
Freguesia de Vale de Espinho;APU;S.131323;Administração Regional e Local – Administração Local;nao;INE S.13 2025;2025
Freguesia de Vale de Estrela;APU;S.131323;Administração Regional e Local – Administração Local;nao;INE S.13 2025;2025
Freguesia de Vale de Figueira;APU;S.131323;Administração Regional e Local – Administração Local;nao;INE S.13 2025;2025
Freguesia de Vale de Gouvinhas;APU;S.131323;Administração Regional e Local – Administração Local;nao;INE S.13 2025;2025
Freguesia de Vale de Prados;APU;S.131323;Administração Regional e Local – Administração Local;nao;INE S.13 2025;2025
Freguesia de Vale de Salgueiro;APU;S.131323;Administração Regional e Local – Administração Local;nao;INE S.13 2025;2025
Freguesia de Vale de Santarém;APU;S.131323;Administração Regional e Local – Administração Local;nao;INE S.13 2025;2025
Freguesia de Vale de Santiago;APU;S.131323;Administração Regional e Local – Administração Local;nao;INE S.13 2025;2025
Freguesia de Vale de Telhas;APU;S.131323;Administração Regional e Local – Administração Local;nao;INE S.13 2025;2025
Freguesia de Vale de Vargo;APU;S.131323;Administração Regional e Local – Administração Local;nao;INE S.13 2025;2025
Freguesia de Vale de Água;APU;S.131323;Administração Regional e Local – Administração Local;nao;INE S.13 2025;2025
Freguesia de Vale do Côa;APU;S.131323;Administração Regional e Local – Administração Local;nao;INE S.13 2025;2025
Freguesia de Vale do Massueime;APU;S.131323;Administração Regional e Local – Administração Local;nao;INE S.13 2025;2025
Freguesia de Vale do Paraíso;APU;S.131323;Administração Regional e Local – Administração Local;nao;INE S.13 2025;2025
Freguesia de Valença do Douro;APU;S.131323;Administração Regional e Local – Administração Local;nao;INE S.13 2025;2025
Freguesia de Vales;APU;S.131323;Administração Regional e Local – Administração Local;nao;INE S.13 2025;2025
Freguesia de Vales do Rio;APU;S.131323;Administração Regional e Local – Administração Local;nao;INE S.13 2025;2025
Freguesia de Valezim;APU;S.131323;Administração Regional e Local – Administração Local;nao;INE S.13 2025;2025
Freguesia de Valhascos;APU;S.131323;Administração Regional e Local – Administração Local;nao;INE S.13 2025;2025
Freguesia de Valhelhas;APU;S.131323;Administração Regional e Local – Administração Local;nao;INE S.13 2025;2025
Freguesia de Valongo;APU;S.131323;Administração Regional e Local – Administração Local;nao;INE S.13 2025;2025
Freguesia de Valongo de Milhais;APU;S.131323;Administração Regional e Local – Administração Local;nao;INE S.13 2025;2025
Freguesia de Valongo do Vouga;APU;S.131323;Administração Regional e Local – Administração Local;nao;INE S.13 2025;2025
Freguesia de Valongo dos Azeites;APU;S.131323;Administração Regional e Local – Administração Local;nao;INE S.13 2025;2025
Freguesia de Valoura;APU;S.131323;Administração Regional e Local – Administração Local;nao;INE S.13 2025;2025
Freguesia de Valpaços e Sanfins;APU;S.131323;Administração Regional e Local – Administração Local;nao;INE S.13 2025;2025
Freguesia de Valpedre;APU;S.131323;Administração Regional e Local – Administração Local;nao;INE S.13 2025;2025
Freguesia de Vandoma;APU;S.131323;Administração Regional e Local – Administração Local;nao;INE S.13 2025;2025
Freguesia de Vaqueiros;APU;S.131323;Administração Regional e Local – Administração Local;nao;INE S.13 2025;2025
Freguesia de Vascoveiro;APU;S.131323;Administração Regional e Local – Administração Local;nao;INE S.13 2025;2025
Freguesia de Vascões;APU;S.131323;Administração Regional e Local – Administração Local;nao;INE S.13 2025;2025
Freguesia de Vassal;APU;S.131323;Administração Regional e Local – Administração Local;nao;INE S.13 2025;2025
Freguesia de Vau;APU;S.131323;Administração Regional e Local – Administração Local;nao;INE S.13 2025;2025
Freguesia de Veiga de Lila;APU;S.131323;Administração Regional e Local – Administração Local;nao;INE S.13 2025;2025
Freguesia de Veiros;APU;S.131323;Administração Regional e Local – Administração Local;nao;INE S.13 2025;2025
Freguesia de Vela;APU;S.131323;Administração Regional e Local – Administração Local;nao;INE S.13 2025;2025
Freguesia de Velas (São Jorge);APU;S.131323;Administração Regional e Local – Administração Local;nao;INE S.13 2025;2025
Freguesia de Vendas Novas;APU;S.131323;Administração Regional e Local – Administração Local;nao;INE S.13 2025;2025
Freguesia de Venteira;APU;S.131323;Administração Regional e Local – Administração Local;nao;INE S.13 2025;2025
Freguesia de Ventosa;APU;S.131323;Administração Regional e Local – Administração Local;nao;INE S.13 2025;2025
Freguesia de Ventosa do Bairro;APU;S.131323;Administração Regional e Local – Administração Local;nao;INE S.13 2025;2025
Freguesia de Vera Cruz;APU;S.131323;Administração Regional e Local – Administração Local;nao;INE S.13 2025;2025
Freguesia de Verdelhos;APU;S.131323;Administração Regional e Local – Administração Local;nao;INE S.13 2025;2025
Freguesia de Verdoejo;APU;S.131323;Administração Regional e Local – Administração Local;nao;INE S.13 2025;2025
Freguesia de Vermelha;APU;S.131323;Administração Regional e Local – Administração Local;nao;INE S.13 2025;2025
Freguesia de Vermil;APU;S.131323;Administração Regional e Local – Administração Local;nao;INE S.13 2025;2025
Freguesia de Vermiosa;APU;S.131323;Administração Regional e Local – Administração Local;nao;INE S.13 2025;2025
Freguesia de Vermoil;APU;S.131323;Administração Regional e Local – Administração Local;nao;INE S.13 2025;2025
Freguesia de Vermoim;APU;S.131323;Administração Regional e Local – Administração Local;nao;INE S.13 2025;2025
Freguesia de Vialonga;APU;S.131323;Administração Regional e Local – Administração Local;nao;INE S.13 2025;2025
Freguesia de Viana do Alentejo;APU;S.131323;Administração Regional e Local – Administração Local;nao;INE S.13 2025;2025
Freguesia de Viariz;APU;S.131323;Administração Regional e Local – Administração Local;nao;INE S.13 2025;2025
Freguesia de Vidago (União das freguesias de Vidago, Arcossó, Selhariz e Vilarinho das Paranheiras);APU;S.131323;Administração Regional e Local – Administração Local;nao;INE S.13 2025;2025
Freguesia de Vidais;APU;S.131323;Administração Regional e Local – Administração Local;nao;INE S.13 2025;2025
Freguesia de Videmonte;APU;S.131323;Administração Regional e Local – Administração Local;nao;INE S.13 2025;2025
Freguesia de Vidigueira;APU;S.131323;Administração Regional e Local – Administração Local;nao;INE S.13 2025;2025
Freguesia de Vieira de Leiria;APU;S.131323;Administração Regional e Local – Administração Local;nao;INE S.13 2025;2025
Freguesia de Vieira do Minho;APU;S.131323;Administração Regional e Local – Administração Local;nao;INE S.13 2025;2025
Freguesia de Vila Alva;APU;S.131323;Administração Regional e Local – Administração Local;nao;INE S.13 2025;2025
Freguesia de Vila Boa;APU;S.131323;Administração Regional e Local – Administração Local;nao;INE S.13 2025;2025
Freguesia de Vila Boa de Ousilhão;APU;S.131323;Administração Regional e Local – Administração Local;nao;INE S.13 2025;2025
Freguesia de Vila Boa de Quires e Maureles;APU;S.131323;Administração Regional e Local – Administração Local;nao;INE S.13 2025;2025
Freguesia de Vila Boa do Bispo;APU;S.131323;Administração Regional e Local – Administração Local;nao;INE S.13 2025;2025
Freguesia de Vila Boim;APU;S.131323;Administração Regional e Local – Administração Local;nao;INE S.13 2025;2025
Freguesia de Vila Caiz;APU;S.131323;Administração Regional e Local – Administração Local;nao;INE S.13 2025;2025
Freguesia de Vila Chã;APU;S.131323;Administração Regional e Local – Administração Local;nao;INE S.13 2025;2025
Freguesia de Vila Chã de Braciosa;APU;S.131323;Administração Regional e Local – Administração Local;nao;INE S.13 2025;2025
Freguesia de Vila Chã de Ourique;APU;S.131323;Administração Regional e Local – Administração Local;nao;INE S.13 2025;2025
Freguesia de Vila Chã do Marão;APU;S.131323;Administração Regional e Local – Administração Local;nao;INE S.13 2025;2025
Freguesia de Vila Cortês da Serra;APU;S.131323;Administração Regional e Local – Administração Local;nao;INE S.13 2025;2025
Freguesia de Vila Cortês do Mondego;APU;S.131323;Administração Regional e Local – Administração Local;nao;INE S.13 2025;2025
Freguesia de Vila Cova à Coelheira;APU;S.131323;Administração Regional e Local – Administração Local;nao;INE S.13 2025;2025
Freguesia de Vila Cã;APU;S.131323;Administração Regional e Local – Administração Local;nao;INE S.13 2025;2025
Freguesia de Vila Facaia;APU;S.131323;Administração Regional e Local – Administração Local;nao;INE S.13 2025;2025
Freguesia de Vila Fernando;APU;S.131323;Administração Regional e Local – Administração Local;nao;INE S.13 2025;2025
Freguesia de Vila Franca;APU;S.131323;Administração Regional e Local – Administração Local;nao;INE S.13 2025;2025
Freguesia de Vila Franca da Beira;APU;S.131323;Administração Regional e Local – Administração Local;nao;INE S.13 2025;2025
Freguesia de Vila Franca da Serra;APU;S.131323;Administração Regional e Local – Administração Local;nao;INE S.13 2025;2025
Freguesia de Vila Franca de Xira;APU;S.131323;Administração Regional e Local – Administração Local;nao;INE S.13 2025;2025
Freguesia de Vila Franca do Campo (São Miguel);APU;S.131323;Administração Regional e Local – Administração Local;nao;INE S.13 2025;2025
Freguesia de Vila Franca do Campo (São Pedro);APU;S.131323;Administração Regional e Local – Administração Local;nao;INE S.13 2025;2025
Freguesia de Vila Franca do Deão;APU;S.131323;Administração Regional e Local – Administração Local;nao;INE S.13 2025;2025
Freguesia de Vila Frescaínha (São Martinho);APU;S.131323;Administração Regional e Local – Administração Local;nao;INE S.13 2025;2025
Freguesia de Vila Frescaínha (São Pedro);APU;S.131323;Administração Regional e Local – Administração Local;nao;INE S.13 2025;2025
Freguesia de Vila Fria;APU;S.131323;Administração Regional e Local – Administração Local;nao;INE S.13 2025;2025
Freguesia de Vila Garcia;APU;S.131323;Administração Regional e Local – Administração Local;nao;INE S.13 2025;2025
Freguesia de Vila Maior;APU;S.131323;Administração Regional e Local – Administração Local;nao;INE S.13 2025;2025
Freguesia de Vila Marim;APU;S.131323;Administração Regional e Local – Administração Local;nao;INE S.13 2025;2025
Freguesia de Vila Meã;APU;S.131323;Administração Regional e Local – Administração Local;nao;INE S.13 2025;2025
Freguesia de Vila Nova;APU;S.131323;Administração Regional e Local – Administração Local;nao;INE S.13 2025;2025
Freguesia de Vila Nova da Baronia;APU;S.131323;Administração Regional e Local – Administração Local;nao;INE S.13 2025;2025
Freguesia de Vila Nova da Barquinha;APU;S.131323;Administração Regional e Local – Administração Local;nao;INE S.13 2025;2025
Freguesia de Vila Nova da Rainha;APU;S.131323;Administração Regional e Local – Administração Local;nao;INE S.13 2025;2025
Freguesia de Vila Nova da Telha;APU;S.131323;Administração Regional e Local – Administração Local;nao;INE S.13 2025;2025
Freguesia de Vila Nova de Anços;APU;S.131323;Administração Regional e Local – Administração Local;nao;INE S.13 2025;2025
Freguesia de Vila Nova de Cacela;APU;S.131323;Administração Regional e Local – Administração Local;nao;INE S.13 2025;2025
Freguesia de Vila Nova de Foz Côa;APU;S.131323;Administração Regional e Local – Administração Local;nao;INE S.13 2025;2025
Freguesia de Vila Nova de Milfontes;APU;S.131323;Administração Regional e Local – Administração Local;nao;INE S.13 2025;2025
Freguesia de Vila Nova de Monsarros;APU;S.131323;Administração Regional e Local – Administração Local;nao;INE S.13 2025;2025
Freguesia de Vila Nova de Souto d'El-Rei;APU;S.131323;Administração Regional e Local – Administração Local;nao;INE S.13 2025;2025
Freguesia de Vila Nova de São Bento;APU;S.131323;Administração Regional e Local – Administração Local;nao;INE S.13 2025;2025
Freguesia de Vila Nova de Tazem;APU;S.131323;Administração Regional e Local – Administração Local;nao;INE S.13 2025;2025
Freguesia de Vila Nova do Campo;APU;S.131323;Administração Regional e Local – Administração Local;nao;INE S.13 2025;2025
Freguesia de Vila Nova do Ceira;APU;S.131323;Administração Regional e Local – Administração Local;nao;INE S.13 2025;2025
Freguesia de Vila Pouca de Aguiar;APU;S.131323;Administração Regional e Local – Administração Local;nao;INE S.13 2025;2025
Freguesia de Vila Praia de Âncora;APU;S.131323;Administração Regional e Local – Administração Local;nao;INE S.13 2025;2025
Freguesia de Vila Real;APU;S.131323;Administração Regional e Local – Administração Local;nao;INE S.13 2025;2025
Freguesia de Vila Real de Santo António;APU;S.131323;Administração Regional e Local – Administração Local;nao;INE S.13 2025;2025
Freguesia de Vila Ruiva;APU;S.131323;Administração Regional e Local – Administração Local;nao;INE S.13 2025;2025
Freguesia de Vila Seca;APU;S.131323;Administração Regional e Local – Administração Local;nao;INE S.13 2025;2025
Freguesia de Vila Velha de Ródão;APU;S.131323;Administração Regional e Local – Administração Local;nao;INE S.13 2025;2025
Freguesia de Vila Verde;APU;S.131323;Administração Regional e Local – Administração Local;nao;INE S.13 2025;2025
Freguesia de Vila Verde da Raia;APU;S.131323;Administração Regional e Local – Administração Local;nao;INE S.13 2025;2025
Freguesia de Vila Verde de Ficalho;APU;S.131323;Administração Regional e Local – Administração Local;nao;INE S.13 2025;2025
Freguesia de Vila Verde dos Francos;APU;S.131323;Administração Regional e Local – Administração Local;nao;INE S.13 2025;2025
Freguesia de Vila Verde e Barbudo;APU;S.131323;Administração Regional e Local – Administração Local;nao;INE S.13 2025;2025
Freguesia de Vila da Ponte;APU;S.131323;Administração Regional e Local – Administração Local;nao;INE S.13 2025;2025
Freguesia de Vila da Rua;APU;S.131323;Administração Regional e Local – Administração Local;nao;INE S.13 2025;2025
Freguesia de Vila de Ala;APU;S.131323;Administração Regional e Local – Administração Local;nao;INE S.13 2025;2025
Freguesia de Vila de Cucujães;APU;S.131323;Administração Regional e Local – Administração Local;nao;INE S.13 2025;2025
Freguesia de Vila de Frades;APU;S.131323;Administração Regional e Local – Administração Local;nao;INE S.13 2025;2025
Freguesia de Vila de Prado;APU;S.131323;Administração Regional e Local – Administração Local;nao;INE S.13 2025;2025
Freguesia de Vila de Punhe;APU;S.131323;Administração Regional e Local – Administração Local;nao;INE S.13 2025;2025
Freguesia de Vila de Rei;APU;S.131323;Administração Regional e Local – Administração Local;nao;INE S.13 2025;2025
Freguesia de Vila de São Sebastião;APU;S.131323;Administração Regional e Local – Administração Local;nao;INE S.13 2025;2025
Freguesia de Vila do Bispo e Raposeira;APU;S.131323;Administração Regional e Local – Administração Local;nao;INE S.13 2025;2025
Freguesia de Vila do Carvalho;APU;S.131323;Administração Regional e Local – Administração Local;nao;INE S.13 2025;2025
Freguesia de Vila do Conde;APU;S.131323;Administração Regional e Local – Administração Local;nao;INE S.13 2025;2025
Freguesia de Vila do Porto;APU;S.131323;Administração Regional e Local – Administração Local;nao;INE S.13 2025;2025
Freguesia de Vila do Touro;APU;S.131323;Administração Regional e Local – Administração Local;nao;INE S.13 2025;2025
Freguesia de Vilar;APU;S.131323;Administração Regional e Local – Administração Local;nao;INE S.13 2025;2025
Freguesia de Vilar Chão;APU;S.131323;Administração Regional e Local – Administração Local;nao;INE S.13 2025;2025
Freguesia de Vilar Formoso;APU;S.131323;Administração Regional e Local – Administração Local;nao;INE S.13 2025;2025
Freguesia de Vilar Seco;APU;S.131323;Administração Regional e Local – Administração Local;nao;INE S.13 2025;2025
Freguesia de Vilar Seco de Lomba;APU;S.131323;Administração Regional e Local – Administração Local;nao;INE S.13 2025;2025
Freguesia de Vilar da Veiga;APU;S.131323;Administração Regional e Local – Administração Local;nao;INE S.13 2025;2025
Freguesia de Vilar das Almas;APU;S.131323;Administração Regional e Local – Administração Local;nao;INE S.13 2025;2025
Freguesia de Vilar de Andorinho;APU;S.131323;Administração Regional e Local – Administração Local;nao;INE S.13 2025;2025
Freguesia de Vilar de Besteiros;APU;S.131323;Administração Regional e Local – Administração Local;nao;INE S.13 2025;2025
Freguesia de Vilar de Ferreiros;APU;S.131323;Administração Regional e Local – Administração Local;nao;INE S.13 2025;2025
Freguesia de Vilar de Maçada;APU;S.131323;Administração Regional e Local – Administração Local;nao;INE S.13 2025;2025
Freguesia de Vilar de Mouros;APU;S.131323;Administração Regional e Local – Administração Local;nao;INE S.13 2025;2025
Freguesia de Vilar de Nantes;APU;S.131323;Administração Regional e Local – Administração Local;nao;INE S.13 2025;2025
Freguesia de Vilar de Ossos;APU;S.131323;Administração Regional e Local – Administração Local;nao;INE S.13 2025;2025
Freguesia de Vilar de Peregrinos;APU;S.131323;Administração Regional e Local – Administração Local;nao;INE S.13 2025;2025
Freguesia de Vilar de Pinheiro;APU;S.131323;Administração Regional e Local – Administração Local;nao;INE S.13 2025;2025
Freguesia de Vilar do Paraíso;APU;S.131323;Administração Regional e Local – Administração Local;nao;INE S.13 2025;2025
Freguesia de Vilar do Torno e Alentém;APU;S.131323;Administração Regional e Local – Administração Local;nao;INE S.13 2025;2025
Freguesia de Vilar e Viveiro;APU;S.131323;Administração Regional e Local – Administração Local;nao;INE S.13 2025;2025
Freguesia de Vilarandelo;APU;S.131323;Administração Regional e Local – Administração Local;nao;INE S.13 2025;2025
Freguesia de Vilarelho da Raia;APU;S.131323;Administração Regional e Local – Administração Local;nao;INE S.13 2025;2025
Freguesia de Vilarelhos;APU;S.131323;Administração Regional e Local – Administração Local;nao;INE S.13 2025;2025
Freguesia de Vilares de Vilariça;APU;S.131323;Administração Regional e Local – Administração Local;nao;INE S.13 2025;2025
Freguesia de Vilarinho;APU;S.131323;Administração Regional e Local – Administração Local;nao;INE S.13 2025;2025
Freguesia de Vilarinho da Castanheira;APU;S.131323;Administração Regional e Local – Administração Local;nao;INE S.13 2025;2025
Freguesia de Vilarinho das Cambas;APU;S.131323;Administração Regional e Local – Administração Local;nao;INE S.13 2025;2025
Freguesia de Vilarinho de Agrochão;APU;S.131323;Administração Regional e Local – Administração Local;nao;INE S.13 2025;2025
Freguesia de Vilarinho de São Romão;APU;S.131323;Administração Regional e Local – Administração Local;nao;INE S.13 2025;2025
Freguesia de Vilarinho do Bairro;APU;S.131323;Administração Regional e Local – Administração Local;nao;INE S.13 2025;2025
Freguesia de Vilarinho dos Freires;APU;S.131323;Administração Regional e Local – Administração Local;nao;INE S.13 2025;2025
Freguesia de Vilas Boas;APU;S.131323;Administração Regional e Local – Administração Local;nao;INE S.13 2025;2025
Freguesia de Vile;APU;S.131323;Administração Regional e Local – Administração Local;nao;INE S.13 2025;2025
Freguesia de Vilela;APU;S.131323;Administração Regional e Local – Administração Local;nao;INE S.13 2025;2025
Freguesia de Vilela Seca;APU;S.131323;Administração Regional e Local – Administração Local;nao;INE S.13 2025;2025
Freguesia de Vilela do Tâmega;APU;S.131323;Administração Regional e Local – Administração Local;nao;INE S.13 2025;2025
Freguesia de Vimeiro;APU;S.131323;Administração Regional e Local – Administração Local;nao;INE S.13 2025;2025
Freguesia de Vimieiro;APU;S.131323;Administração Regional e Local – Administração Local;nao;INE S.13 2025;2025
Freguesia de Vimioso;APU;S.131323;Administração Regional e Local – Administração Local;nao;INE S.13 2025;2025
Freguesia de Vinha da Rainha;APU;S.131323;Administração Regional e Local – Administração Local;nao;INE S.13 2025;2025
Freguesia de Vinhais;APU;S.131323;Administração Regional e Local – Administração Local;nao;INE S.13 2025;2025
Freguesia de Vinhas;APU;S.131323;Administração Regional e Local – Administração Local;nao;INE S.13 2025;2025
Freguesia de Vinhós;APU;S.131323;Administração Regional e Local – Administração Local;nao;INE S.13 2025;2025
Freguesia de Viseu;APU;S.131323;Administração Regional e Local – Administração Local;nao;INE S.13 2025;2025
Freguesia de Vitorino das Donas;APU;S.131323;Administração Regional e Local – Administração Local;nao;INE S.13 2025;2025
Freguesia de Vizela (Santo Adrião);APU;S.131323;Administração Regional e Local – Administração Local;nao;INE S.13 2025;2025
Freguesia de Vizela (São Paio);APU;S.131323;Administração Regional e Local – Administração Local;nao;INE S.13 2025;2025
Freguesia de Vreia de Bornes;APU;S.131323;Administração Regional e Local – Administração Local;nao;INE S.13 2025;2025
Freguesia de Vreia de Jales;APU;S.131323;Administração Regional e Local – Administração Local;nao;INE S.13 2025;2025
Freguesia de Válega;APU;S.131323;Administração Regional e Local – Administração Local;nao;INE S.13 2025;2025
Freguesia de Várzea;APU;S.131323;Administração Regional e Local – Administração Local;nao;INE S.13 2025;2025
Freguesia de Várzea da Serra;APU;S.131323;Administração Regional e Local – Administração Local;nao;INE S.13 2025;2025
Freguesia de Várzea de Abrunhais;APU;S.131323;Administração Regional e Local – Administração Local;nao;INE S.13 2025;2025
Freguesia de Várzea dos Cavaleiros;APU;S.131323;Administração Regional e Local – Administração Local;nao;INE S.13 2025;2025
Freguesia de Várzea, Aliviada e Folhada;APU;S.131323;Administração Regional e Local – Administração Local;nao;INE S.13 2025;2025
Freguesia de Zambujal;APU;S.131323;Administração Regional e Local – Administração Local;nao;INE S.13 2025;2025
Freguesia de Zibreira;APU;S.131323;Administração Regional e Local – Administração Local;nao;INE S.13 2025;2025
Freguesia de Zoio;APU;S.131323;Administração Regional e Local – Administração Local;nao;INE S.13 2025;2025
Freguesia de Água Longa;APU;S.131323;Administração Regional e Local – Administração Local;nao;INE S.13 2025;2025
Freguesia de Água Retorta;APU;S.131323;Administração Regional e Local – Administração Local;nao;INE S.13 2025;2025
Freguesia de Água Revés e Crasto;APU;S.131323;Administração Regional e Local – Administração Local;nao;INE S.13 2025;2025
Freguesia de Água de Alto;APU;S.131323;Administração Regional e Local – Administração Local;nao;INE S.13 2025;2025
Freguesia de Água de Pau;APU;S.131323;Administração Regional e Local – Administração Local;nao;INE S.13 2025;2025
Freguesia de Água de Pena;APU;S.131323;Administração Regional e Local – Administração Local;nao;INE S.13 2025;2025
Freguesia de Águas Belas;APU;S.131323;Administração Regional e Local – Administração Local;nao;INE S.13 2025;2025
Freguesia de Águas Frias;APU;S.131323;Administração Regional e Local – Administração Local;nao;INE S.13 2025;2025
Freguesia de Águas Livres;APU;S.131323;Administração Regional e Local – Administração Local;nao;INE S.13 2025;2025
Freguesia de Águas Santas;APU;S.131323;Administração Regional e Local – Administração Local;nao;INE S.13 2025;2025
Freguesia de Águeda;APU;S.131323;Administração Regional e Local – Administração Local;nao;INE S.13 2025;2025
Freguesia de Álvaro;APU;S.131323;Administração Regional e Local – Administração Local;nao;INE S.13 2025;2025
Freguesia de Árvore;APU;S.131323;Administração Regional e Local – Administração Local;nao;INE S.13 2025;2025
Freguesia de Ázere;APU;S.131323;Administração Regional e Local – Administração Local;nao;INE S.13 2025;2025
Freguesia de Âncora;APU;S.131323;Administração Regional e Local – Administração Local;nao;INE S.13 2025;2025
Freguesia de Évora Monte (Santa Maria);APU;S.131323;Administração Regional e Local – Administração Local;nao;INE S.13 2025;2025
Freguesia de Évora de Alcobaça;APU;S.131323;Administração Regional e Local – Administração Local;nao;INE S.13 2025;2025
Freguesia de Ílhavo (São Salvador);APU;S.131323;Administração Regional e Local – Administração Local;nao;INE S.13 2025;2025
Freguesia de Ínsua;APU;S.131323;Administração Regional e Local – Administração Local;nao;INE S.13 2025;2025
Freguesias;APU;S.131323;Administração Regional e Local – Administração Local;nao;INE S.13 2025;2025
União das Freguesias de Avidagos, Navalho e Pereira;APU;S.131323;Administração Regional e Local – Administração Local;nao;INE S.13 2025;2025
União das freguesias da Chamusca e Pinheiro Grande;APU;S.131323;Administração Regional e Local – Administração Local;nao;INE S.13 2025;2025
União das freguesias da Madalena e Samaiões;APU;S.131323;Administração Regional e Local – Administração Local;nao;INE S.13 2025;2025
União das freguesias da Ribeira do Neiva;APU;S.131323;Administração Regional e Local – Administração Local;nao;INE S.13 2025;2025
União das freguesias da Sé e São Lourenço;APU;S.131323;Administração Regional e Local – Administração Local;nao;INE S.13 2025;2025
União das freguesias das Eiras, São Julião de Montenegro e Cela;APU;S.131323;Administração Regional e Local – Administração Local;nao;INE S.13 2025;2025
União das freguesias de Abação e Gémeos;APU;S.131323;Administração Regional e Local – Administração Local;nao;INE S.13 2025;2025
União das freguesias de Aboadela, Sanche e Várzea;APU;S.131323;Administração Regional e Local – Administração Local;nao;INE S.13 2025;2025
União das freguesias de Abrantes (São Vicente e São João) e Alferrarede;APU;S.131323;Administração Regional e Local – Administração Local;nao;INE S.13 2025;2025
União das freguesias de Abrigada e Cabanas de Torres;APU;S.131323;Administração Regional e Local – Administração Local;nao;INE S.13 2025;2025
União das freguesias de Abrunheira, Verride e Vila Nova da Barca;APU;S.131323;Administração Regional e Local – Administração Local;nao;INE S.13 2025;2025
União das freguesias de Achete, Azoia de Baixo e Póvoa de Santarém;APU;S.131323;Administração Regional e Local – Administração Local;nao;INE S.13 2025;2025
União das freguesias de Adeganha e Cardanha;APU;S.131323;Administração Regional e Local – Administração Local;nao;INE S.13 2025;2025
União das freguesias de Adoufe e Vilarinho de Samardã;APU;S.131323;Administração Regional e Local – Administração Local;nao;INE S.13 2025;2025
União das freguesias de Agrobom, Saldonha e Vale Pereiro;APU;S.131323;Administração Regional e Local – Administração Local;nao;INE S.13 2025;2025
União das freguesias de Agualva e Mira-Sintra;APU;S.131323;Administração Regional e Local – Administração Local;nao;INE S.13 2025;2025
União das freguesias de Aguiar da Beira e Coruche;APU;S.131323;Administração Regional e Local – Administração Local;nao;INE S.13 2025;2025
União das freguesias de Ala e Vilarinho do Monte;APU;S.131323;Administração Regional e Local – Administração Local;nao;INE S.13 2025;2025
União das freguesias de Alandroal (Nossa Senhora da Conceição), São Brás dos Matos (Mina do Bugalho) e Juromenha (Nossa Senhora do Loreto);APU;S.131323;Administração Regional e Local – Administração Local;nao;INE S.13 2025;2025
União das freguesias de Albernoa e Trindade;APU;S.131323;Administração Regional e Local – Administração Local;nao;INE S.13 2025;2025
União das freguesias de Alcanena e Vila Moreira;APU;S.131323;Administração Regional e Local – Administração Local;nao;INE S.13 2025;2025
União das freguesias de Alcobaça e Vestiaria;APU;S.131323;Administração Regional e Local – Administração Local;nao;INE S.13 2025;2025
União das freguesias de Alcoutim e Pereiro;APU;S.131323;Administração Regional e Local – Administração Local;nao;INE S.13 2025;2025
União das freguesias de Alcórrego e Maranhão;APU;S.131323;Administração Regional e Local – Administração Local;nao;INE S.13 2025;2025
União das freguesias de Aldeia Galega da Merceana e Aldeia Gavinha;APU;S.131323;Administração Regional e Local – Administração Local;nao;INE S.13 2025;2025
União das freguesias de Aldeia da Ribeira, Vilar Maior e Badamalos;APU;S.131323;Administração Regional e Local – Administração Local;nao;INE S.13 2025;2025
União das freguesias de Aldeia do Bispo, Águas e Aldeia de João Pires;APU;S.131323;Administração Regional e Local – Administração Local;nao;INE S.13 2025;2025
União das freguesias de Aldeia do Mato e Souto;APU;S.131323;Administração Regional e Local – Administração Local;nao;INE S.13 2025;2025
União das freguesias de Aldeias e Mangualde da Serra;APU;S.131323;Administração Regional e Local – Administração Local;nao;INE S.13 2025;2025
União das freguesias de Aldoar, Foz do Douro e Nevogilde;APU;S.131323;Administração Regional e Local – Administração Local;nao;INE S.13 2025;2025
União das freguesias de Alenquer (Santo Estêvão e Triana);APU;S.131323;Administração Regional e Local – Administração Local;nao;INE S.13 2025;2025
União das freguesias de Algodres, Vale de Afonsinho e Vilar de Amargo;APU;S.131323;Administração Regional e Local – Administração Local;nao;INE S.13 2025;2025
União das freguesias de Algoso, Campo de Víboras e Uva;APU;S.131323;Administração Regional e Local – Administração Local;nao;INE S.13 2025;2025
União das freguesias de Algés, Linda-a-Velha e Cruz Quebrada-Dafundo;APU;S.131323;Administração Regional e Local – Administração Local;nao;INE S.13 2025;2025
União das freguesias de Alhandra, São João dos Montes e Calhandriz;APU;S.131323;Administração Regional e Local – Administração Local;nao;INE S.13 2025;2025
União das freguesias de Alheira e Igreja Nova;APU;S.131323;Administração Regional e Local – Administração Local;nao;INE S.13 2025;2025
União das freguesias de Alhões, Bustelo, Gralheira e Ramires;APU;S.131323;Administração Regional e Local – Administração Local;nao;INE S.13 2025;2025
União das freguesias de Almada, Cova da Piedade, Pragal e Cacilhas;APU;S.131323;Administração Regional e Local – Administração Local;nao;INE S.13 2025;2025
União das freguesias de Almofala e Escarigo;APU;S.131323;Administração Regional e Local – Administração Local;nao;INE S.13 2025;2025
União das freguesias de Alto do Seixalinho, Santo André e Verderena;APU;S.131323;Administração Regional e Local – Administração Local;nao;INE S.13 2025;2025
União das freguesias de Alvados e Alcaria;APU;S.131323;Administração Regional e Local – Administração Local;nao;INE S.13 2025;2025
União das freguesias de Alvega e Concavada;APU;S.131323;Administração Regional e Local – Administração Local;nao;INE S.13 2025;2025
União das freguesias de Alverca do Ribatejo e Sobralinho;APU;S.131323;Administração Regional e Local – Administração Local;nao;INE S.13 2025;2025
União das freguesias de Alvite e Passos;APU;S.131323;Administração Regional e Local – Administração Local;nao;INE S.13 2025;2025
União das freguesias de Alvito (São Pedro e São Martinho) e Couto;APU;S.131323;Administração Regional e Local – Administração Local;nao;INE S.13 2025;2025
União das freguesias de Alvora e Loureda;APU;S.131323;Administração Regional e Local – Administração Local;nao;INE S.13 2025;2025
União das freguesias de Além da Ribeira e Pedreira;APU;S.131323;Administração Regional e Local – Administração Local;nao;INE S.13 2025;2025
União das freguesias de Amarante (São Gonçalo), Madalena, Cepelos e Gatão;APU;S.131323;Administração Regional e Local – Administração Local;nao;INE S.13 2025;2025
União das freguesias de Amares e Figueiredo;APU;S.131323;Administração Regional e Local – Administração Local;nao;INE S.13 2025;2025
União das freguesias de Amedo e Zedes;APU;S.131323;Administração Regional e Local – Administração Local;nao;INE S.13 2025;2025
União das freguesias de Amoreira da Gândara, Paredes do Bairro e Ancas;APU;S.131323;Administração Regional e Local – Administração Local;nao;INE S.13 2025;2025
União das freguesias de Amoreira, Parada e Cabreira;APU;S.131323;Administração Regional e Local – Administração Local;nao;INE S.13 2025;2025
União das freguesias de Ancede e Ribadouro;APU;S.131323;Administração Regional e Local – Administração Local;nao;INE S.13 2025;2025
União das freguesias de Anhões e Luzio;APU;S.131323;Administração Regional e Local – Administração Local;nao;INE S.13 2025;2025
União das freguesias de Anissó e Soutelo;APU;S.131323;Administração Regional e Local – Administração Local;nao;INE S.13 2025;2025
União das freguesias de Anjos e Vilar do Chão;APU;S.131323;Administração Regional e Local – Administração Local;nao;INE S.13 2025;2025
União das freguesias de Anreade e São Romão de Aregos;APU;S.131323;Administração Regional e Local – Administração Local;nao;INE S.13 2025;2025
União das freguesias de Antas e Abade de Vermoim;APU;S.131323;Administração Regional e Local – Administração Local;nao;INE S.13 2025;2025
União das freguesias de Antas e Matela;APU;S.131323;Administração Regional e Local – Administração Local;nao;INE S.13 2025;2025
União das freguesias de Antas e Ourozinho;APU;S.131323;Administração Regional e Local – Administração Local;nao;INE S.13 2025;2025
União das freguesias de Antuzede e Vil de Matos;APU;S.131323;Administração Regional e Local – Administração Local;nao;INE S.13 2025;2025
União das freguesias de Arca e Varzielas;APU;S.131323;Administração Regional e Local – Administração Local;nao;INE S.13 2025;2025
União das freguesias de Arco de Baúlhe e Vila Nune;APU;S.131323;Administração Regional e Local – Administração Local;nao;INE S.13 2025;2025
União das freguesias de Arcos de Valdevez (Salvador), Vila Fonche e Parada;APU;S.131323;Administração Regional e Local – Administração Local;nao;INE S.13 2025;2025
União das freguesias de Arcos de Valdevez (São Paio) e Giela;APU;S.131323;Administração Regional e Local – Administração Local;nao;INE S.13 2025;2025
União das freguesias de Arcos e Mogofores;APU;S.131323;Administração Regional e Local – Administração Local;nao;INE S.13 2025;2025
União das freguesias de Areias de Vilar e Encourados;APU;S.131323;Administração Regional e Local – Administração Local;nao;INE S.13 2025;2025
União das freguesias de Areias e Pias;APU;S.131323;Administração Regional e Local – Administração Local;nao;INE S.13 2025;2025
União das freguesias de Areias, Sequeiró, Lama e Palmeira;APU;S.131323;Administração Regional e Local – Administração Local;nao;INE S.13 2025;2025
União das freguesias de Arentim e Cunha;APU;S.131323;Administração Regional e Local – Administração Local;nao;INE S.13 2025;2025
União das freguesias de Arez e Amieira do Tejo;APU;S.131323;Administração Regional e Local – Administração Local;nao;INE S.13 2025;2025
União das freguesias de Arga (Baixo, Cima e São João);APU;S.131323;Administração Regional e Local – Administração Local;nao;INE S.13 2025;2025
União das freguesias de Aricera e Goujoim;APU;S.131323;Administração Regional e Local – Administração Local;nao;INE S.13 2025;2025
União das freguesias de Arnoso (Santa Maria e Santa Eulália) e Sezures;APU;S.131323;Administração Regional e Local – Administração Local;nao;INE S.13 2025;2025
União das freguesias de Arosa e Castelões;APU;S.131323;Administração Regional e Local – Administração Local;nao;INE S.13 2025;2025
União das freguesias de Arouca e Burgo;APU;S.131323;Administração Regional e Local – Administração Local;nao;INE S.13 2025;2025
União das freguesias de Arrimal e Mendiga;APU;S.131323;Administração Regional e Local – Administração Local;nao;INE S.13 2025;2025
União das freguesias de Assafarge e Antanhol;APU;S.131323;Administração Regional e Local – Administração Local;nao;INE S.13 2025;2025
União das freguesias de Assares e Lodões;APU;S.131323;Administração Regional e Local – Administração Local;nao;INE S.13 2025;2025
União das freguesias de Atalaia e Alto Estanqueiro-Jardia;APU;S.131323;Administração Regional e Local – Administração Local;nao;INE S.13 2025;2025
União das freguesias de Atalaia e Safurdão;APU;S.131323;Administração Regional e Local – Administração Local;nao;INE S.13 2025;2025
União das freguesias de Atães e Rendufe;APU;S.131323;Administração Regional e Local – Administração Local;nao;INE S.13 2025;2025
União das freguesias de Avantos e Romeu;APU;S.131323;Administração Regional e Local – Administração Local;nao;INE S.13 2025;2025
União das freguesias de Aveleda e Rio de Onor;APU;S.131323;Administração Regional e Local – Administração Local;nao;INE S.13 2025;2025
União das freguesias de Azambujeira e Malaqueijo;APU;S.131323;Administração Regional e Local – Administração Local;nao;INE S.13 2025;2025
União das freguesias de Azeitão (São Lourenço e São Simão);APU;S.131323;Administração Regional e Local – Administração Local;nao;INE S.13 2025;2025
União das freguesias de Azinhal, Peva e Valverde;APU;S.131323;Administração Regional e Local – Administração Local;nao;INE S.13 2025;2025
União das freguesias de Azoia de Cima e Tremês;APU;S.131323;Administração Regional e Local – Administração Local;nao;INE S.13 2025;2025
União das freguesias de Azueira e Sobral da Abelheira;APU;S.131323;Administração Regional e Local – Administração Local;nao;INE S.13 2025;2025
União das freguesias de Açores e Velosa;APU;S.131323;Administração Regional e Local – Administração Local;nao;INE S.13 2025;2025
União das freguesias de Bacelo e Senhora da Saúde;APU;S.131323;Administração Regional e Local – Administração Local;nao;INE S.13 2025;2025
União das freguesias de Bagunte, Ferreiró, Outeiro Maior e Parada;APU;S.131323;Administração Regional e Local – Administração Local;nao;INE S.13 2025;2025
União das freguesias de Baixa da Banheira e Vale da Amoreira;APU;S.131323;Administração Regional e Local – Administração Local;nao;INE S.13 2025;2025
União das freguesias de Baião (Santa Leocádia) e Mesquinhata;APU;S.131323;Administração Regional e Local – Administração Local;nao;INE S.13 2025;2025
União das freguesias de Barbacena e Vila Fernando;APU;S.131323;Administração Regional e Local – Administração Local;nao;INE S.13 2025;2025
União das freguesias de Barcel, Marmelos e Valverde da Gestosa;APU;S.131323;Administração Regional e Local – Administração Local;nao;INE S.13 2025;2025
União das freguesias de Barcos e Santa Leocádia;APU;S.131323;Administração Regional e Local – Administração Local;nao;INE S.13 2025;2025
União das freguesias de Barreiro e Lavradio;APU;S.131323;Administração Regional e Local – Administração Local;nao;INE S.13 2025;2025
União das freguesias de Barreiros e Cepões;APU;S.131323;Administração Regional e Local – Administração Local;nao;INE S.13 2025;2025
União das freguesias de Beja (Salvador e Santa Maria da Feira);APU;S.131323;Administração Regional e Local – Administração Local;nao;INE S.13 2025;2025
União das freguesias de Beja (Santiago Maior e São João Baptista);APU;S.131323;Administração Regional e Local – Administração Local;nao;INE S.13 2025;2025
União das freguesias de Belver e Mogo de Malta;APU;S.131323;Administração Regional e Local – Administração Local;nao;INE S.13 2025;2025
União das freguesias de Benavila e Valongo;APU;S.131323;Administração Regional e Local – Administração Local;nao;INE S.13 2025;2025
União das freguesias de Bico e Cristelo;APU;S.131323;Administração Regional e Local – Administração Local;nao;INE S.13 2025;2025
União das freguesias de Bigorne, Magueija e Pretarouca;APU;S.131323;Administração Regional e Local – Administração Local;nao;INE S.13 2025;2025
União das freguesias de Boa Aldeia, Farminhão e Torredeita;APU;S.131323;Administração Regional e Local – Administração Local;nao;INE S.13 2025;2025
União das freguesias de Borbela e Lamas de Olo;APU;S.131323;Administração Regional e Local – Administração Local;nao;INE S.13 2025;2025
União das freguesias de Bornes e Burga;APU;S.131323;Administração Regional e Local – Administração Local;nao;INE S.13 2025;2025
União das freguesias de Bougado (São Martinho e Santiago);APU;S.131323;Administração Regional e Local – Administração Local;nao;INE S.13 2025;2025
União das freguesias de Braga (Maximinos, Sé e Cividade);APU;S.131323;Administração Regional e Local – Administração Local;nao;INE S.13 2025;2025
União das freguesias de Braga (São José de São Lázaro e São João do Souto);APU;S.131323;Administração Regional e Local – Administração Local;nao;INE S.13 2025;2025
União das freguesias de Briteiros Santo Estêvão e Donim;APU;S.131323;Administração Regional e Local – Administração Local;nao;INE S.13 2025;2025
União das freguesias de Briteiros São Salvador e Briteiros Santa Leocádia;APU;S.131323;Administração Regional e Local – Administração Local;nao;INE S.13 2025;2025
União das freguesias de Britelo, Gémeos e Ourilhe;APU;S.131323;Administração Regional e Local – Administração Local;nao;INE S.13 2025;2025
União das freguesias de Brogueira, Parceiros de Igreja e Alcorochel;APU;S.131323;Administração Regional e Local – Administração Local;nao;INE S.13 2025;2025
União das freguesias de Brunhozinho, Castanheira e Sanhoane;APU;S.131323;Administração Regional e Local – Administração Local;nao;INE S.13 2025;2025
União das freguesias de Bustelo, Carneiro e Carvalho de Rei;APU;S.131323;Administração Regional e Local – Administração Local;nao;INE S.13 2025;2025
União das freguesias de Bustos, Troviscal e Mamarrosa;APU;S.131323;Administração Regional e Local – Administração Local;nao;INE S.13 2025;2025
União das freguesias de Cabreiros e Albergaria da Serra;APU;S.131323;Administração Regional e Local – Administração Local;nao;INE S.13 2025;2025
União das freguesias de Cabreiros e Passos (São Julião);APU;S.131323;Administração Regional e Local – Administração Local;nao;INE S.13 2025;2025
União das freguesias de Cadafaz e Colmeal;APU;S.131323;Administração Regional e Local – Administração Local;nao;INE S.13 2025;2025
União das freguesias de Caldas da Rainha - Nossa Senhora do Pópulo, Coto e São Gregório;APU;S.131323;Administração Regional e Local – Administração Local;nao;INE S.13 2025;2025
União das freguesias de Caldas da Rainha - Santo Onofre e Serra do Bouro;APU;S.131323;Administração Regional e Local – Administração Local;nao;INE S.13 2025;2025
União das freguesias de Caldas de Vizela (São Miguel e São João);APU;S.131323;Administração Regional e Local – Administração Local;nao;INE S.13 2025;2025
União das freguesias de Caldelas, Sequeiros e Paranhos;APU;S.131323;Administração Regional e Local – Administração Local;nao;INE S.13 2025;2025
União das freguesias de Calvos e Frades;APU;S.131323;Administração Regional e Local – Administração Local;nao;INE S.13 2025;2025
União das freguesias de Calvão e Soutelinho da Raia;APU;S.131323;Administração Regional e Local – Administração Local;nao;INE S.13 2025;2025
União das freguesias de Camarate, Unhos e Apelação;APU;S.131323;Administração Regional e Local – Administração Local;nao;INE S.13 2025;2025
União das freguesias de Cambeses do Rio, Donões e Mourilhe;APU;S.131323;Administração Regional e Local – Administração Local;nao;INE S.13 2025;2025
União das freguesias de Cambra e Carvalhal de Vermilhas;APU;S.131323;Administração Regional e Local – Administração Local;nao;INE S.13 2025;2025
União das freguesias de Caminha (Matriz) e Vilarelho;APU;S.131323;Administração Regional e Local – Administração Local;nao;INE S.13 2025;2025
União das freguesias de Campanhó e Paradança;APU;S.131323;Administração Regional e Local – Administração Local;nao;INE S.13 2025;2025
União das freguesias de Campelo e Ovil;APU;S.131323;Administração Regional e Local – Administração Local;nao;INE S.13 2025;2025
União das freguesias de Campelos e Outeiro da Cabeça;APU;S.131323;Administração Regional e Local – Administração Local;nao;INE S.13 2025;2025
União das freguesias de Campo e Campinho;APU;S.131323;Administração Regional e Local – Administração Local;nao;INE S.13 2025;2025
União das freguesias de Campo e Tamel (São Pedro Fins);APU;S.131323;Administração Regional e Local – Administração Local;nao;INE S.13 2025;2025
União das freguesias de Campos e Louredo;APU;S.131323;Administração Regional e Local – Administração Local;nao;INE S.13 2025;2025
União das freguesias de Campos e Vila Meã;APU;S.131323;Administração Regional e Local – Administração Local;nao;INE S.13 2025;2025
União das freguesias de Candemil e Gondar;APU;S.131323;Administração Regional e Local – Administração Local;nao;INE S.13 2025;2025
União das freguesias de Candoso São Tiago e Mascotelos;APU;S.131323;Administração Regional e Local – Administração Local;nao;INE S.13 2025;2025
União das freguesias de Candoso e Carvalho de Egas;APU;S.131323;Administração Regional e Local – Administração Local;nao;INE S.13 2025;2025
União das freguesias de Canedo de Basto e Corgo;APU;S.131323;Administração Regional e Local – Administração Local;nao;INE S.13 2025;2025
União das freguesias de Canelas e Espiunca;APU;S.131323;Administração Regional e Local – Administração Local;nao;INE S.13 2025;2025
União das freguesias de Canelas e Fermelã;APU;S.131323;Administração Regional e Local – Administração Local;nao;INE S.13 2025;2025
União das freguesias de Caniçada e Soengas;APU;S.131323;Administração Regional e Local – Administração Local;nao;INE S.13 2025;2025
União das freguesias de Caparica e Trafaria;APU;S.131323;Administração Regional e Local – Administração Local;nao;INE S.13 2025;2025
União das freguesias de Caparrosa e Silvares;APU;S.131323;Administração Regional e Local – Administração Local;nao;INE S.13 2025;2025
União das freguesias de Carcavelos e Parede;APU;S.131323;Administração Regional e Local – Administração Local;nao;INE S.13 2025;2025
União das freguesias de Carlão e Amieiro;APU;S.131323;Administração Regional e Local – Administração Local;nao;INE S.13 2025;2025
União das freguesias de Carnaxide e Queijas;APU;S.131323;Administração Regional e Local – Administração Local;nao;INE S.13 2025;2025
União das freguesias de Carragozela e Várzea de Meruge;APU;S.131323;Administração Regional e Local – Administração Local;nao;INE S.13 2025;2025
União das freguesias de Carregado e Cadafais;APU;S.131323;Administração Regional e Local – Administração Local;nao;INE S.13 2025;2025
União das freguesias de Carreira e Bente;APU;S.131323;Administração Regional e Local – Administração Local;nao;INE S.13 2025;2025
União das freguesias de Carreira e Fonte Coberta;APU;S.131323;Administração Regional e Local – Administração Local;nao;INE S.13 2025;2025
União das freguesias de Carreira e Refojos de Riba de Ave;APU;S.131323;Administração Regional e Local – Administração Local;nao;INE S.13 2025;2025
União das freguesias de Carreiras (São Miguel) e Carreiras (Santiago);APU;S.131323;Administração Regional e Local – Administração Local;nao;INE S.13 2025;2025
União das freguesias de Carva e Vilares;APU;S.131323;Administração Regional e Local – Administração Local;nao;INE S.13 2025;2025
União das freguesias de Carvalhais e Candal;APU;S.131323;Administração Regional e Local – Administração Local;nao;INE S.13 2025;2025
União das freguesias de Carvalhal Redondo e Aguieira;APU;S.131323;Administração Regional e Local – Administração Local;nao;INE S.13 2025;2025
União das freguesias de Carvalho e Basto (Santa Tecla);APU;S.131323;Administração Regional e Local – Administração Local;nao;INE S.13 2025;2025
União das freguesias de Carvoeira e Carmões;APU;S.131323;Administração Regional e Local – Administração Local;nao;INE S.13 2025;2025
União das freguesias de Casais e Alviobeira;APU;S.131323;Administração Regional e Local – Administração Local;nao;INE S.13 2025;2025
União das freguesias de Cascais e Estoril;APU;S.131323;Administração Regional e Local – Administração Local;nao;INE S.13 2025;2025
União das freguesias de Castanheira de Pêra e Coentral;APU;S.131323;Administração Regional e Local – Administração Local;nao;INE S.13 2025;2025
União das freguesias de Castanheira do Ribatejo e Cachoeiras;APU;S.131323;Administração Regional e Local – Administração Local;nao;INE S.13 2025;2025
União das freguesias de Castanheiro do Norte e Ribalonga;APU;S.131323;Administração Regional e Local – Administração Local;nao;INE S.13 2025;2025
União das freguesias de Castedo e Cotas;APU;S.131323;Administração Regional e Local – Administração Local;nao;INE S.13 2025;2025
União das freguesias de Castelo Mendo, Ade, Monteperobolso e Mesquitela;APU;S.131323;Administração Regional e Local – Administração Local;nao;INE S.13 2025;2025
União das freguesias de Castelãos e Vilar do Monte;APU;S.131323;Administração Regional e Local – Administração Local;nao;INE S.13 2025;2025
União das freguesias de Castrelos e Carrazedo;APU;S.131323;Administração Regional e Local – Administração Local;nao;INE S.13 2025;2025
União das freguesias de Castro Laboreiro e Lamas de Mouro;APU;S.131323;Administração Regional e Local – Administração Local;nao;INE S.13 2025;2025
União das freguesias de Castro Verde e Casével;APU;S.131323;Administração Regional e Local – Administração Local;nao;INE S.13 2025;2025
União das freguesias de Casével e Vaqueiros;APU;S.131323;Administração Regional e Local – Administração Local;nao;INE S.13 2025;2025
União das freguesias de Caçarelhos e Angueira;APU;S.131323;Administração Regional e Local – Administração Local;nao;INE S.13 2025;2025
União das freguesias de Caçarilhe e Infesta;APU;S.131323;Administração Regional e Local – Administração Local;nao;INE S.13 2025;2025
União das freguesias de Cebolais de Cima e Retaxo;APU;S.131323;Administração Regional e Local – Administração Local;nao;INE S.13 2025;2025
União das freguesias de Cedofeita, Santo Ildefonso, Sé, Miragaia, São Nicolau e Vitória;APU;S.131323;Administração Regional e Local – Administração Local;nao;INE S.13 2025;2025
União das freguesias de Ceivães e Badim;APU;S.131323;Administração Regional e Local – Administração Local;nao;INE S.13 2025;2025
União das freguesias de Celeirós, Aveleda e Vimieiro;APU;S.131323;Administração Regional e Local – Administração Local;nao;INE S.13 2025;2025
União das freguesias de Celorico (São Pedro e Santa Maria) e Vila Boa do Mondego;APU;S.131323;Administração Regional e Local – Administração Local;nao;INE S.13 2025;2025
União das freguesias de Cepos e Teixeira;APU;S.131323;Administração Regional e Local – Administração Local;nao;INE S.13 2025;2025
União das freguesias de Cepões, Meijinhos e Melcões;APU;S.131323;Administração Regional e Local – Administração Local;nao;INE S.13 2025;2025
União das freguesias de Cerdeira e Moura da Serra;APU;S.131323;Administração Regional e Local – Administração Local;nao;INE S.13 2025;2025
União das freguesias de Cernache do Bonjardim, Nesperal e Palhais;APU;S.131323;Administração Regional e Local – Administração Local;nao;INE S.13 2025;2025
União das freguesias de Cernadelo e Lousada (São Miguel e Santa Margarida);APU;S.131323;Administração Regional e Local – Administração Local;nao;INE S.13 2025;2025
União das freguesias de Cerva e Limões;APU;S.131323;Administração Regional e Local – Administração Local;nao;INE S.13 2025;2025
União das freguesias de Chamoim e Vilar;APU;S.131323;Administração Regional e Local – Administração Local;nao;INE S.13 2025;2025
União das freguesias de Charneca de Caparica e Sobreda;APU;S.131323;Administração Regional e Local – Administração Local;nao;INE S.13 2025;2025
União das freguesias de Chaviães e Paços;APU;S.131323;Administração Regional e Local – Administração Local;nao;INE S.13 2025;2025
União das freguesias de Chorense e Monte;APU;S.131323;Administração Regional e Local – Administração Local;nao;INE S.13 2025;2025
União das freguesias de Chorente, Góios, Courel, Pedra Furada e Gueral;APU;S.131323;Administração Regional e Local – Administração Local;nao;INE S.13 2025;2025
União das freguesias de Cibões e Brufe;APU;S.131323;Administração Regional e Local – Administração Local;nao;INE S.13 2025;2025
União das freguesias de Cinco Vilas e Reigada;APU;S.131323;Administração Regional e Local – Administração Local;nao;INE S.13 2025;2025
União das freguesias de Coimbra (Sé Nova, Santa Cruz, Almedina e São Bartolomeu);APU;S.131323;Administração Regional e Local – Administração Local;nao;INE S.13 2025;2025
União das freguesias de Colmeias e Memória;APU;S.131323;Administração Regional e Local – Administração Local;nao;INE S.13 2025;2025
União das freguesias de Condeixa-a-Velha e Condeixa-a-Nova;APU;S.131323;Administração Regional e Local – Administração Local;nao;INE S.13 2025;2025
União das freguesias de Constantim e Cicouro;APU;S.131323;Administração Regional e Local – Administração Local;nao;INE S.13 2025;2025
União das freguesias de Constantim e Vale de Nogueiras;APU;S.131323;Administração Regional e Local – Administração Local;nao;INE S.13 2025;2025
União das freguesias de Coronado (São Romão e São Mamede);APU;S.131323;Administração Regional e Local – Administração Local;nao;INE S.13 2025;2025
União das freguesias de Cortiçô da Serra, Vide entre Vinhas e Salgueirais;APU;S.131323;Administração Regional e Local – Administração Local;nao;INE S.13 2025;2025
União das freguesias de Cortiçô e Vila Chã;APU;S.131323;Administração Regional e Local – Administração Local;nao;INE S.13 2025;2025
União das freguesias de Cossourado e Linhares;APU;S.131323;Administração Regional e Local – Administração Local;nao;INE S.13 2025;2025
União das freguesias de Covas e Vila Nova de Oliveirinha;APU;S.131323;Administração Regional e Local – Administração Local;nao;INE S.13 2025;2025
União das freguesias de Covelo de Paivó e Janarde;APU;S.131323;Administração Regional e Local – Administração Local;nao;INE S.13 2025;2025
União das freguesias de Covilhã e Canhoso;APU;S.131323;Administração Regional e Local – Administração Local;nao;INE S.13 2025;2025
União das freguesias de Covões e Camarneira;APU;S.131323;Administração Regional e Local – Administração Local;nao;INE S.13 2025;2025
União das freguesias de Coz, Alpedriz e Montes;APU;S.131323;Administração Regional e Local – Administração Local;nao;INE S.13 2025;2025
União das freguesias de Crasto, Ruivos e Grovelas;APU;S.131323;Administração Regional e Local – Administração Local;nao;INE S.13 2025;2025
União das freguesias de Crato e Mártires, Flor da Rosa e Vale do Peso;APU;S.131323;Administração Regional e Local – Administração Local;nao;INE S.13 2025;2025
União das freguesias de Creixomil e Mariz;APU;S.131323;Administração Regional e Local – Administração Local;nao;INE S.13 2025;2025
União das freguesias de Crespos e Pousada;APU;S.131323;Administração Regional e Local – Administração Local;nao;INE S.13 2025;2025
União das freguesias de Cristelos, Boim e Ordem;APU;S.131323;Administração Regional e Local – Administração Local;nao;INE S.13 2025;2025
União das freguesias de Cumeada e Marmeleiro;APU;S.131323;Administração Regional e Local – Administração Local;nao;INE S.13 2025;2025
União das freguesias de Curopos e Vale de Janeiro;APU;S.131323;Administração Regional e Local – Administração Local;nao;INE S.13 2025;2025
União das freguesias de Côja e Barril de Alva;APU;S.131323;Administração Regional e Local – Administração Local;nao;INE S.13 2025;2025
União das freguesias de Degracias e Pombalinho;APU;S.131323;Administração Regional e Local – Administração Local;nao;INE S.13 2025;2025
União das freguesias de Destriz e Reigoso;APU;S.131323;Administração Regional e Local – Administração Local;nao;INE S.13 2025;2025
União das freguesias de Durrães e Tregosa;APU;S.131323;Administração Regional e Local – Administração Local;nao;INE S.13 2025;2025
União das freguesias de Eiras e Mei;APU;S.131323;Administração Regional e Local – Administração Local;nao;INE S.13 2025;2025
União das freguesias de Eiras e São Paulo de Frades;APU;S.131323;Administração Regional e Local – Administração Local;nao;INE S.13 2025;2025
União das freguesias de Entre Ambos-os-Rios, Ermida e Germil;APU;S.131323;Administração Regional e Local – Administração Local;nao;INE S.13 2025;2025
União das freguesias de Enxara do Bispo, Gradil e Vila Franca do Rosário;APU;S.131323;Administração Regional e Local – Administração Local;nao;INE S.13 2025;2025
União das freguesias de Ereira e Lapa;APU;S.131323;Administração Regional e Local – Administração Local;nao;INE S.13 2025;2025
União das freguesias de Ermelo e Pardelhas;APU;S.131323;Administração Regional e Local – Administração Local;nao;INE S.13 2025;2025
União das freguesias de Ermida e Figueiredo;APU;S.131323;Administração Regional e Local – Administração Local;nao;INE S.13 2025;2025
União das freguesias de Escariz (São Mamede) e Escariz (São Martinho);APU;S.131323;Administração Regional e Local – Administração Local;nao;INE S.13 2025;2025
União das freguesias de Escudeiros e Penso (Santo Estêvão e São Vicente);APU;S.131323;Administração Regional e Local – Administração Local;nao;INE S.13 2025;2025
União das freguesias de Espadanedo, Edroso, Murçós e Soutelo Mourisco;APU;S.131323;Administração Regional e Local – Administração Local;nao;INE S.13 2025;2025
União das freguesias de Espariz e Sinde;APU;S.131323;Administração Regional e Local – Administração Local;nao;INE S.13 2025;2025
União das freguesias de Esperança e Brunhais;APU;S.131323;Administração Regional e Local – Administração Local;nao;INE S.13 2025;2025
União das freguesias de Espírito Santo, Nossa Senhora da Graça e São Simão;APU;S.131323;Administração Regional e Local – Administração Local;nao;INE S.13 2025;2025
União das freguesias de Esqueiros, Nevogilde e Travassós;APU;S.131323;Administração Regional e Local – Administração Local;nao;INE S.13 2025;2025
União das freguesias de Este (São Pedro e São Mamede);APU;S.131323;Administração Regional e Local – Administração Local;nao;INE S.13 2025;2025
União das freguesias de Estremoz (Santa Maria e Santo André);APU;S.131323;Administração Regional e Local – Administração Local;nao;INE S.13 2025;2025
União das freguesias de Estômbar e Parchal;APU;S.131323;Administração Regional e Local – Administração Local;nao;INE S.13 2025;2025
União das freguesias de Eucisia, Gouveia e Valverde;APU;S.131323;Administração Regional e Local – Administração Local;nao;INE S.13 2025;2025
União das freguesias de Faro (Sé e São Pedro);APU;S.131323;Administração Regional e Local – Administração Local;nao;INE S.13 2025;2025
União das freguesias de Fataunços e Figueiredo das Donas;APU;S.131323;Administração Regional e Local – Administração Local;nao;INE S.13 2025;2025
União das freguesias de Felgar e Souto da Velha;APU;S.131323;Administração Regional e Local – Administração Local;nao;INE S.13 2025;2025
União das freguesias de Felgueiras e Feirão;APU;S.131323;Administração Regional e Local – Administração Local;nao;INE S.13 2025;2025
União das freguesias de Felgueiras e Maçores;APU;S.131323;Administração Regional e Local – Administração Local;nao;INE S.13 2025;2025
União das freguesias de Ferradosa e Sendim da Serra;APU;S.131323;Administração Regional e Local – Administração Local;nao;INE S.13 2025;2025
União das freguesias de Ferreirim e Macieira;APU;S.131323;Administração Regional e Local – Administração Local;nao;INE S.13 2025;2025
União das freguesias de Ferreiros e Gondizalves;APU;S.131323;Administração Regional e Local – Administração Local;nao;INE S.13 2025;2025
União das freguesias de Ferreiros, Prozelo e Besteiros;APU;S.131323;Administração Regional e Local – Administração Local;nao;INE S.13 2025;2025
União das freguesias de Figueiras e Covas;APU;S.131323;Administração Regional e Local – Administração Local;nao;INE S.13 2025;2025
União das freguesias de Figueiró (Santiago e Santa Cristina);APU;S.131323;Administração Regional e Local – Administração Local;nao;INE S.13 2025;2025
União das freguesias de Figueiró da Serra e Freixo da Serra;APU;S.131323;Administração Regional e Local – Administração Local;nao;INE S.13 2025;2025
União das freguesias de Figueiró dos Vinhos e Bairradas;APU;S.131323;Administração Regional e Local – Administração Local;nao;INE S.13 2025;2025
União das freguesias de Fonte Arcada e Escurquela;APU;S.131323;Administração Regional e Local – Administração Local;nao;INE S.13 2025;2025
União das freguesias de Fonte Arcada e Oliveira;APU;S.131323;Administração Regional e Local – Administração Local;nao;INE S.13 2025;2025
União das freguesias de Fonte Boa e Rio Tinto;APU;S.131323;Administração Regional e Local – Administração Local;nao;INE S.13 2025;2025
União das freguesias de Formariz e Ferreira;APU;S.131323;Administração Regional e Local – Administração Local;nao;INE S.13 2025;2025
União das freguesias de Foz de Arouce e Casal de Ermio;APU;S.131323;Administração Regional e Local – Administração Local;nao;INE S.13 2025;2025
União das freguesias de Foz do Sousa e Covelo;APU;S.131323;Administração Regional e Local – Administração Local;nao;INE S.13 2025;2025
União das freguesias de Franco e Vila Boa;APU;S.131323;Administração Regional e Local – Administração Local;nao;INE S.13 2025;2025
União das freguesias de Freches e Torres;APU;S.131323;Administração Regional e Local – Administração Local;nao;INE S.13 2025;2025
União das freguesias de Freigil e Miomães;APU;S.131323;Administração Regional e Local – Administração Local;nao;INE S.13 2025;2025
União das freguesias de Freixeda do Torrão, Quintã de Pêro Martins e Penha de Águia;APU;S.131323;Administração Regional e Local – Administração Local;nao;INE S.13 2025;2025
União das freguesias de Freixeda e Vila Verde;APU;S.131323;Administração Regional e Local – Administração Local;nao;INE S.13 2025;2025
União das freguesias de Freixial e Juncal do Campo;APU;S.131323;Administração Regional e Local – Administração Local;nao;INE S.13 2025;2025
União das freguesias de Freixianda, Ribeira do Fárrio e Formigais;APU;S.131323;Administração Regional e Local – Administração Local;nao;INE S.13 2025;2025
União das freguesias de Freixo de Cima e de Baixo;APU;S.131323;Administração Regional e Local – Administração Local;nao;INE S.13 2025;2025
União das freguesias de Freixo de Espada à Cinta e Mazouco;APU;S.131323;Administração Regional e Local – Administração Local;nao;INE S.13 2025;2025
União das freguesias de Friúmes e Paradela;APU;S.131323;Administração Regional e Local – Administração Local;nao;INE S.13 2025;2025
União das freguesias de Fundão, Valverde, Donas, Aldeia de Joanes e Aldeia Nova do Cabo;APU;S.131323;Administração Regional e Local – Administração Local;nao;INE S.13 2025;2025
União das freguesias de Fânzeres e São Pedro da Cova;APU;S.131323;Administração Regional e Local – Administração Local;nao;INE S.13 2025;2025
União das freguesias de Gaio-Rosário e Sarilhos Pequenos;APU;S.131323;Administração Regional e Local – Administração Local;nao;INE S.13 2025;2025
União das freguesias de Galafura e Covelinhas;APU;S.131323;Administração Regional e Local – Administração Local;nao;INE S.13 2025;2025
União das freguesias de Gamil e Midões;APU;S.131323;Administração Regional e Local – Administração Local;nao;INE S.13 2025;2025
União das freguesias de Gandra e Taião;APU;S.131323;Administração Regional e Local – Administração Local;nao;INE S.13 2025;2025
União das freguesias de Gavião e Atalaia;APU;S.131323;Administração Regional e Local – Administração Local;nao;INE S.13 2025;2025
União das freguesias de Gebelim e Soeima;APU;S.131323;Administração Regional e Local – Administração Local;nao;INE S.13 2025;2025
União das freguesias de Geraz do Lima (Santa Maria, Santa Leocádia e Moreira) e Deão;APU;S.131323;Administração Regional e Local – Administração Local;nao;INE S.13 2025;2025
União das freguesias de Gesteira e Brunhós;APU;S.131323;Administração Regional e Local – Administração Local;nao;INE S.13 2025;2025
União das freguesias de Glória e Vera Cruz;APU;S.131323;Administração Regional e Local – Administração Local;nao;INE S.13 2025;2025
União das freguesias de Gondar e Orbacém;APU;S.131323;Administração Regional e Local – Administração Local;nao;INE S.13 2025;2025
União das freguesias de Gondiães e Vilar de Cunhas;APU;S.131323;Administração Regional e Local – Administração Local;nao;INE S.13 2025;2025
União das freguesias de Gondomar (São Cosme), Valbom e Jovim;APU;S.131323;Administração Regional e Local – Administração Local;nao;INE S.13 2025;2025
União das freguesias de Gondomil e Sanfins;APU;S.131323;Administração Regional e Local – Administração Local;nao;INE S.13 2025;2025
União das freguesias de Grade e Carralcova;APU;S.131323;Administração Regional e Local – Administração Local;nao;INE S.13 2025;2025
União das freguesias de Granja Nova e Vila Chã da Beira;APU;S.131323;Administração Regional e Local – Administração Local;nao;INE S.13 2025;2025
União das freguesias de Grândola e Santa Margarida da Serra;APU;S.131323;Administração Regional e Local – Administração Local;nao;INE S.13 2025;2025
União das freguesias de Guilhadeses e Santar;APU;S.131323;Administração Regional e Local – Administração Local;nao;INE S.13 2025;2025
União das freguesias de Guisande e Oliveira (São Pedro);APU;S.131323;Administração Regional e Local – Administração Local;nao;INE S.13 2025;2025
União das freguesias de Idanha-a-Nova e Alcafozes;APU;S.131323;Administração Regional e Local – Administração Local;nao;INE S.13 2025;2025
União das freguesias de Ifanes e Paradela;APU;S.131323;Administração Regional e Local – Administração Local;nao;INE S.13 2025;2025
União das freguesias de Igreja Nova e Cheleiros;APU;S.131323;Administração Regional e Local – Administração Local;nao;INE S.13 2025;2025
União das freguesias de Insalde e Porreiras;APU;S.131323;Administração Regional e Local – Administração Local;nao;INE S.13 2025;2025
União das freguesias de Izeda, Calvelhe e Paradinha Nova;APU;S.131323;Administração Regional e Local – Administração Local;nao;INE S.13 2025;2025
União das freguesias de Janeiro de Cima e Bogas de Baixo;APU;S.131323;Administração Regional e Local – Administração Local;nao;INE S.13 2025;2025
União das freguesias de Jolda (Madalena) e Rio Cabrão;APU;S.131323;Administração Regional e Local – Administração Local;nao;INE S.13 2025;2025
União das freguesias de Juncais, Vila Ruiva e Vila Soeiro do Chão;APU;S.131323;Administração Regional e Local – Administração Local;nao;INE S.13 2025;2025
União das freguesias de Junça e Naves;APU;S.131323;Administração Regional e Local – Administração Local;nao;INE S.13 2025;2025
União das freguesias de Lagoa e Carvoeiro;APU;S.131323;Administração Regional e Local – Administração Local;nao;INE S.13 2025;2025
União das freguesias de Lagoaça e Fornos;APU;S.131323;Administração Regional e Local – Administração Local;nao;INE S.13 2025;2025
União das freguesias de Lagos da Beira e Lajeosa;APU;S.131323;Administração Regional e Local – Administração Local;nao;INE S.13 2025;2025
União das freguesias de Lajeosa e Forcalhos;APU;S.131323;Administração Regional e Local – Administração Local;nao;INE S.13 2025;2025
União das freguesias de Lamas e Cercal;APU;S.131323;Administração Regional e Local – Administração Local;nao;INE S.13 2025;2025
União das freguesias de Lamelas e Guimarei;APU;S.131323;Administração Regional e Local – Administração Local;nao;INE S.13 2025;2025
União das freguesias de Laranjeiro e Feijó;APU;S.131323;Administração Regional e Local – Administração Local;nao;INE S.13 2025;2025
União das freguesias de Lavandeira, Beira Grande e Selores;APU;S.131323;Administração Regional e Local – Administração Local;nao;INE S.13 2025;2025
União das freguesias de Leiria, Pousos, Barreira e Cortes;APU;S.131323;Administração Regional e Local – Administração Local;nao;INE S.13 2025;2025
União das freguesias de Leitões, Oleiros e Figueiredo;APU;S.131323;Administração Regional e Local – Administração Local;nao;INE S.13 2025;2025
União das freguesias de Lemenhe, Mouquim e Jesufrei;APU;S.131323;Administração Regional e Local – Administração Local;nao;INE S.13 2025;2025
União das freguesias de Leomil, Mido, Senouras e Aldeia Nova;APU;S.131323;Administração Regional e Local – Administração Local;nao;INE S.13 2025;2025
União das freguesias de Loivos da Ribeira e Tresouras;APU;S.131323;Administração Regional e Local – Administração Local;nao;INE S.13 2025;2025
União das freguesias de Loivos e Póvoa de Agrações;APU;S.131323;Administração Regional e Local – Administração Local;nao;INE S.13 2025;2025
União das freguesias de Lomar e Arcos;APU;S.131323;Administração Regional e Local – Administração Local;nao;INE S.13 2025;2025
União das freguesias de Lordelo do Ouro e Massarelos;APU;S.131323;Administração Regional e Local – Administração Local;nao;INE S.13 2025;2025
União das freguesias de Louredo e Fornelos;APU;S.131323;Administração Regional e Local – Administração Local;nao;INE S.13 2025;2025
União das freguesias de Macieira da Lixa e Caramos;APU;S.131323;Administração Regional e Local – Administração Local;nao;INE S.13 2025;2025
União das freguesias de Madalena e Beselga;APU;S.131323;Administração Regional e Local – Administração Local;nao;INE S.13 2025;2025
União das freguesias de Malagueira e Horta das Figueiras;APU;S.131323;Administração Regional e Local – Administração Local;nao;INE S.13 2025;2025
União das freguesias de Malhou, Louriceira e Espinheiro;APU;S.131323;Administração Regional e Local – Administração Local;nao;INE S.13 2025;2025
União das freguesias de Malpartida e Vale de Coelha;APU;S.131323;Administração Regional e Local – Administração Local;nao;INE S.13 2025;2025
União das freguesias de Malveira e São Miguel de Alcainça;APU;S.131323;Administração Regional e Local – Administração Local;nao;INE S.13 2025;2025
União das freguesias de Mamouros, Alva e Ribolhos;APU;S.131323;Administração Regional e Local – Administração Local;nao;INE S.13 2025;2025
União das freguesias de Mangualde, Mesquitela e Cunha Alta;APU;S.131323;Administração Regional e Local – Administração Local;nao;INE S.13 2025;2025
União das freguesias de Manique do Intendente, Vila Nova de São Pedro e Maçussa;APU;S.131323;Administração Regional e Local – Administração Local;nao;INE S.13 2025;2025
União das freguesias de Margaride (Santa Eulália), Várzea, Lagares, Varziela e Moure;APU;S.131323;Administração Regional e Local – Administração Local;nao;INE S.13 2025;2025
União das freguesias de Marmeleira e Assentiz;APU;S.131323;Administração Regional e Local – Administração Local;nao;INE S.13 2025;2025
União das freguesias de Marrancos e Arcozelo;APU;S.131323;Administração Regional e Local – Administração Local;nao;INE S.13 2025;2025
União das freguesias de Marrazes e Barosa;APU;S.131323;Administração Regional e Local – Administração Local;nao;INE S.13 2025;2025
União das freguesias de Massamá e Monte Abraão;APU;S.131323;Administração Regional e Local – Administração Local;nao;INE S.13 2025;2025
União das freguesias de Maxial e Monte Redondo;APU;S.131323;Administração Regional e Local – Administração Local;nao;INE S.13 2025;2025
União das freguesias de Mazedo e Cortes;APU;S.131323;Administração Regional e Local – Administração Local;nao;INE S.13 2025;2025
União das freguesias de Mação, Penhascoso e Aboboreira;APU;S.131323;Administração Regional e Local – Administração Local;nao;INE S.13 2025;2025
União das freguesias de Meixedo e Padornelos;APU;S.131323;Administração Regional e Local – Administração Local;nao;INE S.13 2025;2025
União das freguesias de Melo e Nabais;APU;S.131323;Administração Regional e Local – Administração Local;nao;INE S.13 2025;2025
União das freguesias de Melres e Medas;APU;S.131323;Administração Regional e Local – Administração Local;nao;INE S.13 2025;2025
União das freguesias de Merelim (São Paio), Panoias e Parada de Tibães;APU;S.131323;Administração Regional e Local – Administração Local;nao;INE S.13 2025;2025
União das freguesias de Merelim (São Pedro) e Frossos;APU;S.131323;Administração Regional e Local – Administração Local;nao;INE S.13 2025;2025
União das freguesias de Messegães, Valadares e Sá;APU;S.131323;Administração Regional e Local – Administração Local;nao;INE S.13 2025;2025
União das freguesias de Mezio e Moura Morta;APU;S.131323;Administração Regional e Local – Administração Local;nao;INE S.13 2025;2025
União das freguesias de Milhazes, Vilar de Figos e Faria;APU;S.131323;Administração Regional e Local – Administração Local;nao;INE S.13 2025;2025
União das freguesias de Miragaia e Marteleira;APU;S.131323;Administração Regional e Local – Administração Local;nao;INE S.13 2025;2025
União das freguesias de Miuzela e Porto de Ovelha;APU;S.131323;Administração Regional e Local – Administração Local;nao;INE S.13 2025;2025
União das freguesias de Mogadouro, Valverde, Vale de Porco e Vilar de Rei;APU;S.131323;Administração Regional e Local – Administração Local;nao;INE S.13 2025;2025
União das freguesias de Moimenta da Serra e Vinhó;APU;S.131323;Administração Regional e Local – Administração Local;nao;INE S.13 2025;2025
União das freguesias de Moimenta de Maceira Dão e Lobelhe do Mato;APU;S.131323;Administração Regional e Local – Administração Local;nao;INE S.13 2025;2025
União das freguesias de Moimenta e Montouto;APU;S.131323;Administração Regional e Local – Administração Local;nao;INE S.13 2025;2025
União das freguesias de Moledo e Cristelo;APU;S.131323;Administração Regional e Local – Administração Local;nao;INE S.13 2025;2025
União das freguesias de Monfortinho e Salvaterra do Extremo;APU;S.131323;Administração Regional e Local – Administração Local;nao;INE S.13 2025;2025
União das freguesias de Monsanto e Idanha-a-Velha;APU;S.131323;Administração Regional e Local – Administração Local;nao;INE S.13 2025;2025
União das freguesias de Montalegre e Padroso;APU;S.131323;Administração Regional e Local – Administração Local;nao;INE S.13 2025;2025
União das freguesias de Monte Real e Carvide;APU;S.131323;Administração Regional e Local – Administração Local;nao;INE S.13 2025;2025
União das freguesias de Montemor-o-Velho e Gatões;APU;S.131323;Administração Regional e Local – Administração Local;nao;INE S.13 2025;2025
União das freguesias de Montijo e Afonsoeiro;APU;S.131323;Administração Regional e Local – Administração Local;nao;INE S.13 2025;2025
União das freguesias de Monção e Troviscoso;APU;S.131323;Administração Regional e Local – Administração Local;nao;INE S.13 2025;2025
União das freguesias de Morreira e Trandeiras;APU;S.131323;Administração Regional e Local – Administração Local;nao;INE S.13 2025;2025
União das freguesias de Mortágua, Vale de Remígio, Cortegaça e Almaça;APU;S.131323;Administração Regional e Local – Administração Local;nao;INE S.13 2025;2025
União das freguesias de Moscavide e Portela;APU;S.131323;Administração Regional e Local – Administração Local;nao;INE S.13 2025;2025
União das freguesias de Moura (Santo Agostinho e São João Baptista) e Santo Amador;APU;S.131323;Administração Regional e Local – Administração Local;nao;INE S.13 2025;2025
União das freguesias de Moura Morta e Vinhós;APU;S.131323;Administração Regional e Local – Administração Local;nao;INE S.13 2025;2025
União das freguesias de Mouraz e Vila Nova da Rainha;APU;S.131323;Administração Regional e Local – Administração Local;nao;INE S.13 2025;2025
União das freguesias de Mouçós e Lamares;APU;S.131323;Administração Regional e Local – Administração Local;nao;INE S.13 2025;2025
União das freguesias de Negreiros e Chavão;APU;S.131323;Administração Regional e Local – Administração Local;nao;INE S.13 2025;2025
União das freguesias de Nespereira e Casais;APU;S.131323;Administração Regional e Local – Administração Local;nao;INE S.13 2025;2025
União das freguesias de Nogueira e Ermida;APU;S.131323;Administração Regional e Local – Administração Local;nao;INE S.13 2025;2025
União das freguesias de Nogueira, Fraião e Lamaçães;APU;S.131323;Administração Regional e Local – Administração Local;nao;INE S.13 2025;2025
União das freguesias de Nogueira, Meixedo e Vilar de Murteda;APU;S.131323;Administração Regional e Local – Administração Local;nao;INE S.13 2025;2025
União das freguesias de Nogueiró e Tenões;APU;S.131323;Administração Regional e Local – Administração Local;nao;INE S.13 2025;2025
União das freguesias de Nossa Senhora da Tourega e Nossa Senhora de Guadalupe;APU;S.131323;Administração Regional e Local – Administração Local;nao;INE S.13 2025;2025
União das freguesias de Noura e Palheiros;APU;S.131323;Administração Regional e Local – Administração Local;nao;INE S.13 2025;2025
União das freguesias de Nunes e Ousilhão;APU;S.131323;Administração Regional e Local – Administração Local;nao;INE S.13 2025;2025
União das freguesias de Oeiras e São Julião da Barra, Paço de Arcos e Caxias;APU;S.131323;Administração Regional e Local – Administração Local;nao;INE S.13 2025;2025
União das freguesias de Olaia e Paço;APU;S.131323;Administração Regional e Local – Administração Local;nao;INE S.13 2025;2025
União das freguesias de Oliveira de Azeméis, Santiago de Riba-Ul, Ul, Macinhata da Seixa e Madail;APU;S.131323;Administração Regional e Local – Administração Local;nao;INE S.13 2025;2025
União das freguesias de Oliveira de Frades, Souto de Lafões e Sejães;APU;S.131323;Administração Regional e Local – Administração Local;nao;INE S.13 2025;2025
União das freguesias de Oliveira do Hospital e São Paio de Gramaços;APU;S.131323;Administração Regional e Local – Administração Local;nao;INE S.13 2025;2025
União das freguesias de Oliveira do Mondego e Travanca do Mondego;APU;S.131323;Administração Regional e Local – Administração Local;nao;INE S.13 2025;2025
União das freguesias de Oliveira, São Paio e São Sebastião;APU;S.131323;Administração Regional e Local – Administração Local;nao;INE S.13 2025;2025
União das freguesias de Olo e Canadelo;APU;S.131323;Administração Regional e Local – Administração Local;nao;INE S.13 2025;2025
União das freguesias de Oriz (Santa Marinha) e Oriz (São Miguel);APU;S.131323;Administração Regional e Local – Administração Local;nao;INE S.13 2025;2025
União das freguesias de Outeiro da Cortiçada e Arruda dos Pisões;APU;S.131323;Administração Regional e Local – Administração Local;nao;INE S.13 2025;2025
União das freguesias de Ovadas e Panchorra;APU;S.131323;Administração Regional e Local – Administração Local;nao;INE S.13 2025;2025
União das freguesias de Ovoa e Vimieiro;APU;S.131323;Administração Regional e Local – Administração Local;nao;INE S.13 2025;2025
União das freguesias de Padreiro (Salvador e Santa Cristina);APU;S.131323;Administração Regional e Local – Administração Local;nao;INE S.13 2025;2025
União das freguesias de Painho e Figueiros;APU;S.131323;Administração Regional e Local – Administração Local;nao;INE S.13 2025;2025
União das freguesias de Palhais e Coina;APU;S.131323;Administração Regional e Local – Administração Local;nao;INE S.13 2025;2025
União das freguesias de Panoias e Conceição;APU;S.131323;Administração Regional e Local – Administração Local;nao;INE S.13 2025;2025
União das freguesias de Parada de Ester e Ester;APU;S.131323;Administração Regional e Local – Administração Local;nao;INE S.13 2025;2025
União das freguesias de Parada do Bispo e Valdigem;APU;S.131323;Administração Regional e Local – Administração Local;nao;INE S.13 2025;2025
União das freguesias de Parada do Monte e Cubalhão;APU;S.131323;Administração Regional e Local – Administração Local;nao;INE S.13 2025;2025
União das freguesias de Parada e Faílde;APU;S.131323;Administração Regional e Local – Administração Local;nao;INE S.13 2025;2025
União das freguesias de Parada e Sendim da Ribeira;APU;S.131323;Administração Regional e Local – Administração Local;nao;INE S.13 2025;2025
União das freguesias de Paradela e Granjinha;APU;S.131323;Administração Regional e Local – Administração Local;nao;INE S.13 2025;2025
União das freguesias de Paradela, Contim e Fiães;APU;S.131323;Administração Regional e Local – Administração Local;nao;INE S.13 2025;2025
União das freguesias de Paradinha e Nagosa;APU;S.131323;Administração Regional e Local – Administração Local;nao;INE S.13 2025;2025
União das freguesias de Parceiros e Azoia;APU;S.131323;Administração Regional e Local – Administração Local;nao;INE S.13 2025;2025
União das freguesias de Paredes de Coura e Resende;APU;S.131323;Administração Regional e Local – Administração Local;nao;INE S.13 2025;2025
União das freguesias de Parreira e Chouto;APU;S.131323;Administração Regional e Local – Administração Local;nao;INE S.13 2025;2025
União das freguesias de Pataias e Martingança;APU;S.131323;Administração Regional e Local – Administração Local;nao;INE S.13 2025;2025
União das freguesias de Pedreira, Rande e Sernande;APU;S.131323;Administração Regional e Local – Administração Local;nao;INE S.13 2025;2025
União das freguesias de Pedrógão de São Pedro e Bemposta;APU;S.131323;Administração Regional e Local – Administração Local;nao;INE S.13 2025;2025
União das freguesias de Pegões;APU;S.131323;Administração Regional e Local – Administração Local;nao;INE S.13 2025;2025
União das freguesias de Pena, Quintã e Vila Cova;APU;S.131323;Administração Regional e Local – Administração Local;nao;INE S.13 2025;2025
União das freguesias de Penalva de Alva e São Sebastião da Feira;APU;S.131323;Administração Regional e Local – Administração Local;nao;INE S.13 2025;2025
União das freguesias de Penedono e Granja;APU;S.131323;Administração Regional e Local – Administração Local;nao;INE S.13 2025;2025
União das freguesias de Pensalvos e Parada de Monteiros;APU;S.131323;Administração Regional e Local – Administração Local;nao;INE S.13 2025;2025
União das freguesias de Penso e Freixinho;APU;S.131323;Administração Regional e Local – Administração Local;nao;INE S.13 2025;2025
União das freguesias de Peso da Régua e Godim;APU;S.131323;Administração Regional e Local – Administração Local;nao;INE S.13 2025;2025
União das freguesias de Peva e Segões;APU;S.131323;Administração Regional e Local – Administração Local;nao;INE S.13 2025;2025
União das freguesias de Pico de Regalados, Gondiães e Mós;APU;S.131323;Administração Regional e Local – Administração Local;nao;INE S.13 2025;2025
União das freguesias de Picão e Ermida;APU;S.131323;Administração Regional e Local – Administração Local;nao;INE S.13 2025;2025
União das freguesias de Pinheiro da Bemposta, Travanca e Palmaz;APU;S.131323;Administração Regional e Local – Administração Local;nao;INE S.13 2025;2025
União das freguesias de Pinheiro de Coja e Meda de Mouros;APU;S.131323;Administração Regional e Local – Administração Local;nao;INE S.13 2025;2025
União das freguesias de Pinheiros e Vale de Figueira;APU;S.131323;Administração Regional e Local – Administração Local;nao;INE S.13 2025;2025
União das freguesias de Poceirão e Marateca;APU;S.131323;Administração Regional e Local – Administração Local;nao;INE S.13 2025;2025
União das freguesias de Podence e Santa Combinha;APU;S.131323;Administração Regional e Local – Administração Local;nao;INE S.13 2025;2025
União das freguesias de Pombal e Vales;APU;S.131323;Administração Regional e Local – Administração Local;nao;INE S.13 2025;2025
União das freguesias de Ponte da Barca, Vila Nova de Muía e Paço Vedro de Magalhães;APU;S.131323;Administração Regional e Local – Administração Local;nao;INE S.13 2025;2025
União das freguesias de Pontinha e Famões;APU;S.131323;Administração Regional e Local – Administração Local;nao;INE S.13 2025;2025
União das freguesias de Portela e Extremo;APU;S.131323;Administração Regional e Local – Administração Local;nao;INE S.13 2025;2025
União das freguesias de Portunhos e Outil;APU;S.131323;Administração Regional e Local – Administração Local;nao;INE S.13 2025;2025
União das freguesias de Pousafoles do Bispo, Pena Lobo e Lomba;APU;S.131323;Administração Regional e Local – Administração Local;nao;INE S.13 2025;2025
União das freguesias de Prado e Remoães;APU;S.131323;Administração Regional e Local – Administração Local;nao;INE S.13 2025;2025
União das freguesias de Proença-a-Nova e Peral;APU;S.131323;Administração Regional e Local – Administração Local;nao;INE S.13 2025;2025
União das freguesias de Provesende, Gouvães do Douro e São Cristóvão do Douro;APU;S.131323;Administração Regional e Local – Administração Local;nao;INE S.13 2025;2025
União das freguesias de Pêra Velha, Aldeia de Nacomba e Ariz;APU;S.131323;Administração Regional e Local – Administração Local;nao;INE S.13 2025;2025
União das freguesias de Pópulo e Ribalonga;APU;S.131323;Administração Regional e Local – Administração Local;nao;INE S.13 2025;2025
União das freguesias de Póvoa de Atalaia e Atalaia do Campo;APU;S.131323;Administração Regional e Local – Administração Local;nao;INE S.13 2025;2025
União das freguesias de Póvoa de Rio de Moinhos e Cafede;APU;S.131323;Administração Regional e Local – Administração Local;nao;INE S.13 2025;2025
União das freguesias de Póvoa de Santa Iria e Forte da Casa;APU;S.131323;Administração Regional e Local – Administração Local;nao;INE S.13 2025;2025
União das freguesias de Póvoa de Santo Adrião e Olival Basto;APU;S.131323;Administração Regional e Local – Administração Local;nao;INE S.13 2025;2025
União das freguesias de Quintiães e Aguiar;APU;S.131323;Administração Regional e Local – Administração Local;nao;INE S.13 2025;2025
União das freguesias de Quirás e Pinheiro Novo;APU;S.131323;Administração Regional e Local – Administração Local;nao;INE S.13 2025;2025
União das freguesias de Ramada e Caneças;APU;S.131323;Administração Regional e Local – Administração Local;nao;INE S.13 2025;2025
União das freguesias de Rapa e Cadafaz;APU;S.131323;Administração Regional e Local – Administração Local;nao;INE S.13 2025;2025
União das freguesias de Real, Dume e Semelhe;APU;S.131323;Administração Regional e Local – Administração Local;nao;INE S.13 2025;2025
União das freguesias de Rebordainhos e Pombares;APU;S.131323;Administração Regional e Local – Administração Local;nao;INE S.13 2025;2025
União das freguesias de Reboreda e Nogueira;APU;S.131323;Administração Regional e Local – Administração Local;nao;INE S.13 2025;2025
União das freguesias de Recardães e Espinhel;APU;S.131323;Administração Regional e Local – Administração Local;nao;INE S.13 2025;2025
União das freguesias de Reguengo e São Julião;APU;S.131323;Administração Regional e Local – Administração Local;nao;INE S.13 2025;2025
União das freguesias de Remondes e Soutelo;APU;S.131323;Administração Regional e Local – Administração Local;nao;INE S.13 2025;2025
União das freguesias de Reriz e Gafanhão;APU;S.131323;Administração Regional e Local – Administração Local;nao;INE S.13 2025;2025
União das freguesias de Ribafria e Pereiro de Palhacana;APU;S.131323;Administração Regional e Local – Administração Local;nao;INE S.13 2025;2025
União das freguesias de Ribeira de Nisa e Carreiras;APU;S.131323;Administração Regional e Local – Administração Local;nao;INE S.13 2025;2025
União das freguesias de Ribeira de Pena (Salvador) e Santo Aleixo de Além-Tâmega;APU;S.131323;Administração Regional e Local – Administração Local;nao;INE S.13 2025;2025
União das freguesias de Rio Frio e Milhão;APU;S.131323;Administração Regional e Local – Administração Local;nao;INE S.13 2025;2025
União das freguesias de Rio Torto e Lagarinhos;APU;S.131323;Administração Regional e Local – Administração Local;nao;INE S.13 2025;2025
União das freguesias de Romeira e Várzea;APU;S.131323;Administração Regional e Local – Administração Local;nao;INE S.13 2025;2025
União das freguesias de Romãs, Decermilo e Vila Longa;APU;S.131323;Administração Regional e Local – Administração Local;nao;INE S.13 2025;2025
União das freguesias de Ruivães e Campos;APU;S.131323;Administração Regional e Local – Administração Local;nao;INE S.13 2025;2025
União das freguesias de Ruvina, Ruivós e Vale das Éguas;APU;S.131323;Administração Regional e Local – Administração Local;nao;INE S.13 2025;2025
União das freguesias de Sacavém e Prior Velho;APU;S.131323;Administração Regional e Local – Administração Local;nao;INE S.13 2025;2025
União das freguesias de Sago, Lordelo e Parada;APU;S.131323;Administração Regional e Local – Administração Local;nao;INE S.13 2025;2025
União das freguesias de Salvada e Quintos;APU;S.131323;Administração Regional e Local – Administração Local;nao;INE S.13 2025;2025
União das freguesias de Sameice e Santa Eulália;APU;S.131323;Administração Regional e Local – Administração Local;nao;INE S.13 2025;2025
União das freguesias de Sande São Lourenço e Balazar;APU;S.131323;Administração Regional e Local – Administração Local;nao;INE S.13 2025;2025
União das freguesias de Sande, Vilarinho, Barros e Gomide;APU;S.131323;Administração Regional e Local – Administração Local;nao;INE S.13 2025;2025
União das freguesias de Santa Catarina da Serra e Chainça;APU;S.131323;Administração Regional e Local – Administração Local;nao;INE S.13 2025;2025
União das freguesias de Santa Clara e Castelo Viegas;APU;S.131323;Administração Regional e Local – Administração Local;nao;INE S.13 2025;2025
União das freguesias de Santa Comba Dão e Couto do Mosteiro;APU;S.131323;Administração Regional e Local – Administração Local;nao;INE S.13 2025;2025
União das freguesias de Santa Cruz da Trapa e São Cristóvão de Lafões;APU;S.131323;Administração Regional e Local – Administração Local;nao;INE S.13 2025;2025
União das freguesias de Santa Cruz do Douro e São Tomé de Covelas;APU;S.131323;Administração Regional e Local – Administração Local;nao;INE S.13 2025;2025
União das freguesias de Santa Cruz/Trindade e Sanjurge;APU;S.131323;Administração Regional e Local – Administração Local;nao;INE S.13 2025;2025
União das freguesias de Santa Eufémia e Boa Vista;APU;S.131323;Administração Regional e Local – Administração Local;nao;INE S.13 2025;2025
União das freguesias de Santa Iria de Azoia, São João da Talha e Bobadela;APU;S.131323;Administração Regional e Local – Administração Local;nao;INE S.13 2025;2025
União das freguesias de Santa Lucrécia de Algeriz e Navarra;APU;S.131323;Administração Regional e Local – Administração Local;nao;INE S.13 2025;2025
União das freguesias de Santa Maria da Feira, Travanca, Sanfins e Espargo;APU;S.131323;Administração Regional e Local – Administração Local;nao;INE S.13 2025;2025
União das freguesias de Santa Ovaia e Vila Pouca da Beira;APU;S.131323;Administração Regional e Local – Administração Local;nao;INE S.13 2025;2025
União das freguesias de Santa Vitória e Mombeja;APU;S.131323;Administração Regional e Local – Administração Local;nao;INE S.13 2025;2025
União das freguesias de Santar e Moreira;APU;S.131323;Administração Regional e Local – Administração Local;nao;INE S.13 2025;2025
União das freguesias de Santiago de Cassurrães e Póvoa de Cervães;APU;S.131323;Administração Regional e Local – Administração Local;nao;INE S.13 2025;2025
União das freguesias de Santiago do Cacém, Santa Cruz e São Bartolomeu da Serra;APU;S.131323;Administração Regional e Local – Administração Local;nao;INE S.13 2025;2025
União das freguesias de Santo Antão e São Julião do Tojal;APU;S.131323;Administração Regional e Local – Administração Local;nao;INE S.13 2025;2025
União das freguesias de Santo António dos Cavaleiros e Frielas;APU;S.131323;Administração Regional e Local – Administração Local;nao;INE S.13 2025;2025
União das freguesias de Santo Estêvão e Moita;APU;S.131323;Administração Regional e Local – Administração Local;nao;INE S.13 2025;2025
União das freguesias de Santo Tirso, Couto (Santa Cristina e São Miguel) e Burgães;APU;S.131323;Administração Regional e Local – Administração Local;nao;INE S.13 2025;2025
União das freguesias de Sebal e Belide;APU;S.131323;Administração Regional e Local – Administração Local;nao;INE S.13 2025;2025
União das freguesias de Seide;APU;S.131323;Administração Regional e Local – Administração Local;nao;INE S.13 2025;2025
União das freguesias de Seixo do Côa e Vale Longo;APU;S.131323;Administração Regional e Local – Administração Local;nao;INE S.13 2025;2025
União das freguesias de Selho São Lourenço e Gominhães;APU;S.131323;Administração Regional e Local – Administração Local;nao;INE S.13 2025;2025
União das freguesias de Semide e Rio Vide;APU;S.131323;Administração Regional e Local – Administração Local;nao;INE S.13 2025;2025
União das freguesias de Sendim e Atenor;APU;S.131323;Administração Regional e Local – Administração Local;nao;INE S.13 2025;2025
União das freguesias de Sepins e Bolho;APU;S.131323;Administração Regional e Local – Administração Local;nao;INE S.13 2025;2025
União das freguesias de Sequeade e Bastuço (São João e Santo Estevão);APU;S.131323;Administração Regional e Local – Administração Local;nao;INE S.13 2025;2025
União das freguesias de Sequeiros e Gradiz;APU;S.131323;Administração Regional e Local – Administração Local;nao;INE S.13 2025;2025
União das freguesias de Sernancelhe e Sarzeda;APU;S.131323;Administração Regional e Local – Administração Local;nao;INE S.13 2025;2025
União das freguesias de Serpa (Salvador e Santa Maria);APU;S.131323;Administração Regional e Local – Administração Local;nao;INE S.13 2025;2025
União das freguesias de Setúbal (São Julião, Nossa Senhora da Anunciada e Santa Maria da Graça);APU;S.131323;Administração Regional e Local – Administração Local;nao;INE S.13 2025;2025
União das freguesias de Sezelhe e Covelães;APU;S.131323;Administração Regional e Local – Administração Local;nao;INE S.13 2025;2025
União das freguesias de Silva e Águas Vivas;APU;S.131323;Administração Regional e Local – Administração Local;nao;INE S.13 2025;2025
União das freguesias de Silvares, Pias, Nogueira e Alvarenga;APU;S.131323;Administração Regional e Local – Administração Local;nao;INE S.13 2025;2025
União das freguesias de Sintra (Santa Maria e São Miguel, São Martinho e São Pedro de Penaferrim);APU;S.131323;Administração Regional e Local – Administração Local;nao;INE S.13 2025;2025
União das freguesias de Sobral Pichorro e Fuinhas;APU;S.131323;Administração Regional e Local – Administração Local;nao;INE S.13 2025;2025
União das freguesias de Sobreira Formosa e Alvito da Beira;APU;S.131323;Administração Regional e Local – Administração Local;nao;INE S.13 2025;2025
União das freguesias de Sobreiro de Baixo e Alvaredos;APU;S.131323;Administração Regional e Local – Administração Local;nao;INE S.13 2025;2025
União das freguesias de Soeira, Fresulfe e Mofreita;APU;S.131323;Administração Regional e Local – Administração Local;nao;INE S.13 2025;2025
União das freguesias de Souselas e Botão;APU;S.131323;Administração Regional e Local – Administração Local;nao;INE S.13 2025;2025
União das freguesias de Soutelo e Seara Velha;APU;S.131323;Administração Regional e Local – Administração Local;nao;INE S.13 2025;2025
União das freguesias de Souto Santa Maria, Souto São Salvador e Gondomar;APU;S.131323;Administração Regional e Local – Administração Local;nao;INE S.13 2025;2025
União das freguesias de Souto de Aguiar da Beira e Valverde;APU;S.131323;Administração Regional e Local – Administração Local;nao;INE S.13 2025;2025
União das freguesias de Souto e Tabaçô;APU;S.131323;Administração Regional e Local – Administração Local;nao;INE S.13 2025;2025
União das freguesias de Subportela, Deocriste e Portela Susã;APU;S.131323;Administração Regional e Local – Administração Local;nao;INE S.13 2025;2025
União das freguesias de São Bartolomeu dos Galegos e Moledo;APU;S.131323;Administração Regional e Local – Administração Local;nao;INE S.13 2025;2025
União das freguesias de São Bento do Cortiço e Santo Estêvão;APU;S.131323;Administração Regional e Local – Administração Local;nao;INE S.13 2025;2025
União das freguesias de São Facundo e Vale das Mós;APU;S.131323;Administração Regional e Local – Administração Local;nao;INE S.13 2025;2025
União das freguesias de São Gregório e Santa Justa;APU;S.131323;Administração Regional e Local – Administração Local;nao;INE S.13 2025;2025
União das freguesias de São Jorge e Ermelo;APU;S.131323;Administração Regional e Local – Administração Local;nao;INE S.13 2025;2025
União das freguesias de São João da Pesqueira e Várzea de Trevões;APU;S.131323;Administração Regional e Local – Administração Local;nao;INE S.13 2025;2025
União das freguesias de São João da Ribeira e Ribeira de São João;APU;S.131323;Administração Regional e Local – Administração Local;nao;INE S.13 2025;2025
União das freguesias de São João do Monte e Mosteirinho;APU;S.131323;Administração Regional e Local – Administração Local;nao;INE S.13 2025;2025
União das freguesias de São Julião de Palácios e Deilão;APU;S.131323;Administração Regional e Local – Administração Local;nao;INE S.13 2025;2025
União das freguesias de São Julião e Silva;APU;S.131323;Administração Regional e Local – Administração Local;nao;INE S.13 2025;2025
União das freguesias de São Lourenço de Mamporcão e São Bento de Ana Loura;APU;S.131323;Administração Regional e Local – Administração Local;nao;INE S.13 2025;2025
União das freguesias de São Manços e São Vicente do Pigeiro;APU;S.131323;Administração Regional e Local – Administração Local;nao;INE S.13 2025;2025
União das freguesias de São Martinho das Moitas e Covas do Rio;APU;S.131323;Administração Regional e Local – Administração Local;nao;INE S.13 2025;2025
União das freguesias de São Martinho de Antas e Paradela de Guiães;APU;S.131323;Administração Regional e Local – Administração Local;nao;INE S.13 2025;2025
União das freguesias de São Martinho de Árvore e Lamarosa;APU;S.131323;Administração Regional e Local – Administração Local;nao;INE S.13 2025;2025
União das freguesias de São Martinho do Bispo e Ribeira de Frades;APU;S.131323;Administração Regional e Local – Administração Local;nao;INE S.13 2025;2025
União das freguesias de São Miguel do Pinheiro, São Pedro de Solis e São Sebastião dos Carros;APU;S.131323;Administração Regional e Local – Administração Local;nao;INE S.13 2025;2025
União das freguesias de São Miguel do Rio Torto e Rossio ao Sul do Tejo;APU;S.131323;Administração Regional e Local – Administração Local;nao;INE S.13 2025;2025
União das freguesias de São Miguel, Santa Eufémia e Rabaçal;APU;S.131323;Administração Regional e Local – Administração Local;nao;INE S.13 2025;2025
União das freguesias de São Pedro de Alva e São Paio de Mondego;APU;S.131323;Administração Regional e Local – Administração Local;nao;INE S.13 2025;2025
União das freguesias de São Pedro do Sul, Várzea e Baiões;APU;S.131323;Administração Regional e Local – Administração Local;nao;INE S.13 2025;2025
União das freguesias de São Romão e Santiago;APU;S.131323;Administração Regional e Local – Administração Local;nao;INE S.13 2025;2025
União das freguesias de São Sebastião da Giesteira e Nossa Senhora da Boa Fé;APU;S.131323;Administração Regional e Local – Administração Local;nao;INE S.13 2025;2025
União das freguesias de São Tomé do Castelo e Justes;APU;S.131323;Administração Regional e Local – Administração Local;nao;INE S.13 2025;2025
União das freguesias de Sé, Santa Maria e Meixedo;APU;S.131323;Administração Regional e Local – Administração Local;nao;INE S.13 2025;2025
União das freguesias de Talhinhas e Bagueixe;APU;S.131323;Administração Regional e Local – Administração Local;nao;INE S.13 2025;2025
União das freguesias de Tamel (Santa Leocádia) e Vilar do Monte;APU;S.131323;Administração Regional e Local – Administração Local;nao;INE S.13 2025;2025
União das freguesias de Tamengos, Aguim e Óis do Bairro;APU;S.131323;Administração Regional e Local – Administração Local;nao;INE S.13 2025;2025
União das freguesias de Tavares (Chãs, Várzea e Travanca);APU;S.131323;Administração Regional e Local – Administração Local;nao;INE S.13 2025;2025
União das freguesias de Taveiro, Ameal e Arzila;APU;S.131323;Administração Regional e Local – Administração Local;nao;INE S.13 2025;2025
União das freguesias de Tavira (Santa Maria e Santiago);APU;S.131323;Administração Regional e Local – Administração Local;nao;INE S.13 2025;2025
União das freguesias de Teixeira e Teixeiró;APU;S.131323;Administração Regional e Local – Administração Local;nao;INE S.13 2025;2025
União das freguesias de Teixoso e Sarzedo;APU;S.131323;Administração Regional e Local – Administração Local;nao;INE S.13 2025;2025
União das freguesias de Tomar (São João Baptista) e Santa Maria dos Olivais;APU;S.131323;Administração Regional e Local – Administração Local;nao;INE S.13 2025;2025
União das freguesias de Tondela e Nandufe;APU;S.131323;Administração Regional e Local – Administração Local;nao;INE S.13 2025;2025
União das freguesias de Tornada e Salir do Porto;APU;S.131323;Administração Regional e Local – Administração Local;nao;INE S.13 2025;2025
União das freguesias de Torrados e Sousa;APU;S.131323;Administração Regional e Local – Administração Local;nao;INE S.13 2025;2025
União das freguesias de Torre do Terrenho, Sebadelhe da Serra e Terrenho;APU;S.131323;Administração Regional e Local – Administração Local;nao;INE S.13 2025;2025
União das freguesias de Torre e Portela;APU;S.131323;Administração Regional e Local – Administração Local;nao;INE S.13 2025;2025
União das freguesias de Torre e Vila Mou;APU;S.131323;Administração Regional e Local – Administração Local;nao;INE S.13 2025;2025
União das freguesias de Torres Novas (Santa Maria, Salvador e Santiago);APU;S.131323;Administração Regional e Local – Administração Local;nao;INE S.13 2025;2025
União das freguesias de Torres Novas (São Pedro), Lapas e Ribeira Branca;APU;S.131323;Administração Regional e Local – Administração Local;nao;INE S.13 2025;2025
União das freguesias de Torrozelo e Folhadosa;APU;S.131323;Administração Regional e Local – Administração Local;nao;INE S.13 2025;2025
União das freguesias de Touguinha e Touguinhó;APU;S.131323;Administração Regional e Local – Administração Local;nao;INE S.13 2025;2025
União das freguesias de Tourais e Lajes;APU;S.131323;Administração Regional e Local – Administração Local;nao;INE S.13 2025;2025
União das freguesias de Touvedo (São Lourenço e Salvador);APU;S.131323;Administração Regional e Local – Administração Local;nao;INE S.13 2025;2025
União das freguesias de Trancoso (São Pedro e Santa Maria) e Souto Maior;APU;S.131323;Administração Regional e Local – Administração Local;nao;INE S.13 2025;2025
União das freguesias de Travanca e Santa Cruz;APU;S.131323;Administração Regional e Local – Administração Local;nao;INE S.13 2025;2025
União das freguesias de Travancas e Roriz;APU;S.131323;Administração Regional e Local – Administração Local;nao;INE S.13 2025;2025
União das freguesias de Travassô e Óis da Ribeira;APU;S.131323;Administração Regional e Local – Administração Local;nao;INE S.13 2025;2025
União das freguesias de Treixedo e Nagozela;APU;S.131323;Administração Regional e Local – Administração Local;nao;INE S.13 2025;2025
União das freguesias de Trevões e Espinhosa;APU;S.131323;Administração Regional e Local – Administração Local;nao;INE S.13 2025;2025
União das freguesias de Trigaches e São Brissos;APU;S.131323;Administração Regional e Local – Administração Local;nao;INE S.13 2025;2025
União das freguesias de Trofa, Segadães e Lamas do Vouga;APU;S.131323;Administração Regional e Local – Administração Local;nao;INE S.13 2025;2025
União das freguesias de Troporiz e Lapela;APU;S.131323;Administração Regional e Local – Administração Local;nao;INE S.13 2025;2025
União das freguesias de Trouxemil e Torre de Vilela;APU;S.131323;Administração Regional e Local – Administração Local;nao;INE S.13 2025;2025
União das freguesias de Távora (Santa Maria e São Vicente);APU;S.131323;Administração Regional e Local – Administração Local;nao;INE S.13 2025;2025
União das freguesias de Távora e Pereiro;APU;S.131323;Administração Regional e Local – Administração Local;nao;INE S.13 2025;2025
União das freguesias de Unhão e Lordelo;APU;S.131323;Administração Regional e Local – Administração Local;nao;INE S.13 2025;2025
União das freguesias de Urros e Peredo dos Castelhanos;APU;S.131323;Administração Regional e Local – Administração Local;nao;INE S.13 2025;2025
União das freguesias de Valbom (São Pedro), Passô e Valbom (São Martinho);APU;S.131323;Administração Regional e Local – Administração Local;nao;INE S.13 2025;2025
União das freguesias de Vale (São Cosme), Telhado e Portela;APU;S.131323;Administração Regional e Local – Administração Local;nao;INE S.13 2025;2025
União das freguesias de Vale Flor, Carvalhal e Pai Penela;APU;S.131323;Administração Regional e Local – Administração Local;nao;INE S.13 2025;2025
União das freguesias de Vale Formoso e Aldeia do Souto;APU;S.131323;Administração Regional e Local – Administração Local;nao;INE S.13 2025;2025
União das freguesias de Vale de Frades e Avelanoso;APU;S.131323;Administração Regional e Local – Administração Local;nao;INE S.13 2025;2025
União das freguesias de Vale de Mendiz, Casal de Loivos e Vilarinho de Cotas;APU;S.131323;Administração Regional e Local – Administração Local;nao;INE S.13 2025;2025
União das freguesias de Vale de Prazeres e Mata da Rainha;APU;S.131323;Administração Regional e Local – Administração Local;nao;INE S.13 2025;2025
União das freguesias de Vale do Seixo e Vila Garcia;APU;S.131323;Administração Regional e Local – Administração Local;nao;INE S.13 2025;2025
União das freguesias de Valença, Cristelo Covo e Arão;APU;S.131323;Administração Regional e Local – Administração Local;nao;INE S.13 2025;2025
União das freguesias de Valtorno e Mourão;APU;S.131323;Administração Regional e Local – Administração Local;nao;INE S.13 2025;2025
União das freguesias de Veade, Gagos e Molares;APU;S.131323;Administração Regional e Local – Administração Local;nao;INE S.13 2025;2025
União das freguesias de Venade e Azevedo;APU;S.131323;Administração Regional e Local – Administração Local;nao;INE S.13 2025;2025
União das freguesias de Venda Nova e Pondras;APU;S.131323;Administração Regional e Local – Administração Local;nao;INE S.13 2025;2025
União das freguesias de Venda do Pinheiro e Santo Estêvão das Galés;APU;S.131323;Administração Regional e Local – Administração Local;nao;INE S.13 2025;2025
União das freguesias de Ventosa e Cova;APU;S.131323;Administração Regional e Local – Administração Local;nao;INE S.13 2025;2025
União das freguesias de Verim, Friande e Ajude;APU;S.131323;Administração Regional e Local – Administração Local;nao;INE S.13 2025;2025
União das freguesias de Viade de Baixo e Fervidelas;APU;S.131323;Administração Regional e Local – Administração Local;nao;INE S.13 2025;2025
União das freguesias de Viana do Castelo (Santa Maria Maior e Monserrate) e Meadela;APU;S.131323;Administração Regional e Local – Administração Local;nao;INE S.13 2025;2025
União das freguesias de Viatodos, Grimancelos, Minhotães e Monte de Fralães;APU;S.131323;Administração Regional e Local – Administração Local;nao;INE S.13 2025;2025
União das freguesias de Vide e Cabeça;APU;S.131323;Administração Regional e Local – Administração Local;nao;INE S.13 2025;2025
União das freguesias de Vila Chã (São João Baptista e Santiago);APU;S.131323;Administração Regional e Local – Administração Local;nao;INE S.13 2025;2025
União das freguesias de Vila Chã, Codal e Vila Cova de Perrinho;APU;S.131323;Administração Regional e Local – Administração Local;nao;INE S.13 2025;2025
União das freguesias de Vila Cova da Lixa e Borba de Godim;APU;S.131323;Administração Regional e Local – Administração Local;nao;INE S.13 2025;2025
União das freguesias de Vila Cova de Alva e Anseriz;APU;S.131323;Administração Regional e Local – Administração Local;nao;INE S.13 2025;2025
União das freguesias de Vila Cova do Covelo/Mareco;APU;S.131323;Administração Regional e Local – Administração Local;nao;INE S.13 2025;2025
União das freguesias de Vila Cova e Feitos;APU;S.131323;Administração Regional e Local – Administração Local;nao;INE S.13 2025;2025
União das freguesias de Vila Flor e Nabo;APU;S.131323;Administração Regional e Local – Administração Local;nao;INE S.13 2025;2025
União das freguesias de Vila Franca das Naves e Feital;APU;S.131323;Administração Regional e Local – Administração Local;nao;INE S.13 2025;2025
União das freguesias de Vila Fria e Vizela (São Jorge);APU;S.131323;Administração Regional e Local – Administração Local;nao;INE S.13 2025;2025
União das freguesias de Vila Garcia, Aboim e Chapa;APU;S.131323;Administração Regional e Local – Administração Local;nao;INE S.13 2025;2025
União das freguesias de Vila Nova de Cerveira e Lovelhe;APU;S.131323;Administração Regional e Local – Administração Local;nao;INE S.13 2025;2025
União das freguesias de Vila Nova de Famalicão e Calendário;APU;S.131323;Administração Regional e Local – Administração Local;nao;INE S.13 2025;2025
União das freguesias de Vila Nova de Paiva, Alhais e Fráguas;APU;S.131323;Administração Regional e Local – Administração Local;nao;INE S.13 2025;2025
União das freguesias de Vila Seca e Bem da Fé;APU;S.131323;Administração Regional e Local – Administração Local;nao;INE S.13 2025;2025
União das freguesias de Vila Seca e Santo Adrião;APU;S.131323;Administração Regional e Local – Administração Local;nao;INE S.13 2025;2025
União das freguesias de Vila Verde e Santão;APU;S.131323;Administração Regional e Local – Administração Local;nao;INE S.13 2025;2025
União das freguesias de Vila e Roussas;APU;S.131323;Administração Regional e Local – Administração Local;nao;INE S.13 2025;2025
União das freguesias de Vilamar e Corticeiro de Cima;APU;S.131323;Administração Regional e Local – Administração Local;nao;INE S.13 2025;2025
União das freguesias de Vilar de Lomba e São Jomil;APU;S.131323;Administração Regional e Local – Administração Local;nao;INE S.13 2025;2025
União das freguesias de Vilar de Perdizes e Meixide;APU;S.131323;Administração Regional e Local – Administração Local;nao;INE S.13 2025;2025
União das freguesias de Vilar e Mosteiró;APU;S.131323;Administração Regional e Local – Administração Local;nao;INE S.13 2025;2025
União das freguesias de Vilares e Carnicães;APU;S.131323;Administração Regional e Local – Administração Local;nao;INE S.13 2025;2025
União das freguesias de Vilarinho dos Galegos e Ventozelo;APU;S.131323;Administração Regional e Local – Administração Local;nao;INE S.13 2025;2025
União das freguesias de Vilarouco e Pereiros;APU;S.131323;Administração Regional e Local – Administração Local;nao;INE S.13 2025;2025
União das freguesias de Vilas Boas e Vilarinho das Azenhas;APU;S.131323;Administração Regional e Local – Administração Local;nao;INE S.13 2025;2025
União das freguesias de Vilaça e Fradelos;APU;S.131323;Administração Regional e Local – Administração Local;nao;INE S.13 2025;2025
União das freguesias de Vilela, Seramil e Paredes Secas;APU;S.131323;Administração Regional e Local – Administração Local;nao;INE S.13 2025;2025
União das freguesias de Vilela, São Cosme e São Damião e Sá;APU;S.131323;Administração Regional e Local – Administração Local;nao;INE S.13 2025;2025
União das freguesias de Vouzela e Paços de Vilharigues;APU;S.131323;Administração Regional e Local – Administração Local;nao;INE S.13 2025;2025
União das freguesias de Zebreira e Segura;APU;S.131323;Administração Regional e Local – Administração Local;nao;INE S.13 2025;2025
União das freguesias de Águas Boas e Forles;APU;S.131323;Administração Regional e Local – Administração Local;nao;INE S.13 2025;2025
União das freguesias de Águas Santas e Moure;APU;S.131323;Administração Regional e Local – Administração Local;nao;INE S.13 2025;2025
União das freguesias de Ázere e Covelo;APU;S.131323;Administração Regional e Local – Administração Local;nao;INE S.13 2025;2025
União das freguesias de Évora (São Mamede, Sé, São Pedro e Santo Antão);APU;S.131323;Administração Regional e Local – Administração Local;nao;INE S.13 2025;2025
União das freguesias do Ameixial (Santa Vitória e São Bento);APU;S.131323;Administração Regional e Local – Administração Local;nao;INE S.13 2025;2025
União das freguesias do Bombarral e Vale Covo;APU;S.131323;Administração Regional e Local – Administração Local;nao;INE S.13 2025;2025
União das freguesias do Cacém e São Marcos;APU;S.131323;Administração Regional e Local – Administração Local;nao;INE S.13 2025;2025
União das freguesias do Cadaval e Pêro Moniz;APU;S.131323;Administração Regional e Local – Administração Local;nao;INE S.13 2025;2025
União das freguesias do Cartaxo e Vale da Pinta;APU;S.131323;Administração Regional e Local – Administração Local;nao;INE S.13 2025;2025
União das freguesias do Colmeal e Vilar Torpim;APU;S.131323;Administração Regional e Local – Administração Local;nao;INE S.13 2025;2025
União das freguesias do Préstimo e Macieira de Alcoba;APU;S.131323;Administração Regional e Local – Administração Local;nao;INE S.13 2025;2025
União das freguesias do Sabugal e Aldeia de Santo António;APU;S.131323;Administração Regional e Local – Administração Local;nao;INE S.13 2025;2025
União das freguesias do Vade;APU;S.131323;Administração Regional e Local – Administração Local;nao;INE S.13 2025;2025
União de Freguesias da Cidade de Santarém;APU;S.131323;Administração Regional e Local – Administração Local;nao;INE S.13 2025;2025
União de freguesias de Aboim, Felgueiras, Gontim e Pedraído;APU;S.131323;Administração Regional e Local – Administração Local;nao;INE S.13 2025;2025
União de freguesias de Agrela e Serafão;APU;S.131323;Administração Regional e Local – Administração Local;nao;INE S.13 2025;2025
União de freguesias de Antime e Silvares (São Clemente);APU;S.131323;Administração Regional e Local – Administração Local;nao;INE S.13 2025;2025
União de freguesias de Ardegão, Arnozela e Seidões;APU;S.131323;Administração Regional e Local – Administração Local;nao;INE S.13 2025;2025
União de freguesias de Avelãs de Ambom e Rocamondo;APU;S.131323;Administração Regional e Local – Administração Local;nao;INE S.13 2025;2025
União de freguesias de Cepães e Fareja;APU;S.131323;Administração Regional e Local – Administração Local;nao;INE S.13 2025;2025
União de freguesias de Corujeira e Trinta;APU;S.131323;Administração Regional e Local – Administração Local;nao;INE S.13 2025;2025
União de freguesias de Freitas e Vila Cova;APU;S.131323;Administração Regional e Local – Administração Local;nao;INE S.13 2025;2025
União de freguesias de Mizarela, Pêro Soares e Vila Soeiro;APU;S.131323;Administração Regional e Local – Administração Local;nao;INE S.13 2025;2025
União de freguesias de Monte e Queimadela;APU;S.131323;Administração Regional e Local – Administração Local;nao;INE S.13 2025;2025
União de freguesias de Moreira do Rei e Várzea Cova;APU;S.131323;Administração Regional e Local – Administração Local;nao;INE S.13 2025;2025
União de freguesias de Pousade e Albardo;APU;S.131323;Administração Regional e Local – Administração Local;nao;INE S.13 2025;2025
União de freguesias de Rochoso e Monte Margarida;APU;S.131323;Administração Regional e Local – Administração Local;nao;INE S.13 2025;2025
A Oficina - Centro de Artes e Mesteres Tradicionais de Guimarães, C.I.P.R.L.;APU;S.131324;Administração Regional e Local – Administração Local;nao;INE S.13 2025;2025
A.R.V.M.C. - Associação da Rota dos Vinhos do Marco de Canaveses;APU;S.131324;Administração Regional e Local – Administração Local;nao;INE S.13 2025;2025
ACF - Associação Caminhos de Fátima;APU;S.131324;Administração Regional e Local – Administração Local;nao;INE S.13 2025;2025
ACLEM - Arte, Cultura e Lazer, E.M.;SPE_PROVAVEL;S.131324;Administração Regional e Local – Administração Local;sim;INE S.13 2025;2025
ADEMINHO - Associação para o Desenvolvimento do Ensino Profissional do Alto Minho Interior;APU;S.131324;Administração Regional e Local – Administração Local;nao;INE S.13 2025;2025
ADEMO - Associação para o Desenvolvimento dos Municípios Olivícolas Portugueses;APU;S.131324;Administração Regional e Local – Administração Local;nao;INE S.13 2025;2025
AF Sul ML - Associação de Freguesias do Sul do Município de Lamego;APU;S.131324;Administração Regional e Local – Administração Local;nao;INE S.13 2025;2025
AFCBC - Associação de Freguesias de Castelões e Banho e Carvalhosa;APU;S.131324;Administração Regional e Local – Administração Local;nao;INE S.13 2025;2025
AFRECIMAC - Associação de Freguesias de Macedo de Cavaleiros;APU;S.131324;Administração Regional e Local – Administração Local;nao;INE S.13 2025;2025
AFRESCA - Associação de Freguesias do Sudoeste do Concelho de Alenquer;APU;S.131324;Administração Regional e Local – Administração Local;nao;INE S.13 2025;2025
AFREVIÇOSA - Associação de Freguesias do Concelho de Vila Viçosa;APU;S.131324;Administração Regional e Local – Administração Local;nao;INE S.13 2025;2025
AFSML- Associação de Freguesias do Sudeste do Município de Lamego;APU;S.131324;Administração Regional e Local – Administração Local;nao;INE S.13 2025;2025
AFTEBI - Associação para a Formação Tecnológica e Profissional da Beira Interior;APU;S.131324;Administração Regional e Local – Administração Local;nao;INE S.13 2025;2025
AGIT - Agência para a Gestão do Sistema Intermodal da Região de Coimbra, E.I.M., S.A.;SPE_PROVAVEL;S.131324;Administração Regional e Local – Administração Local;sim;INE S.13 2025;2025
AIA - Associação Intermunicipal de Água da Região de Setúbal;APU;S.131324;Administração Regional e Local – Administração Local;nao;INE S.13 2025;2025
AIN - Agro-Industrial do Nordeste, E.I.M, S.A.;SPE_PROVAVEL;S.131324;Administração Regional e Local – Administração Local;sim;INE S.13 2025;2025
AMAGRA - Associação de Municípios Alentejanos para a Gestão Regional do Ambiente;APU;S.131324;Administração Regional e Local – Administração Local;nao;INE S.13 2025;2025
AMAMINHO - Proteção Civil - Associação de Municípios do Alto Minho Proteção Civil Municipal;APU;S.131324;Administração Regional e Local – Administração Local;nao;INE S.13 2025;2025
AMAT - Associação de Municípios do Alto Tâmega;APU;S.131324;Administração Regional e Local – Administração Local;nao;INE S.13 2025;2025
AMBT - Associação de Municípios do Baixo Tâmega;APU;S.131324;Administração Regional e Local – Administração Local;nao;INE S.13 2025;2025
AMCAL - Associação de Municípios do Alentejo Central;APU;S.131324;Administração Regional e Local – Administração Local;nao;INE S.13 2025;2025
AME - Associação de Municípios do Enxoé;APU;S.131324;Administração Regional e Local – Administração Local;nao;INE S.13 2025;2025
AMGAP - Associação de Municípios para a Gestão da Água Pública do Alentejo;APU;S.131324;Administração Regional e Local – Administração Local;nao;INE S.13 2025;2025
AMIP - Associação de Municípios da Ilha do Pico;APU;S.131324;Administração Regional e Local – Administração Local;nao;INE S.13 2025;2025
AMIUC - Associação de Municipios com Infraestruturas Urbanas Concessionadas;APU;S.131324;Administração Regional e Local – Administração Local;nao;INE S.13 2025;2025
AMLF - Associação de Municípios Loulé/Faro;APU;S.131324;Administração Regional e Local – Administração Local;nao;INE S.13 2025;2025
AMPC - Associação de Municípios Portugueses do Cavalo;APU;S.131324;Administração Regional e Local – Administração Local;nao;INE S.13 2025;2025
AMPV - Associação de Municípios Portugueses do Vinho;APU;S.131324;Administração Regional e Local – Administração Local;nao;INE S.13 2025;2025
AMRAM - Associação de Municípios da Região Autónoma da Madeira;APU;S.131324;Administração Regional e Local – Administração Local;nao;INE S.13 2025;2025
AMTAD - Associação de Municípios de Trás-Os-Montes e Alto Douro;APU;S.131324;Administração Regional e Local – Administração Local;nao;INE S.13 2025;2025
AMTRES - Associação de Municípios de Cascais, Mafra, Oeiras e Sintra para o Tratamento de Resíduos Sólidos;APU;S.131324;Administração Regional e Local – Administração Local;nao;INE S.13 2025;2025
AMVS - Associação de Municípios do Vale do Sousa;APU;S.131324;Administração Regional e Local – Administração Local;nao;INE S.13 2025;2025
AMVT - Associação de Municípios do Vale do Tejo;APU;S.131324;Administração Regional e Local – Administração Local;nao;INE S.13 2025;2025
ANAFRE - Associação Nacional de Freguesias;APU;S.131324;Administração Regional e Local – Administração Local;nao;INE S.13 2025;2025
ANAM - Associação Nacional das Assembleias Municipais;APU;S.131324;Administração Regional e Local – Administração Local;nao;INE S.13 2025;2025
ANMP- Associação Nacional de Municípios Portugueses;APU;S.131324;Administração Regional e Local – Administração Local;nao;INE S.13 2025;2025
APEM - Associação Portuguesa de Empresas Municipais;APU;S.131324;Administração Regional e Local – Administração Local;nao;INE S.13 2025;2025
APEPO - Associação Para o Ensino Profissional do Oeste;APU;S.131324;Administração Regional e Local – Administração Local;nao;INE S.13 2025;2025
APOIAR - Associação de Freguesias de Carnide, de Meirinhas e de Vermoil;APU;S.131324;Administração Regional e Local – Administração Local;nao;INE S.13 2025;2025
Abomarão - Associação de Freguesias da Aboboreira e Marão;APU;S.131324;Administração Regional e Local – Administração Local;nao;INE S.13 2025;2025
Adeptoliva - Associação para o Desenvolvimento do Ensino Profissional;APU;S.131324;Administração Regional e Local – Administração Local;nao;INE S.13 2025;2025
Agroalpiarça - Produção Agrícola, CIPRL;APU;S.131324;Administração Regional e Local – Administração Local;nao;INE S.13 2025;2025
Amadora Inovation, E.M. Unipessoal Lda;SPE_PROVAVEL;S.131324;Administração Regional e Local – Administração Local;sim;INE S.13 2025;2025
Associação Centro de Informação Mediação e Arbitragem de Conflitos de Consumo do Algarve;APU;S.131324;Administração Regional e Local – Administração Local;nao;INE S.13 2025;2025
Associação Portuguesa dos Municípios com Centro Histórico;APU;S.131324;Administração Regional e Local – Administração Local;nao;INE S.13 2025;2025
Associação Regional dos Municípios do Vale do Távora;APU;S.131324;Administração Regional e Local – Administração Local;nao;INE S.13 2025;2025
Associação Transfronteiriça de Municípios Lago Alqueva – ATLA;APU;S.131324;Administração Regional e Local – Administração Local;nao;INE S.13 2025;2025
Associação de Fins Específicos - Amo Mais;APU;S.131324;Administração Regional e Local – Administração Local;nao;INE S.13 2025;2025
Associação de Freguesias Granjas da Maçã;APU;S.131324;Administração Regional e Local – Administração Local;nao;INE S.13 2025;2025
Associação de Freguesias Vale do Alcoa;APU;S.131324;Administração Regional e Local – Administração Local;nao;INE S.13 2025;2025
Associação de Freguesias Vale do Homem;APU;S.131324;Administração Regional e Local – Administração Local;nao;INE S.13 2025;2025
Associação de Freguesias da Cidade de Beja;APU;S.131324;Administração Regional e Local – Administração Local;nao;INE S.13 2025;2025
Associação de Freguesias da Nascente do Município da Guarda;APU;S.131324;Administração Regional e Local – Administração Local;nao;INE S.13 2025;2025
Associação de Freguesias da Raia Sabugalense;APU;S.131324;Administração Regional e Local – Administração Local;nao;INE S.13 2025;2025
Associação de Freguesias da Raia e do Côa;APU;S.131324;Administração Regional e Local – Administração Local;nao;INE S.13 2025;2025
Associação de Freguesias da Ribeira dos Cadelos;APU;S.131324;Administração Regional e Local – Administração Local;nao;INE S.13 2025;2025
Associação de Freguesias da Serra do Caramulo;APU;S.131324;Administração Regional e Local – Administração Local;nao;INE S.13 2025;2025
Associação de Freguesias da Área do Parque Natural do Sudoeste Alentejano e Costa Vicentina;APU;S.131324;Administração Regional e Local – Administração Local;nao;INE S.13 2025;2025
Associação de Freguesias de Direito Público de Arganil;APU;S.131324;Administração Regional e Local – Administração Local;nao;INE S.13 2025;2025
Associação de Freguesias de Direito Público do Vale do Mouro;APU;S.131324;Administração Regional e Local – Administração Local;nao;INE S.13 2025;2025
Associação de Freguesias do Concelho da Lourinhã;APU;S.131324;Administração Regional e Local – Administração Local;nao;INE S.13 2025;2025
Associação de Freguesias do Concelho de Chaves;APU;S.131324;Administração Regional e Local – Administração Local;nao;INE S.13 2025;2025
Associação de Freguesias do Concelho de Óbidos;APU;S.131324;Administração Regional e Local – Administração Local;nao;INE S.13 2025;2025
Associação de Freguesias do Oeste do Concelho de Almeida;APU;S.131324;Administração Regional e Local – Administração Local;nao;INE S.13 2025;2025
Associação de Freguesias do Vale do Pranto;APU;S.131324;Administração Regional e Local – Administração Local;nao;INE S.13 2025;2025
Associação de Municipios para a Gestão do Centro Intermunicipal de Recolha de Animais Errantes – CIRAE;APU;S.131324;Administração Regional e Local – Administração Local;nao;INE S.13 2025;2025
"Associação de Municípios ""Centro Intermunicipal de Recolha Oficial de Animais de Companhia dos Municípios de Penedono, Sernancelhe e São João da Pesqueira""";APU;S.131324;Administração Regional e Local – Administração Local;nao;INE S.13 2025;2025
Associação de Municípios - Douro Alliance - Eixo Urbano do Douro;APU;S.131324;Administração Regional e Local – Administração Local;nao;INE S.13 2025;2025
Associação de Municípios - Pentágono Urbano;APU;S.131324;Administração Regional e Local – Administração Local;nao;INE S.13 2025;2025
Associação de Municípios Natureza e Tejo;APU;S.131324;Administração Regional e Local – Administração Local;nao;INE S.13 2025;2025
Associação de Municípios Parque das Serras do Porto;APU;S.131324;Administração Regional e Local – Administração Local;nao;INE S.13 2025;2025
Associação de Municípios Rede Portuguesa de Municípios Saudáveis;APU;S.131324;Administração Regional e Local – Administração Local;nao;INE S.13 2025;2025
Associação de Municípios da Ilha de São Miguel;APU;S.131324;Administração Regional e Local – Administração Local;nao;INE S.13 2025;2025
Associação de Municípios da Região Autónoma dos Açores;APU;S.131324;Administração Regional e Local – Administração Local;nao;INE S.13 2025;2025
Associação de Municípios da Região de Setúbal;APU;S.131324;Administração Regional e Local – Administração Local;nao;INE S.13 2025;2025
Associação de Municípios da Região do Planalto Beirão;APU;S.131324;Administração Regional e Local – Administração Local;nao;INE S.13 2025;2025
Associação de Municípios da Rota da Estrada Nacional 2;APU;S.131324;Administração Regional e Local – Administração Local;nao;INE S.13 2025;2025
Associação de Municípios da Serra D'Arga;APU;S.131324;Administração Regional e Local – Administração Local;nao;INE S.13 2025;2025
Associação de Municípios da Serra de São Mamede;APU;S.131324;Administração Regional e Local – Administração Local;nao;INE S.13 2025;2025
Associação de Municípios da Terra Fria do Nordeste Transmontano;APU;S.131324;Administração Regional e Local – Administração Local;nao;INE S.13 2025;2025
Associação de Municípios das Terras de Santa Maria;APU;S.131324;Administração Regional e Local – Administração Local;nao;INE S.13 2025;2025
Associação de Municípios das Terras do Vouga e Caramulo;APU;S.131324;Administração Regional e Local – Administração Local;nao;INE S.13 2025;2025
Associação de Municípios de Aguiar da Beira, Penalva do Castelo e Sátão;APU;S.131324;Administração Regional e Local – Administração Local;nao;INE S.13 2025;2025
Associação de Municípios de Alenquer e Cadaval;APU;S.131324;Administração Regional e Local – Administração Local;nao;INE S.13 2025;2025
Associação de Municípios do Baixo Sabor de Fins Específicos;APU;S.131324;Administração Regional e Local – Administração Local;nao;INE S.13 2025;2025
Associação de Municípios do Bombarral e Cadaval;APU;S.131324;Administração Regional e Local – Administração Local;nao;INE S.13 2025;2025
Associação de Municípios do Douro Superior de Fins Específicos;APU;S.131324;Administração Regional e Local – Administração Local;nao;INE S.13 2025;2025
Associação de Municípios do Parque Natural da Serra da Estrela;APU;S.131324;Administração Regional e Local – Administração Local;nao;INE S.13 2025;2025
Associação de Municípios do Portugal Romano;APU;S.131324;Administração Regional e Local – Administração Local;nao;INE S.13 2025;2025
Associação de Municípios do Vale do Ave;APU;S.131324;Administração Regional e Local – Administração Local;nao;INE S.13 2025;2025
Associação de Municípios do Vale do Côa;APU;S.131324;Administração Regional e Local – Administração Local;nao;INE S.13 2025;2025
Associação de Municípios do Vale do Douro Norte;APU;S.131324;Administração Regional e Local – Administração Local;nao;INE S.13 2025;2025
Associação de Municípios do Vale do Douro Sul;APU;S.131324;Administração Regional e Local – Administração Local;nao;INE S.13 2025;2025
Associação de Municípios do Vale do Minho;APU;S.131324;Administração Regional e Local – Administração Local;nao;INE S.13 2025;2025
Associação de Municípios para Estudos e Gestão da Água - AMEGA;APU;S.131324;Administração Regional e Local – Administração Local;nao;INE S.13 2025;2025
Associação de Municípios para o Ensaio de Materiais;APU;S.131324;Administração Regional e Local – Administração Local;nao;INE S.13 2025;2025
Associação dos Municípios da Cova da Beira;APU;S.131324;Administração Regional e Local – Administração Local;nao;INE S.13 2025;2025
Associação dos Municípios da Terra Quente Transmontana;APU;S.131324;Administração Regional e Local – Administração Local;nao;INE S.13 2025;2025
Associação dos Municípios do Triângulo;APU;S.131324;Administração Regional e Local – Administração Local;nao;INE S.13 2025;2025
Associação para a Formação Tecnológica no Litoral Alentejano;APU;S.131324;Administração Regional e Local – Administração Local;nao;INE S.13 2025;2025
Astaq Técnica, E.I.M.;SPE_PROVAVEL;S.131324;Administração Regional e Local – Administração Local;sim;INE S.13 2025;2025
Basto Vida - Serviços de Acção Social e Cuidados de Saúde, C.R.L.;APU;S.131324;Administração Regional e Local – Administração Local;nao;INE S.13 2025;2025
Bragahabit - Empresa Municipal de Habitação de Braga - E.M.;SPE_PROVAVEL;S.131324;Administração Regional e Local – Administração Local;sim;INE S.13 2025;2025
CACRC - Centro de Arbitragem de Conflitos de Consumo da Região de Coimbra;APU;S.131324;Administração Regional e Local – Administração Local;nao;INE S.13 2025;2025
CAID - Cooperativa de Apoio à Integração do Deficiente, C.I.P.R.L.;APU;S.131324;Administração Regional e Local – Administração Local;nao;INE S.13 2025;2025
CASFIG - Coordenação de Âmbito Social e Financeiro das Habitações do Município de Guimarães, E.M., Unipessoal, Lda.;SPE_PROVAVEL;S.131324;Administração Regional e Local – Administração Local;sim;INE S.13 2025;2025
CD - ARICD Rede Internacional de Cooperação para o desenvolvimento - Associação de Municípios;APU;S.131324;Administração Regional e Local – Administração Local;nao;INE S.13 2025;2025
CDN - Gestão e Promoção do Parque Empresarial de Vila Nova da Barquinha, E.M., S.A.;SPE_PROVAVEL;S.131324;Administração Regional e Local – Administração Local;sim;INE S.13 2025;2025
CENTROLOGIS - Centro Logístico do Litoral, ACE;APU;S.131324;Administração Regional e Local – Administração Local;nao;INE S.13 2025;2025
CIAB - Centro de Informação, Mediação e Arbitragem de Consumo do Vale do Cávado;APU;S.131324;Administração Regional e Local – Administração Local;nao;INE S.13 2025;2025
CMPH - Domus Social - Empresa de Habitação e Manutenção do Município do Porto, E.M.;SPE_PROVAVEL;S.131324;Administração Regional e Local – Administração Local;sim;INE S.13 2025;2025
COMOIPREL - Cooperativa Mourense de Interesse Público e Responsabilidade Limitada;SPE_PROVAVEL;S.131324;Administração Regional e Local – Administração Local;sim;INE S.13 2025;2025
CROAC - Associação de Recolha Oficial de Animais de Companhia dos Municípios de Moimenta da Beira, Armamar e Tabuaço;APU;S.131324;Administração Regional e Local – Administração Local;nao;INE S.13 2025;2025
Cascais Envolvente - Gestão Social da Habitação, E.M., S.A.;SPE_PROVAVEL;S.131324;Administração Regional e Local – Administração Local;sim;INE S.13 2025;2025
Caça e Turismo Terras de Vimioso, Lda.;SPE_PROVAVEL;S.131324;Administração Regional e Local – Administração Local;sim;INE S.13 2025;2025
Centro de Arbitragem de Conflitos de Consumo de Lisboa;APU;S.131324;Administração Regional e Local – Administração Local;nao;INE S.13 2025;2025
Centro de Estudos Diogo Dias Melgaz, Unipessoal, Lda.;SPE_PROVAVEL;S.131324;Administração Regional e Local – Administração Local;sim;INE S.13 2025;2025
Centro de Informação de Consumo e Arbitragem do Porto;APU;S.131324;Administração Regional e Local – Administração Local;nao;INE S.13 2025;2025
Coliseu Micaelense - Sociedade de Promoção e Dinamização de Eventos Culturais, Sociais e Recreativos, S.A.;SPE_PROVAVEL;S.131324;Administração Regional e Local – Administração Local;sim;INE S.13 2025;2025
Combanima - Espaços Municipais, E.M.;SPE_PROVAVEL;S.131324;Administração Regional e Local – Administração Local;sim;INE S.13 2025;2025
Comunidade Intermunicipal da Beira Baixa;APU;S.131324;Administração Regional e Local – Administração Local;nao;INE S.13 2025;2025
Comunidade Intermunicipal da Lezíria do Tejo;APU;S.131324;Administração Regional e Local – Administração Local;nao;INE S.13 2025;2025
Comunidade Intermunicipal da Região Beiras e Serra da Estrela;APU;S.131324;Administração Regional e Local – Administração Local;nao;INE S.13 2025;2025
Comunidade Intermunicipal da Região de Aveiro;APU;S.131324;Administração Regional e Local – Administração Local;nao;INE S.13 2025;2025
Comunidade Intermunicipal da Região de Coimbra;APU;S.131324;Administração Regional e Local – Administração Local;nao;INE S.13 2025;2025
Comunidade Intermunicipal da Região de Leiria;APU;S.131324;Administração Regional e Local – Administração Local;nao;INE S.13 2025;2025
Comunidade Intermunicipal da Região de Viseu Dão-Lafões;APU;S.131324;Administração Regional e Local – Administração Local;nao;INE S.13 2025;2025
Comunidade Intermunicipal das Terras de Trás-os-Montes;APU;S.131324;Administração Regional e Local – Administração Local;nao;INE S.13 2025;2025
Comunidade Intermunicipal do Alentejo Central;APU;S.131324;Administração Regional e Local – Administração Local;nao;INE S.13 2025;2025
Comunidade Intermunicipal do Alentejo Litoral;APU;S.131324;Administração Regional e Local – Administração Local;nao;INE S.13 2025;2025
Comunidade Intermunicipal do Algarve;APU;S.131324;Administração Regional e Local – Administração Local;nao;INE S.13 2025;2025
Comunidade Intermunicipal do Alto Alentejo;APU;S.131324;Administração Regional e Local – Administração Local;nao;INE S.13 2025;2025
Comunidade Intermunicipal do Alto Minho;APU;S.131324;Administração Regional e Local – Administração Local;nao;INE S.13 2025;2025
Comunidade Intermunicipal do Alto Tâmega;APU;S.131324;Administração Regional e Local – Administração Local;nao;INE S.13 2025;2025
Comunidade Intermunicipal do Ave;APU;S.131324;Administração Regional e Local – Administração Local;nao;INE S.13 2025;2025
Comunidade Intermunicipal do Baixo Alentejo;APU;S.131324;Administração Regional e Local – Administração Local;nao;INE S.13 2025;2025
Comunidade Intermunicipal do Cávado;APU;S.131324;Administração Regional e Local – Administração Local;nao;INE S.13 2025;2025
Comunidade Intermunicipal do Douro;APU;S.131324;Administração Regional e Local – Administração Local;nao;INE S.13 2025;2025
Comunidade Intermunicipal do Médio Tejo;APU;S.131324;Administração Regional e Local – Administração Local;nao;INE S.13 2025;2025
Comunidade Intermunicipal do Oeste;APU;S.131324;Administração Regional e Local – Administração Local;nao;INE S.13 2025;2025
Comunidade Intermunicipal do Tâmega e Sousa;APU;S.131324;Administração Regional e Local – Administração Local;nao;INE S.13 2025;2025
Corredor do Rio Leça, Associação de Municípios;APU;S.131324;Administração Regional e Local – Administração Local;nao;INE S.13 2025;2025
Cura Aquae - Termas de Melgaço, E.M.;SPE_PROVAVEL;S.131324;Administração Regional e Local – Administração Local;sim;INE S.13 2025;2025
Devagar se vai longe - Associação de Freguesias do Concelho de Rio Maior;APU;S.131324;Administração Regional e Local – Administração Local;nao;INE S.13 2025;2025
ECOCITRAS - Associação de Municípios das Cidades de Trás-os-Montes;APU;S.131324;Administração Regional e Local – Administração Local;nao;INE S.13 2025;2025
EMEC - Empresa Municipal de Educação e Cultura de Barcelos E.M.;SPE_PROVAVEL;S.131324;Administração Regional e Local – Administração Local;sim;INE S.13 2025;2025
EMPET - Parques Empresariais de Tavira, E.M.;SPE_PROVAVEL;S.131324;Administração Regional e Local – Administração Local;sim;INE S.13 2025;2025
EPA - Escola Profissional de Alte, CI.P.R.L.;APU;S.131324;Administração Regional e Local – Administração Local;nao;INE S.13 2025;2025
EPF - Ensino Profissional de Felgueiras Lda.;SPE_PROVAVEL;S.131324;Administração Regional e Local – Administração Local;sim;INE S.13 2025;2025
EPT - Ensino Profissional de Tomar, Lda.;SPE_PROVAVEL;S.131324;Administração Regional e Local – Administração Local;sim;INE S.13 2025;2025
ESPAÇO MUNICIPAL - Renovação Urbana e Gestão do Património, E.M., S.A.;SPE_PROVAVEL;S.131324;Administração Regional e Local – Administração Local;sim;INE S.13 2025;2025
Epave - Escola Profissional do Alto Ave, E.M.;SPE_PROVAVEL;S.131324;Administração Regional e Local – Administração Local;sim;INE S.13 2025;2025
Epralima - Escola Profissional do Alto Lima , C.I.P.R.L.;APU;S.131324;Administração Regional e Local – Administração Local;nao;INE S.13 2025;2025
Escola Profissional do Marquês de Valle Flôr, Lda.;SPE_PROVAVEL;S.131324;Administração Regional e Local – Administração Local;sim;INE S.13 2025;2025
Faz Cultura - Empresa Municipal de Cultura de Braga, E.M.;SPE_PROVAVEL;S.131324;Administração Regional e Local – Administração Local;sim;INE S.13 2025;2025
Figueira Domus - Empresa Municipal de Gestão de Habitação da Figueira da Foz, E.M.;SPE_PROVAVEL;S.131324;Administração Regional e Local – Administração Local;sim;INE S.13 2025;2025
GAIURB - Urbanismo e Habitação, E.M.;SPE_PROVAVEL;S.131324;Administração Regional e Local – Administração Local;sim;INE S.13 2025;2025
GEBALIS - Gestão do Arrendamento da Habitação Municipal de Lisboa, E.M., S.A.;SPE_PROVAVEL;S.131324;Administração Regional e Local – Administração Local;sim;INE S.13 2025;2025
Gabinete Técnico das Aldeias, Arquitectura e Serviços, Unipessoal Lda.;SPE_PROVAVEL;S.131324;Administração Regional e Local – Administração Local;sim;INE S.13 2025;2025
Gespaços - Gestão de Equipamentos Desportivos, E.M., S.A.;SPE_PROVAVEL;S.131324;Administração Regional e Local – Administração Local;sim;INE S.13 2025;2025
Gestão e Obras do Porto, E.M.;SPE_PROVAVEL;S.131324;Administração Regional e Local – Administração Local;sim;INE S.13 2025;2025
HABISOLVIS - Empresa Municipal de Habitação e Ação Social de Viseu, E.M.;SPE_PROVAVEL;S.131324;Administração Regional e Local – Administração Local;sim;INE S.13 2025;2025
HABITAR S. JOÃO - Empresa Municipal de Habitação, E.M.;SPE_PROVAVEL;S.131324;Administração Regional e Local – Administração Local;sim;INE S.13 2025;2025
HABÉVORA - Gestão Habitacional, Unipessoal Limitada, E.M.;SPE_PROVAVEL;S.131324;Administração Regional e Local – Administração Local;sim;INE S.13 2025;2025
Herdade da Contenda, E.M.;SPE_PROVAVEL;S.131324;Administração Regional e Local – Administração Local;sim;INE S.13 2025;2025
IAREN - Instituto da Água da Região Norte;APU;S.131324;Administração Regional e Local – Administração Local;nao;INE S.13 2025;2025
INTERMINHO - Sociedade Gestora de Parques Empresariais, E.M.;SPE_PROVAVEL;S.131324;Administração Regional e Local – Administração Local;sim;INE S.13 2025;2025
IParque - Parque para a Inovação em Ciência, Tecnologia e Saúde, E.M., S.A.;SPE_PROVAVEL;S.131324;Administração Regional e Local – Administração Local;sim;INE S.13 2025;2025
LOGICA - Sociedade Gestora do Parque Tecnológico de Moura, E.M., S.A.;SPE_PROVAVEL;S.131324;Administração Regional e Local – Administração Local;sim;INE S.13 2025;2025
Lisboa Ocidental, SRU - Sociedade de Reabilitação Urbana, E.M., S.A.;SPE_PROVAVEL;S.131324;Administração Regional e Local – Administração Local;sim;INE S.13 2025;2025
MATOSINHOSHABIT - MH, Empresa Municipal de Habitação de Matosinhos, E.M.;SPE_PROVAVEL;S.131324;Administração Regional e Local – Administração Local;sim;INE S.13 2025;2025
MIT - Comunicação e Imagem, Unipessoal Lda.;SPE_PROVAVEL;S.131324;Administração Regional e Local – Administração Local;sim;INE S.13 2025;2025
MS - Matosinhos Sport, E.M.;SPE_PROVAVEL;S.131324;Administração Regional e Local – Administração Local;sim;INE S.13 2025;2025
Matadouro Industrial do Cachão, S.A.;SPE_PROVAVEL;S.131324;Administração Regional e Local – Administração Local;sim;INE S.13 2025;2025
Melsport - Melgaço Desporto e Lazer, E.M.;SPE_PROVAVEL;S.131324;Administração Regional e Local – Administração Local;sim;INE S.13 2025;2025
NATURTEJO - Empresa de Turismo, E.I.M.;SPE_PROVAVEL;S.131324;Administração Regional e Local – Administração Local;sim;INE S.13 2025;2025
Naturnorte - Gestão de Equipamentos Coletivos e Prestação de Serviços, E.M., S.A.;SPE_PROVAVEL;S.131324;Administração Regional e Local – Administração Local;sim;INE S.13 2025;2025
Odiana - Associação Para o Desenvolvimento do Baixo Guadiana;APU;S.131324;Administração Regional e Local – Administração Local;nao;INE S.13 2025;2025
Parkurbis - Parque de Ciência e Tecnologia da Covilhã, E.M., S.A.;SPE_PROVAVEL;S.131324;Administração Regional e Local – Administração Local;sim;INE S.13 2025;2025
Penafiel Activa, Entidade Empresarial Local, E.M.;SPE_PROVAVEL;S.131324;Administração Regional e Local – Administração Local;sim;INE S.13 2025;2025
Porto Vivo, SRU - Sociedade de Reabilitação Urbana do Porto, E.M., S.A.;SPE_PROVAVEL;S.131324;Administração Regional e Local – Administração Local;sim;INE S.13 2025;2025
Praia Cultural, C.I.P.R.L.;APU;S.131324;Administração Regional e Local – Administração Local;nao;INE S.13 2025;2025
Praia em Movimento, E.M.;SPE_PROVAVEL;S.131324;Administração Regional e Local – Administração Local;sim;INE S.13 2025;2025
Prodeso - Ensino Profissional, Lda.;SPE_PROVAVEL;S.131324;Administração Regional e Local – Administração Local;sim;INE S.13 2025;2025
Proruris - Empresa Municipal de Desenvolvimento Rural de Vinhais, E.M.;SPE_PROVAVEL;S.131324;Administração Regional e Local – Administração Local;sim;INE S.13 2025;2025
Quinta de Tuberais - Ensino Profissional de Cinfães, E.M., Unipessoal Lda.;SPE_PROVAVEL;S.131324;Administração Regional e Local – Administração Local;sim;INE S.13 2025;2025
RESITEJO - Associação de Gestão e Tratamento dos Lixos do Médio Tejo;APU;S.131324;Administração Regional e Local – Administração Local;nao;INE S.13 2025;2025
Resiurb - Associação de Municípios para o Tratamento de Resíduos Sólidos;APU;S.131324;Administração Regional e Local – Administração Local;nao;INE S.13 2025;2025
SDVF - Sociedade de Desenvolvimento de Habitação Social de Vila Franca do Campo, S.A.;SPE_PROVAVEL;S.131324;Administração Regional e Local – Administração Local;sim;INE S.13 2025;2025
SOCIOHABITAFUNCHAL - Empresa Municipal de Habitação, E.M.;SPE_PROVAVEL;S.131324;Administração Regional e Local – Administração Local;sim;INE S.13 2025;2025
STCP SERVIÇOS - Transportes Urbanos, Consultoria e Participações, Unipessoal, Lda.;SPE_PROVAVEL;S.131324;Administração Regional e Local – Administração Local;sim;INE S.13 2025;2025
SULBAÇA - Associação de Freguesias do Sul de Alcobaça;APU;S.131324;Administração Regional e Local – Administração Local;nao;INE S.13 2025;2025
Scalabis Norte - Associação de Freguesias de Direito Público do Norte do Concelho de Santarém;APU;S.131324;Administração Regional e Local – Administração Local;nao;INE S.13 2025;2025
Serviços Municipalizados de Transportes Urbanos de Coimbra;APU;S.131324;Administração Regional e Local – Administração Local;nao;INE S.13 2025;2025
Serviços e Fundos Autónomos da Administração Local;APU;S.131324;Administração Regional e Local – Administração Local;nao;INE S.13 2025;2025
TECMAIA- Parque de Ciência e Tecnologia da Maia, S.A.;SPE_PROVAVEL;S.131324;Administração Regional e Local – Administração Local;sim;INE S.13 2025;2025
TEGEC - Trancoso Eventos, Empresa Municipal de Gestão de Equipamentos Culturais e de Lazer, E.M.;SPE_PROVAVEL;S.131324;Administração Regional e Local – Administração Local;sim;INE S.13 2025;2025
TML - Transportes Metropolitanos de Lisboa, E.M.T., S.A.;SPE_PROVAVEL;S.131324;Administração Regional e Local – Administração Local;sim;INE S.13 2025;2025
TRIAVE - Centro de Arbitragem de Conflitos de Consumo do Ave, Tâmega e Sousa;APU;S.131324;Administração Regional e Local – Administração Local;nao;INE S.13 2025;2025
TUB - Empresa de Transportes Urbanos de Braga, E.M.;SPE_PROVAVEL;S.131324;Administração Regional e Local – Administração Local;sim;INE S.13 2025;2025
Teatro José Lúcio da Silva, E.M., S.A.;SPE_PROVAVEL;S.131324;Administração Regional e Local – Administração Local;sim;INE S.13 2025;2025
Teatro Municipal de Faro - Serviços Municipalizados;APU;S.131324;Administração Regional e Local – Administração Local;nao;INE S.13 2025;2025
Tempo Livre Fisical - Centro Comunitário de Desporto e Tempos Livres, CIPRL;APU;S.131324;Administração Regional e Local – Administração Local;nao;INE S.13 2025;2025
Terras de Recezinhos - Associação de Freguesias;APU;S.131324;Administração Regional e Local – Administração Local;nao;INE S.13 2025;2025
Terras do Infante - Associação de Municípios;APU;S.131324;Administração Regional e Local – Administração Local;nao;INE S.13 2025;2025
Transportes Metropolitanos do Porto, E.M.T., S.A.;SPE_PROVAVEL;S.131324;Administração Regional e Local – Administração Local;sim;INE S.13 2025;2025
VRSA, Sociedade Gestão Urbana, E.M.;SPE_PROVAVEL;S.131324;Administração Regional e Local – Administração Local;sim;INE S.13 2025;2025
Vallis Habita - Sociedade Municipal de Gestão de Empreendimentos Habitacionais do Concelho de Valongo, E.M.;SPE_PROVAVEL;S.131324;Administração Regional e Local – Administração Local;sim;INE S.13 2025;2025
Varzim Lazer - Empresa Municipal de Gestão de Equipamentos Desportivos e de Lazer, E.M.;SPE_PROVAVEL;S.131324;Administração Regional e Local – Administração Local;sim;INE S.13 2025;2025
Vila Real Social - Habitação, E.M., S.A.;SPE_PROVAVEL;S.131324;Administração Regional e Local – Administração Local;sim;INE S.13 2025;2025
Viseu Novo - SRU - Sociedade de Reabilitação Urbana de Viseu, S.A.;SPE_PROVAVEL;S.131324;Administração Regional e Local – Administração Local;sim;INE S.13 2025;2025
Viver Fundão - Promoção e Gestão das Condições Estruturais e Infraestruturais para o Concelho do Fundão, E.M.;SPE_PROVAVEL;S.131324;Administração Regional e Local – Administração Local;sim;INE S.13 2025;2025
ÁGORA - Cultura e Desporto do Porto, E.M., S.A.;SPE_PROVAVEL;S.131324;Administração Regional e Local – Administração Local;sim;INE S.13 2025;2025
Área Metropolitana de Lisboa;APU;S.131324;Administração Regional e Local – Administração Local;nao;INE S.13 2025;2025
Área Metropolitana do Porto;APU;S.131324;Administração Regional e Local – Administração Local;nao;INE S.13 2025;2025
ABAP - Associação Beira Atlântico Parque;APU;S.131325;Administração Regional e Local – Administração Local;nao;INE S.13 2025;2025
ADAE - Associação de Desenvolvimento da Alta Estremadura;APU;S.131325;Administração Regional e Local – Administração Local;nao;INE S.13 2025;2025
ADEPORTO - Agência de Energia do Porto;APU;S.131325;Administração Regional e Local – Administração Local;nao;INE S.13 2025;2025
ADL - Associação de Desenvolvimento Local - Pax Júlia;APU;S.131325;Administração Regional e Local – Administração Local;nao;INE S.13 2025;2025
ADRO - Agência de Desenvolvimento Regional do Oeste;APU;S.131325;Administração Regional e Local – Administração Local;nao;INE S.13 2025;2025
ADReDV - Agência de Desenvolvimento Regional de Entre Douro e Vouga;APU;S.131325;Administração Regional e Local – Administração Local;nao;INE S.13 2025;2025
AE-TM - Agência de Energia de Trás-os-Montes;APU;S.131325;Administração Regional e Local – Administração Local;nao;INE S.13 2025;2025
AGENEAL - Agência Municipal de Energia de Almada;APU;S.131325;Administração Regional e Local – Administração Local;nao;INE S.13 2025;2025
AIEL - Associação para a Inovação e Empreendedorismo de Lisboa;APU;S.131325;Administração Regional e Local – Administração Local;nao;INE S.13 2025;2025
ALENTEJO XXI - Associação de Desenvolvimento Integrado do Meio Rural;APU;S.131325;Administração Regional e Local – Administração Local;nao;INE S.13 2025;2025
ALU - Associação de Limpeza Urbana - Parceria para Cidades + Inteligentes e Sustentáveis;APU;S.131325;Administração Regional e Local – Administração Local;nao;INE S.13 2025;2025
AME CASCAIS - Agência Municipal de Energia de Cascais;APU;S.131325;Administração Regional e Local – Administração Local;nao;INE S.13 2025;2025
AMESEIXAL - Agência Municipal de Energia do Seixal;APU;S.131325;Administração Regional e Local – Administração Local;nao;INE S.13 2025;2025
APHM - Associação Portuguesa de Habitação Municipal;APU;S.131325;Administração Regional e Local – Administração Local;nao;INE S.13 2025;2025
APPE - Associação Portuguesa de Parques Empresariais;APU;S.131325;Administração Regional e Local – Administração Local;nao;INE S.13 2025;2025
APRODER - Associação para a Promoção do Desenvolvimento Rural do Ribatejo;APU;S.131325;Administração Regional e Local – Administração Local;nao;INE S.13 2025;2025
APTCVC - Associação Portuguesa de Cidades e Vilas de Cerâmica;APU;S.131325;Administração Regional e Local – Administração Local;nao;INE S.13 2025;2025
AREA Alto Minho – Agência Regional de Energia e Ambiente do Alto Minho;APU;S.131325;Administração Regional e Local – Administração Local;nao;INE S.13 2025;2025
AREAC - Agência Regional de Energia e Ambiente do Centro;APU;S.131325;Administração Regional e Local – Administração Local;nao;INE S.13 2025;2025
AREAL - Agência Regional de Energia e Ambiente do Algarve;APU;S.131325;Administração Regional e Local – Administração Local;nao;INE S.13 2025;2025
AREANATEJO - Agência Regional de Energia e Ambiente do Norte Alentejano e Tejo;APU;S.131325;Administração Regional e Local – Administração Local;nao;INE S.13 2025;2025
ARRIBATEJO - Agência de Desenvolvimento Local;APU;S.131325;Administração Regional e Local – Administração Local;nao;INE S.13 2025;2025
ART - Associação Regional de Turismo - Turismo dos Açores;APU;S.131325;Administração Regional e Local – Administração Local;nao;INE S.13 2025;2025
ASDEPR - Associação para o Desenvolvimento e Promoção Rural;APU;S.131325;Administração Regional e Local – Administração Local;nao;INE S.13 2025;2025
Agrupamento Europeu De Cooperação Territorial Do Rio Minho - Aect Rio Minho;APU;S.131325;Administração Regional e Local – Administração Local;nao;INE S.13 2025;2025
Agência Regional de Energia do Centro e Baixo Alentejo;APU;S.131325;Administração Regional e Local – Administração Local;nao;INE S.13 2025;2025
Agência Regional de Energia e Ambiente do Oeste, OESTESUSTENTÁVEL;APU;S.131325;Administração Regional e Local – Administração Local;nao;INE S.13 2025;2025
Agência de Desenvolvimento Regional do Vale do Tua - Associação ADRVT;APU;S.131325;Administração Regional e Local – Administração Local;nao;INE S.13 2025;2025
Agência de Desenvolvimento do Barlavento – Associação;APU;S.131325;Administração Regional e Local – Administração Local;nao;INE S.13 2025;2025
Agência para o Desenvolvimento Integrado de Tábua e Oliveira do Hospital;APU;S.131325;Administração Regional e Local – Administração Local;nao;INE S.13 2025;2025
Agência para o Desenvolvimento da Serra da Lousã - Associação ADSL;APU;S.131325;Administração Regional e Local – Administração Local;nao;INE S.13 2025;2025
Agência para o Desenvolvimento dos Castelos e Muralhas Medievais do Mondego;APU;S.131325;Administração Regional e Local – Administração Local;nao;INE S.13 2025;2025
Associação Adapt.Local - Rede de Municípios para a Adaptação Local às Alterações Climáticas;APU;S.131325;Administração Regional e Local – Administração Local;nao;INE S.13 2025;2025
Associação Baía de Setúbal;APU;S.131325;Administração Regional e Local – Administração Local;nao;INE S.13 2025;2025
Associação Centro Ciência Viva do Alviela;APU;S.131325;Administração Regional e Local – Administração Local;nao;INE S.13 2025;2025
Associação Curtir Ciência;APU;S.131325;Administração Regional e Local – Administração Local;nao;INE S.13 2025;2025
Associação EPH - Escola de Hotelaria de Manteigas;APU;S.131325;Administração Regional e Local – Administração Local;nao;INE S.13 2025;2025
Associação Europeia de Municipalidades com Marina;APU;S.131325;Administração Regional e Local – Administração Local;nao;INE S.13 2025;2025
Associação Geopark Estrela;APU;S.131325;Administração Regional e Local – Administração Local;nao;INE S.13 2025;2025
Associação Geoparque Arouca;APU;S.131325;Administração Regional e Local – Administração Local;nao;INE S.13 2025;2025
Associação Geoparque Terras de Cavaleiros;APU;S.131325;Administração Regional e Local – Administração Local;nao;INE S.13 2025;2025
Associação Música, Educação e Cultura - O Sentido dos Sons;APU;S.131325;Administração Regional e Local – Administração Local;nao;INE S.13 2025;2025
Associação Oficina Ciência Viva de Tavira;APU;S.131325;Administração Regional e Local – Administração Local;nao;INE S.13 2025;2025
Associação Pró Artes de Sines;APU;S.131325;Administração Regional e Local – Administração Local;nao;INE S.13 2025;2025
Associação Rede Judiarias de Portugal - Rotas Sefarad;APU;S.131325;Administração Regional e Local – Administração Local;nao;INE S.13 2025;2025
Associação S. Francisco de Assis;APU;S.131325;Administração Regional e Local – Administração Local;nao;INE S.13 2025;2025
Associação São Francisco de Assis - Cascais;APU;S.131325;Administração Regional e Local – Administração Local;nao;INE S.13 2025;2025
Associação da Incubadora do Beira Atlântico Parque;APU;S.131325;Administração Regional e Local – Administração Local;nao;INE S.13 2025;2025
Associação de Desenvolvimento Dão Lafões e Alto Paiva;APU;S.131325;Administração Regional e Local – Administração Local;nao;INE S.13 2025;2025
Associação de Desenvolvimento das Freguesias da Zona Centro do Concelho de Trancoso;APU;S.131325;Administração Regional e Local – Administração Local;nao;INE S.13 2025;2025
Associação do Eixo Atlântico do Noroeste Peninsular;APU;S.131325;Administração Regional e Local – Administração Local;nao;INE S.13 2025;2025
Associação para a Formação Profissional e Desenvolvimento do Montijo;APU;S.131325;Administração Regional e Local – Administração Local;nao;INE S.13 2025;2025
Associação para a Promoção Rural da Charneca Ribatejana;APU;S.131325;Administração Regional e Local – Administração Local;nao;INE S.13 2025;2025
Associação para o Centro de Incubação de Base Tecnológica do Minho;APU;S.131325;Administração Regional e Local – Administração Local;nao;INE S.13 2025;2025
Associação para o Desenvolvimento do Brigantia EcoPark;APU;S.131325;Administração Regional e Local – Administração Local;nao;INE S.13 2025;2025
Associação para o Desenvolvimento do Régia-Douro Park;APU;S.131325;Administração Regional e Local – Administração Local;nao;INE S.13 2025;2025
Biocant - Associação de Transferência de Tecnologia;APU;S.131325;Administração Regional e Local – Administração Local;nao;INE S.13 2025;2025
CATAA - Associaçao Centro de Apoio Tecnológico Agro-Alimentar de Castelo Branco;APU;S.131325;Administração Regional e Local – Administração Local;nao;INE S.13 2025;2025
CECODHAS.P - Comité Português de Coordenação de Habitação Social;APU;S.131325;Administração Regional e Local – Administração Local;nao;INE S.13 2025;2025
Centro Ciência Viva de Bragança;APU;S.131325;Administração Regional e Local – Administração Local;nao;INE S.13 2025;2025
Centro Ciência Viva de Constância;APU;S.131325;Administração Regional e Local – Administração Local;nao;INE S.13 2025;2025
Centro Ciência Viva de Estremoz;APU;S.131325;Administração Regional e Local – Administração Local;nao;INE S.13 2025;2025
Centro Ciência Viva de Lagos;APU;S.131325;Administração Regional e Local – Administração Local;nao;INE S.13 2025;2025
Centro Ciência Viva de Proença-à-Nova;APU;S.131325;Administração Regional e Local – Administração Local;nao;INE S.13 2025;2025
Centro Ciência Viva do Algarve;APU;S.131325;Administração Regional e Local – Administração Local;nao;INE S.13 2025;2025
Centro Municipal de Cultura e Desenvolvimento de Vila Velha de Rodão;APU;S.131325;Administração Regional e Local – Administração Local;nao;INE S.13 2025;2025
Conservatório Regional do Baixo Alentejo;APU;S.131325;Administração Regional e Local – Administração Local;nao;INE S.13 2025;2025
ENA - Agência de Energia e Ambiente da Arrábida;APU;S.131325;Administração Regional e Local – Administração Local;nao;INE S.13 2025;2025
ENERAREA - Agência Regional de Energia e Ambiente do Interior;APU;S.131325;Administração Regional e Local – Administração Local;nao;INE S.13 2025;2025
ENERDURA - Agência Regional de Energia da Alta Estremadura;APU;S.131325;Administração Regional e Local – Administração Local;nao;INE S.13 2025;2025
ENERGAIA - Agência de Energia do Sul da Área Metropolitana do Porto;APU;S.131325;Administração Regional e Local – Administração Local;nao;INE S.13 2025;2025
ENNO - Associação Energias do Norte;APU;S.131325;Administração Regional e Local – Administração Local;nao;INE S.13 2025;2025
FLAVIFOMENTO - Associação para o Fomento e Desenvolvimento Sustentável do Município de Chaves;APU;S.131325;Administração Regional e Local – Administração Local;nao;INE S.13 2025;2025
FPDCS - Federação Portuguesa do Caminho de Santiago;APU;S.131325;Administração Regional e Local – Administração Local;nao;INE S.13 2025;2025
Fraterna - Centro Comunitário de Solidariedade e Integração Social, CIPRL;APU;S.131325;Administração Regional e Local – Administração Local;nao;INE S.13 2025;2025
Fundação Arquivo Paes Teles;APU;S.131325;Administração Regional e Local – Administração Local;nao;INE S.13 2025;2025
Fundação Bienal de Arte de Cerveira, F.P.;APU;S.131325;Administração Regional e Local – Administração Local;nao;INE S.13 2025;2025
Fundação Conservatório de Música da Maia;APU;S.131325;Administração Regional e Local – Administração Local;nao;INE S.13 2025;2025
Fundação D. Luís I;APU;S.131325;Administração Regional e Local – Administração Local;nao;INE S.13 2025;2025
Fundação Escola Profissional de Leiria;APU;S.131325;Administração Regional e Local – Administração Local;nao;INE S.13 2025;2025
Fundação Escola Profissional de Setúbal;APU;S.131325;Administração Regional e Local – Administração Local;nao;INE S.13 2025;2025
Fundação Gil Eannes, F.P.;APU;S.131325;Administração Regional e Local – Administração Local;nao;INE S.13 2025;2025
Fundação Mata do Bussaco, F.P.;APU;S.131325;Administração Regional e Local – Administração Local;nao;INE S.13 2025;2025
Fundação Museu do Douro, F.P.;APU;S.131325;Administração Regional e Local – Administração Local;nao;INE S.13 2025;2025
Fundação Robinson;APU;S.131325;Administração Regional e Local – Administração Local;nao;INE S.13 2025;2025
Fundação Serrão Martins;APU;S.131325;Administração Regional e Local – Administração Local;nao;INE S.13 2025;2025
Fundação para a Proteção e Gestão Ambiental das Salinas do Samouco;APU;S.131325;Administração Regional e Local – Administração Local;nao;INE S.13 2025;2025
Fundação para os Estudos e Formação nas Autarquias Locais - Fundação FEFAL;APU;S.131325;Administração Regional e Local – Administração Local;nao;INE S.13 2025;2025
INOVA.GAIA - Associação para o Centro de Incubação de Base Tecnológica de Vila Nova de Gaia;APU;S.131325;Administração Regional e Local – Administração Local;nao;INE S.13 2025;2025
Instituições Sem Fim Lucrativo da Administração Local;APU;S.131325;Administração Regional e Local – Administração Local;nao;INE S.13 2025;2025
LUSITÂNIA - Agência de Desenvolvimento Regional;APU;S.131325;Administração Regional e Local – Administração Local;nao;INE S.13 2025;2025
Laboratório da Paisagem de Guimarães - Associação para a Promoção do Desenvolvimento Sustentável;APU;S.131325;Administração Regional e Local – Administração Local;nao;INE S.13 2025;2025
Lisboa E-Nova - Agência de Energia e Ambiente de Lisboa;APU;S.131325;Administração Regional e Local – Administração Local;nao;INE S.13 2025;2025
MAIAINOVA - Associação para a Inovação e Desenvolvimento do Concelho da Maia;APU;S.131325;Administração Regional e Local – Administração Local;nao;INE S.13 2025;2025
MEDIOTEJO 21 - Agência Regional de Energia e Ambiente da Região do Médio Tejo e Pinhal Interior Sul;APU;S.131325;Administração Regional e Local – Administração Local;nao;INE S.13 2025;2025
MPH-MOSTEIROS DE PORTUGAL, Associação das Cidades com Mosteiros Património da Humanidade;APU;S.131325;Administração Regional e Local – Administração Local;nao;INE S.13 2025;2025
Mondim + Social - Centro Comunitário de Solidariedade Social, C.I.P.R.L.;APU;S.131325;Administração Regional e Local – Administração Local;nao;INE S.13 2025;2025
NOVALMADAVELHA - Agência de Desenvolvimento Local;APU;S.131325;Administração Regional e Local – Administração Local;nao;INE S.13 2025;2025
PINHAIS DO ZÊZERE - Associação para o Desenvolvimento;APU;S.131325;Administração Regional e Local – Administração Local;nao;INE S.13 2025;2025
PINHAL MAIOR - Associação de Desenvolvimento do Pinhal Interior Sul;APU;S.131325;Administração Regional e Local – Administração Local;nao;INE S.13 2025;2025
RNAE - Associação das Agências de Energia e Ambiente;APU;S.131325;Administração Regional e Local – Administração Local;nao;INE S.13 2025;2025
Rota Histórica das Linhas de Torres - Associação para o desenvolvimento Turístico e Patrimonial das Linhas de Tores Vedras;APU;S.131325;Administração Regional e Local – Administração Local;nao;INE S.13 2025;2025
Rota do Guadiana - Associação de Desenvolvimento Integrado;APU;S.131325;Administração Regional e Local – Administração Local;nao;INE S.13 2025;2025
Ruas - Associação Univer(S)Cidade;APU;S.131325;Administração Regional e Local – Administração Local;nao;INE S.13 2025;2025
S.ENERGIA - Agência Regional de Energia para os concelhos do Barreiro, Moita, Montijo e Alcochete;APU;S.131325;Administração Regional e Local – Administração Local;nao;INE S.13 2025;2025
SANJOTEC - Associação Cientifica e Tecnológica;APU;S.131325;Administração Regional e Local – Administração Local;nao;INE S.13 2025;2025
SERQ - Centro de Inovação e Competências da Floresta - Associação;APU;S.131325;Administração Regional e Local – Administração Local;nao;INE S.13 2025;2025
Serra do Açor - Associação de Desenvolvimento Regional;APU;S.131325;Administração Regional e Local – Administração Local;nao;INE S.13 2025;2025
Sines Tecnopolo - Associação Centro de Incubação de Empresas de Base Tecnológica Vasco da Gama;APU;S.131325;Administração Regional e Local – Administração Local;nao;INE S.13 2025;2025
Tagusvalley - Associação para a Promoção e Desenvolvimento do Tecnopólo;APU;S.131325;Administração Regional e Local – Administração Local;nao;INE S.13 2025;2025
Terra + Verde Gestão Integrada da Floresta, CIPRL;APU;S.131325;Administração Regional e Local – Administração Local;nao;INE S.13 2025;2025
Terras de Sicó - Associação de Desenvolvimento;APU;S.131325;Administração Regional e Local – Administração Local;nao;INE S.13 2025;2025
UAC Tavira - Associação para o Desenvolvimento Integrado da Baixa de Tavira;APU;S.131325;Administração Regional e Local – Administração Local;nao;INE S.13 2025;2025
Unidade de Acompanhamento e Coordenação dos Municípios de Condeixa-a-Nova e Mira;APU;S.131325;Administração Regional e Local – Administração Local;nao;INE S.13 2025;2025
Vilas Francas da Europa - Associação para o Desenvolvimento Local e Transnacional;APU;S.131325;Administração Regional e Local – Administração Local;nao;INE S.13 2025;2025
WINEVILLAGES W.V.A.D. - Associação de Desenvolvimento da Rede de Aldeias Vinhateiras do Douro;APU;S.131325;Administração Regional e Local – Administração Local;nao;INE S.13 2025;2025
ZASNET, AECT - Agrupamento Europeu de Cooperação Territorial;APU;S.131325;Administração Regional e Local – Administração Local;nao;INE S.13 2025;2025
ZEPAM - Associação Musical;APU;S.131325;Administração Regional e Local – Administração Local;nao;INE S.13 2025;2025
Fundo Especial de Segurança Social dos Profissionais da Banca dos Casinos;APU;S.1314;Fundos de Segurança Social;nao;INE S.13 2025;2025
Fundo de Cobrança Executiva da Segurança Social (FCE);APU;S.1314;Fundos de Segurança Social;nao;INE S.13 2025;2025
Fundo de Estabilização Financeira da Segurança Social;APU;S.1314;Fundos de Segurança Social;nao;INE S.13 2025;2025
Fundo de Garantia Salarial;APU;S.1314;Fundos de Segurança Social;nao;INE S.13 2025;2025
Fundo de Socorro Social;APU;S.1314;Fundos de Segurança Social;nao;INE S.13 2025;2025
IGFC - Instituto de Gestão de Fundos de Capitalização da Segurança Social;APU;S.1314;Fundos de Segurança Social;nao;INE S.13 2025;2025
Instituto da Segurança Social dos Açores I.P.R.A;APU;S.1314;Fundos de Segurança Social;nao;INE S.13 2025;2025
Instituto da Segurança Social, I.P.;APU;S.1314;Fundos de Segurança Social;nao;INE S.13 2025;2025
Instituto de Gestão Financeira da Segurança Social, I.P.;APU;S.1314;Fundos de Segurança Social;nao;INE S.13 2025;2025
Instituto de Informática, I.P.;APU;S.1314;Fundos de Segurança Social;nao;INE S.13 2025;2025
Instituto de Segurança Social da Madeira, I.P.-R.A.M.;APU;S.1314;Fundos de Segurança Social;nao;INE S.13 2025;2025
