codigo_dgert;denominacao;sigla;sigla_base;origem_sigla;tipo;lado;concelho;distrito;estado_registo;primeira_atividade;ultima_atividade
5.492.0;(APERF) ASSOCIAÇÃO PORTUGUESA DE EMPRESAS DE CONSULTORIA EM RECURSOS HUMANOS E FORMAÇÃO;APERF;APERF;registo;ASSOCIAÇÃO DE EMPREGADORES;empregadores;LISBOA;LISBOA;Extinta;1995-03-15;2013-04-08
5.554.0;A.A.N.P. - ASSOCIAÇÃO DOS AGENTES DE NAVEGAÇÃO DE PORTUGAL;AANP;AANP;registo;ASSOCIAÇÃO DE EMPREGADORES;empregadores;LISBOA;LISBOA;Activa;2004-11-15;2015-11-15
5.246.4;A.C.I.M. - ASSOCIAÇÃO DOS COMERCIANTES, INDÚSTRIAIS E PRESTADORES DE SERVIÇOS DO CONCELHO DE MONCORVO;ACIM;ACIM;registo;ASSOCIAÇÃO DE EMPREGADORES;empregadores;TORRE DE MONCORVO;BRAGANÇA;Activa;2021-06-08;2024-05-22
5.563.1;A.E.R - ASSOCIAÇÃO EMPRESARIAL DE RESENDE;AER;AER;registo;ASSOCIAÇÃO DE EMPREGADORES;empregadores;RESENDE;VISEU;Activa;2024-06-08;2025-07-08
5.606.0;ADI-PME - ASSOCIAÇÃO PARA O DESENVOLVIMENTO E INOVAÇÃO NAS PEQUENAS E MÉDIAS EMPRESAS;ADIPME;ADIPME;registo;ASSOCIAÇÃO DE EMPREGADORES;empregadores;PORTO;PORTO;Activa;2014-02-17;2015-02-08
5.119.2;ÁGUAS MINERAIS E DE NASCENTE DE PORTUGAL;APIAM;APIAM;registo;ASSOCIAÇÃO DE EMPREGADORES;empregadores;LISBOA;LISBOA;Activa;2019-05-22;2019-05-22
5.3.2;AI NAVAIS - ASSOCIAÇÃO DAS INDÚSTRIA NAVAIS;AINAVAIS;AINAVAIS;registo;ASSOCIAÇÃO DE EMPREGADORES;empregadores;LISBOA;LISBOA;Activa;2009-04-24;2025-11-08
5.179.0;APECOPSAASSOCIAÇÃO DE PEQUENOS EMPREITEIROS DA CONSTRUÇAO CIVIL E OBRAS PÚBLICAS DE SETÚBAL E ALENTEJO;APECOPSA;APECOPSA;registo;ASSOCIAÇÃO DE EMPREGADORES;empregadores;SEIXAL;SETÚBAL;Extinta;1999-03-08;2026-03-22
5.225.0;ASSOCIAÇÃO  COMERCIAL E INDUSTRIAL DO CONCELHO DO FUNDÃO;COMERCIALINDUSFundao;COMERCIALINDUSTRIAL;recurso+desambiguada;ASSOCIAÇÃO DE EMPREGADORES;empregadores;FUNDÃO;CASTELO BRANCO;Activa;1977-07-08;2007-04-08
5.141.1;ASSOCIAÇÃO AUTOMÓVEL DE PORTUGAL;ACAP;ACAP;registo;ASSOCIAÇÃO DE EMPREGADORES;empregadores;LISBOA;LISBOA;Activa;2007-08-15;2025-04-22
5.453.2;ASSOCIAÇÃO CERVEJEIROS DE PORTUGAL;APCV;APCV;registo;ASSOCIAÇÃO DE EMPREGADORES;empregadores;LISBOA;LISBOA;Activa;2017-11-29;2025-10-22
5.317.0;ASSOCIAÇÃO COMER. DO CONCELHO DE RIO MAIOR;COMERCONCELHORIO;COMERCONCELHORIO;recurso;ASSOCIAÇÃO DE EMPREGADORES;empregadores;RIO MAIOR;SANTARÉM;Activa;1978-11-22;1978-11-22
5.32.0;ASSOCIAÇÃO COMERCIAL DA GUARDA;COMERCIALGUARDA;COMERCIALGUARDA;recurso;ASSOCIAÇÃO DE EMPREGADORES;empregadores;GUARDA;GUARDA;Activa;1975-10-15;1980-04-08
5.442.0;ASSOCIAÇÃO COMERCIAL DE ÁGUEDA;COMERCIALAGUEDA;COMERCIALAGUEDA;recurso;ASSOCIAÇÃO DE EMPREGADORES;empregadores;ÁGUEDA;AVEIRO;Activa;1990-08-30;2018-05-15
5.194.0;ASSOCIAÇÃO COMERCIAL DE AMARANTE;COMERCIALAMARANTE;COMERCIALAMARANTE;recurso;ASSOCIAÇÃO DE EMPREGADORES;empregadores;AMARANTE;PORTO;Activa;1975-10-01;1975-10-01
5.166.0;ASSOCIAÇÃO COMERCIAL DE ARCOS DE VALDEVEZ;COMERCIALARCOS;COMERCIALARCOS;recurso;ASSOCIAÇÃO DE EMPREGADORES;empregadores;ARCOS DE VALDEVEZ;VIANA DO CASTELO;Activa;1977-09-22;1977-09-22
5.165.0;ASSOCIAÇÃO COMERCIAL DE AVEIRO;COMERCIALAVEIRO;COMERCIALAVEIRO;recurso;ASSOCIAÇÃO DE EMPREGADORES;empregadores;AVEIRO;AVEIRO;Activa;1976-02-04;2009-06-22
5.174.0;ASSOCIAÇÃO COMERCIAL DE BARCELOS;COMERCIALBARCELOS;COMERCIALBARCELOS;recurso;ASSOCIAÇÃO DE EMPREGADORES;empregadores;BARCELOS;BRAGA;Activa;1977-08-22;1977-10-08
5.217.0;ASSOCIAÇÃO COMERCIAL DE BRAGA;COMERCIALBRAGA;COMERCIALBRAGA;recurso;ASSOCIAÇÃO DE EMPREGADORES;empregadores;BRAGA;BRAGA;Activa;1977-06-22;1977-06-22
5.217.1;ASSOCIAÇÃO COMERCIAL DE BRAGA;ACB;ACB;registo;ASSOCIAÇÃO DE EMPREGADORES;empregadores;BRAGA;BRAGA;Activa;1983-06-30;1993-06-30
5.217.2;ASSOCIAÇÃO COMERCIAL DE BRAGA - COMÉRCIO, TURISMO E SERVIÇOS;ACB;ACB;registo;ASSOCIAÇÃO DE EMPREGADORES;empregadores;BRAGA;BRAGA;Activa;1995-07-30;2010-08-08
5.259.0;ASSOCIAÇÃO COMERCIAL DE CASTANHEIRA DE PÊRA;COMERCIALCASTANHEIRA;COMERCIALCASTANHEIRA;recurso;ASSOCIAÇÃO DE EMPREGADORES;empregadores;CASTANHEIRA DE PÊRA;LEIRIA;Extinta;1977-04-05;2012-07-08
5.243.0;ASSOCIAÇÃO COMERCIAL DE CHAVES;COMERCIALCHAVES;COMERCIALCHAVES;recurso;ASSOCIAÇÃO DE EMPREGADORES;empregadores;CHAVES;VILA REAL;Activa;1977-08-08;1980-12-30
5.77.0;ASSOCIAÇÃO COMERCIAL DE ELVAS;COMERCIALELVAS;COMERCIALELVAS;recurso;ASSOCIAÇÃO DE EMPREGADORES;empregadores;ELVAS;PORTALEGRE;Extinta;1977-07-08;1978-01-29
5.168.0;ASSOCIAÇÃO COMERCIAL DE ESPINHO;COMERCIALESPINHO;COMERCIALESPINHO;recurso;ASSOCIAÇÃO DE EMPREGADORES;empregadores;ESPINHO;AVEIRO;Activa;1975-10-01;2020-04-15
5.168.1;ASSOCIAÇÃO COMERCIAL DE ESPINHO E OUTROS CONCELHOS DA REGIÃO NORTE E CENTRO;ACE;ACE;registo;ASSOCIAÇÃO DE EMPREGADORES;empregadores;ESPINHO;AVEIRO;Activa;2021-01-22;2025-11-08
5.160.0;ASSOCIAÇÃO COMERCIAL DE FAFE, CABECEIRAS DE BASTO E CELORICO DE BASTO;COMERCIALFAFE;COMERCIALFAFE;recurso;ASSOCIAÇÃO DE EMPREGADORES;empregadores;CELORICO DE BASTO;BRAGA;Activa;1977-05-26;1981-06-30
5.209.0;ASSOCIAÇÃO COMERCIAL DE FELGUEIRAS;COMERCIALFELGUEIRAS;COMERCIALFELGUEIRAS;recurso;ASSOCIAÇÃO DE EMPREGADORES;empregadores;FELGUEIRAS;PORTO;Activa;1976-09-28;1981-11-14
5.120.0;ASSOCIAÇÃO COMERCIAL DE GOUVEIA, SEIA E FORNOS DE ALGODRES;COMERCIALGOUVEIASEIA;COMERCIALGOUVEIASEIA;recurso;ASSOCIAÇÃO DE EMPREGADORES;empregadores;GOUVEIA;GUARDA;Activa;1976-01-06;2011-02-08
5.159.0;ASSOCIAÇÃO COMERCIAL DE GUIMARÃES;COMERCIALGUIMARAES;COMERCIALGUIMARAES;recurso;ASSOCIAÇÃO DE EMPREGADORES;empregadores;GUIMARÃES;BRAGA;Activa;1977-09-29;1978-02-15
5.359.0;ASSOCIAÇÃO COMERCIAL DE LAGOS;ACL;ACL;registo;ASSOCIAÇÃO DE EMPREGADORES;empregadores;;FARO;Extinta;1983-05-15;2012-02-29
5.181.0;ASSOCIAÇÃO COMERCIAL DE LAMEGO;COMERCIALLAMEGO;COMERCIALLAMEGO;recurso;ASSOCIAÇÃO DE EMPREGADORES;empregadores;LAMEGO;VISEU;Extinta;1977-08-15;1977-09-22
5.155.0;ASSOCIAÇÃO COMERCIAL DE LEIRIA;COMERCIALLEIRIA;COMERCIALLEIRIA;recurso;ASSOCIAÇÃO DE EMPREGADORES;empregadores;;LEIRIA;Activa;1977-09-15;1985-12-30
5.196.0;ASSOCIAÇÃO COMERCIAL DE LOUSADA;COMERCIALLOUSADA;COMERCIALLOUSADA;recurso;ASSOCIAÇÃO DE EMPREGADORES;empregadores;LOUSADA;PORTO;Extinta;1977-02-24;2013-04-29
5.460.0;ASSOCIAÇÃO COMERCIAL DE LOUSADA;COMERCIALLOUSLousada;COMERCIALLOUSADA;recurso+desambiguada;ASSOCIAÇÃO DE EMPREGADORES;empregadores;LOUSADA;PORTO;Extinta;1992-12-30;1992-12-30
5.212.0;ASSOCIAÇÃO COMERCIAL DE MARCO DE CANAVESES;COMERCIALMARCO;COMERCIALMARCO;recurso;ASSOCIAÇÃO DE EMPREGADORES;empregadores;MARCO DE CANAVESES;PORTO;Activa;1976-01-30;1976-01-30
5.226.1;ASSOCIAÇÃO COMERCIAL DE MARINHA GRANDE;ACMG;ACMG;registo;ASSOCIAÇÃO DE EMPREGADORES;empregadores;MARINHA GRANDE;LEIRIA;Activa;1993-10-15;1993-10-15
5.149.1;ASSOCIAÇÃO COMERCIAL DE MODA;COMERCIALMODA;COMERCIALMODA;recurso;ASSOCIAÇÃO DE EMPREGADORES;empregadores;LISBOA;LISBOA;Activa;2002-03-29;2023-12-08
5.87.0;ASSOCIAÇÃO COMERCIAL DE PAÇOS DE FERREIRA;COMERCIALPACOS;COMERCIALPACOS;recurso;ASSOCIAÇÃO DE EMPREGADORES;empregadores;PAÇOS DE FERREIRA;PORTO;Extinta;1977-03-19;2014-04-08
5.170.0;ASSOCIAÇÃO COMERCIAL DE PEDROGÃO GRANDE;COMERCIALPEDROGAO;COMERCIALPEDROGAO;recurso;ASSOCIAÇÃO DE EMPREGADORES;empregadores;PEDRÓGÃO GRANDE;LEIRIA;Extinta;1977-08-22;2014-01-22
5.187.0;ASSOCIAÇÃO COMERCIAL DE PENAFIEL;COMERCIALPENAFIEL;COMERCIALPENAFIEL;recurso;ASSOCIAÇÃO DE EMPREGADORES;empregadores;PENAFIEL;PORTO;Activa;1976-07-23;1976-07-23
5.222.0;ASSOCIAÇÃO COMERCIAL DE POMBAL;COMERCIALPOMBAL;COMERCIALPOMBAL;recurso;ASSOCIAÇÃO DE EMPREGADORES;empregadores;POMBAL;LEIRIA;Activa;1977-09-15;2024-10-29
5.169.0;ASSOCIAÇÃO COMERCIAL DE PONTE DE LIMA;COMERCIALPONTELIMA;COMERCIALPONTELIMA;recurso;ASSOCIAÇÃO DE EMPREGADORES;empregadores;PONTE DE LIMA;VIANA DO CASTELO;Activa;1977-06-15;1977-06-15
5.227.0;ASSOCIAÇÃO COMERCIAL DE PORTALEGRE;COMERCIALPORTALEGRE;COMERCIALPORTALEGRE;recurso;ASSOCIAÇÃO DE EMPREGADORES;empregadores;;PORTALEGRE;Extinta;1977-09-15;1977-11-15
5.227.1;ASSOCIAÇÃO COMERCIAL DE PORTALEGRE;ACP;ACP;registo;ASSOCIAÇÃO DE EMPREGADORES;empregadores;PORTALEGRE;PORTALEGRE;Extinta;2002-01-29;2007-08-08
5.271.0;ASSOCIAÇÃO COMERCIAL DE PORTIMÃO;COMERCIALPORTIMAO;COMERCIALPORTIMAO;recurso;ASSOCIAÇÃO DE EMPREGADORES;empregadores;PORTIMÃO;FARO;Extinta;1977-09-22;2026-04-21
5.182.0;ASSOCIAÇÃO COMERCIAL DE PÓVOA DE VARZIM;COMERCIALPOVOAVARZIM;COMERCIALPOVOAVARZIM;recurso;ASSOCIAÇÃO DE EMPREGADORES;empregadores;PÓVOA DE VARZIM;PORTO;Activa;1975-12-30;1997-06-30
5.481.0;ASSOCIAÇÃO COMERCIAL DE SANTA MARIA DA FEIRA;COMERCIALSANTAMARIA;COMERCIALSANTAMARIA;recurso;ASSOCIAÇÃO DE EMPREGADORES;empregadores;SANTA MARIA DA FEIRA;AVEIRO;Activa;1994-09-15;1998-01-30
5.240.1;ASSOCIAÇÃO COMERCIAL DE SANTARÉM;COMERCIALSANTAREM;COMERCIALSANTAREM;recurso;ASSOCIAÇÃO DE EMPREGADORES;empregadores;SANTARÉM;SANTARÉM;Activa;1977-08-15;1998-03-30
5.305.2;ASSOCIAÇÃO COMERCIAL DE SERVIÇOS E INDUSTRIAL DE ALCOBAÇA;COMERCIALSERAlcobaca;COMERCIALSERVICOS;recurso+desambiguada;ASSOCIAÇÃO DE EMPREGADORES;empregadores;;LEIRIA;Activa;1989-07-30;2011-06-15
5.305.3;ASSOCIAÇÃO COMERCIAL DE SERVIÇOS E INDUSTRIAL DE ALCOBAÇA E DA REGIÃO DE LEIRIA;COMERCIALSERAlcobaca;COMERCIALSERVICOS;recurso+desambiguada;ASSOCIAÇÃO DE EMPREGADORES;empregadores;;LEIRIA;Activa;2011-04-04;2026-07-08
5.341.0;ASSOCIAÇÃO COMERCIAL DE VALENÇA;COMERCIALVALENCA;COMERCIALVALENCA;recurso;ASSOCIAÇÃO DE EMPREGADORES;empregadores;VALENÇA;VIANA DO CASTELO;Activa;1981-10-30;1981-10-30
5.162.0;ASSOCIAÇÃO COMERCIAL DE VIANA DO CASTELO;COMERCIALVIANA;COMERCIALVIANA;recurso;ASSOCIAÇÃO DE EMPREGADORES;empregadores;VIANA DO CASTELO;VIANA DO CASTELO;Activa;1977-09-22;2001-07-29
5.186.0;ASSOCIAÇÃO COMERCIAL DE VILA DO CONDE;COMERCIALVILACONDE;COMERCIALVILACONDE;recurso;ASSOCIAÇÃO DE EMPREGADORES;empregadores;VILA DO CONDE;PORTO;Activa;1976-07-31;1976-07-31
5.163.0;ASSOCIAÇÃO COMERCIAL DE VILA NOVA DE FAMALICÃO;COMERCIALVILANOVVila;COMERCIALVILANOVA;recurso+desambiguada;ASSOCIAÇÃO DE EMPREGADORES;empregadores;VILA NOVA DE FAMALICÃO;BRAGA;Activa;1977-06-08;1984-09-30
5.46.0;ASSOCIAÇÃO COMERCIAL DE VILA NOVA DE GAIA;COMERCIALVILANOVA;COMERCIALVILANOVA;recurso;ASSOCIAÇÃO DE EMPREGADORES;empregadores;VILA NOVA DE GAIA;PORTO;Activa;1975-08-27;1981-03-21
5.70.0;ASSOCIAÇÃO COMERCIAL DO CONCELHO DE CASCAIS;COMERCIALCONCELHO;COMERCIALCONCELHO;recurso;ASSOCIAÇÃO DE EMPREGADORES;empregadores;CASCAIS;LISBOA;Activa;1975-09-10;1982-04-15
5.250.0;ASSOCIAÇÃO COMERCIAL DO CONCELHO DE GONDOMAR;COMERCIALCONGondomar;COMERCIALCONCELHO;recurso+desambiguada;ASSOCIAÇÃO DE EMPREGADORES;empregadores;GONDOMAR;PORTO;Activa;1977-09-15;1997-02-15
5.193.0;ASSOCIAÇÃO COMERCIAL DO CONCELHO DE MATOSINHOS;COMERCIALCMatosinhos;COMERCIALCONCELHO;recurso+desambiguada;ASSOCIAÇÃO DE EMPREGADORES;empregadores;MATOSINHOS;PORTO;Activa;1975-10-01;1975-10-01
5.122.0;ASSOCIAÇÃO COMERCIAL DO CONCELHO DE OEIRAS;COMERCIALCONCEOeiras;COMERCIALCONCELHO;recurso+desambiguada;ASSOCIAÇÃO DE EMPREGADORES;empregadores;OEIRAS;LISBOA;Activa;1976-04-13;1976-06-05
5.200.0;ASSOCIAÇÃO COMERCIAL DO CONCELHO DE OLIVEIRA DE AZEMEIS;COMERCIALCONOliveira;COMERCIALCONCELHO;recurso+desambiguada;ASSOCIAÇÃO DE EMPREGADORES;empregadores;;AVEIRO;Activa;1975-09-24;1975-09-24
5.185.0;ASSOCIAÇÃO COMERCIAL DO CONCELHO DE PAREDES;COMERCIALCONCParedes;COMERCIALCONCELHO;recurso+desambiguada;ASSOCIAÇÃO DE EMPREGADORES;empregadores;PAREDES;PORTO;Extinta;1975-10-14;2011-02-15
5.98.0;ASSOCIAÇÃO COMERCIAL DO CONCELHO DE SANTO TIRSO;COMERCIALCONCELSanto;COMERCIALCONCELHO;recurso+desambiguada;ASSOCIAÇÃO DE EMPREGADORES;empregadores;;PORTO;Activa;1975-10-16;2002-04-29
5.497.0;ASSOCIAÇÃO COMERCIAL DO CONCELHO DE SEIA;COMERCIALCONCELHSeia;COMERCIALCONCELHO;recurso+desambiguada;ASSOCIAÇÃO DE EMPREGADORES;empregadores;SEIA;GUARDA;Activa;1995-07-30;1995-07-30
5.189.0;ASSOCIAÇÃO COMERCIAL DO CONCELHO DE VALONGO;COMERCIALCONCValongo;COMERCIALCONCELHO;recurso+desambiguada;ASSOCIAÇÃO DE EMPREGADORES;empregadores;VALONGO;PORTO;Extinta;1975-12-10;1975-12-10
5.213.0;ASSOCIAÇÃO COMERCIAL DO CONCELHO DO BOMBARRAL;COMERCIALCOBombarral;COMERCIALCONCELHO;recurso+desambiguada;ASSOCIAÇÃO DE EMPREGADORES;empregadores;BOMBARRAL;LEIRIA;Activa;1977-08-08;2023-05-22
5.165.1;ASSOCIAÇÃO COMERCIAL DO DISTRITO DE AVEIRO;COMERCIALDISTRAveiro;COMERCIALDISTRITO;recurso+desambiguada;ASSOCIAÇÃO DE EMPREGADORES;empregadores;AVEIRO;AVEIRO;Activa;2007-04-15;2007-04-15
5.165.2;ASSOCIAÇÃO COMERCIAL DO DISTRITO DE AVEIRO;COMERCIALDISTRAveiro;COMERCIALDISTRITO;recurso+desambiguada;ASSOCIAÇÃO DE EMPREGADORES;empregadores;AVEIRO;AVEIRO;Activa;;
5.165.3;ASSOCIAÇÃO COMERCIAL DO DISTRITO DE AVEIRO;ACA;ACA;registo;ASSOCIAÇÃO DE EMPREGADORES;empregadores;AVEIRO;AVEIRO;Activa;2013-08-08;2019-03-08
5.16.0;ASSOCIAÇÃO COMERCIAL DO DISTRITO DE BEJA;COMERCIALDISTRITO;COMERCIALDISTRITO;recurso;ASSOCIAÇÃO DE EMPREGADORES;empregadores;;BEJA;Activa;1975-08-08;2019-05-15
5.47.0;ASSOCIAÇÃO COMERCIAL DO DISTRITO DE ÉVORA;COMERCIALDISDistrito;COMERCIALDISTRITO;recurso+desambiguada;ASSOCIAÇÃO DE EMPREGADORES;empregadores;ÉVORA;ÉVORA;Activa;1975-10-15;2008-04-22
5.47.1;ASSOCIAÇÃO COMERCIAL DO DISTRITO DE ÉVORA - COMÉRCIO, TURISMO E SERVIÇOS;ACDE;ACDE;registo;ASSOCIAÇÃO DE EMPREGADORES;empregadores;ÉVORA;ÉVORA;Activa;2008-04-29;2018-06-08
5.192.2;ASSOCIAÇÃO COMERCIAL DO DISTRITO DE VISEU;ACDV;ACDV;registo;ASSOCIAÇÃO DE EMPREGADORES;empregadores;VISEU;VISEU;Activa;2002-09-15;2019-02-08
5.131.0;ASSOCIAÇÃO COMERCIAL DOS CONCELHOS DAS CALDAS DA RAINHA E ÓBIDOS;COMERCIALCONCECaldas;COMERCIALCONCELHOS;recurso+desambiguada;ASSOCIAÇÃO DE EMPREGADORES;empregadores;CALDAS DA RAINHA;LEIRIA;Activa;1977-08-22;1998-09-30
5.131.1;ASSOCIAÇÃO COMERCIAL DOS CONCELHOS DAS CALDAS DA RAINHA E ÓBIDOS;ACCCRO;ACCCRO;registo;ASSOCIAÇÃO DE EMPREGADORES;empregadores;CALDAS DA RAINHA;LEIRIA;Activa;1998-04-15;2011-06-15
5.236.0;ASSOCIAÇÃO COMERCIAL DOS CONCELHOS DE ABRANTES, CONSTÂNCIA E SARDOAL;COMERCIALCONAbrantes;COMERCIALCONCELHOS;recurso+desambiguada;ASSOCIAÇÃO DE EMPREGADORES;empregadores;ABRANTES;SANTARÉM;Activa;1977-03-12;1977-06-22
5.173.0;ASSOCIAÇÃO COMERCIAL DOS CONCELHOS DE MONÇÃO E MELGAÇO;COMERCIALCONCEMoncao;COMERCIALCONCELHOS;recurso+desambiguada;ASSOCIAÇÃO DE EMPREGADORES;empregadores;MONÇÃO;VIANA DO CASTELO;Activa;1977-07-08;1977-07-08
5.122.1;ASSOCIAÇÃO COMERCIAL DOS CONCELHOS DE OEIRAS E AMADORA;COMERCIALCONCELHOS;COMERCIALCONCELHOS;recurso;ASSOCIAÇÃO DE EMPREGADORES;empregadores;OEIRAS;LISBOA;Activa;1981-02-07;1988-07-15
5.200.1;ASSOCIAÇÃO COMERCIAL DOS CONCELHOS DE OLIVEIRA DE AZEMÉIS E VALE DE CAMBRA;ACCOAVC;ACCOAVC;registo;ASSOCIAÇÃO DE EMPREGADORES;empregadores;OLIVEIRA DE AZEMÉIS;AVEIRO;Activa;1997-06-15;2025-07-15
5.164.0;ASSOCIAÇÃO COMERCIAL DOS CONCELHOS DE OVAR E S.JOÃO DA MADEIRA;COMERCIALCONCELHOvar;COMERCIALCONCELHOS;recurso+desambiguada;ASSOCIAÇÃO DE EMPREGADORES;empregadores;OVAR;AVEIRO;Extinta;1976-02-07;2021-01-29
5.101.0;ASSOCIAÇÃO COMERCIAL DOS CONCELHOS DO OESTE;ACCO;ACCO;registo;ASSOCIAÇÃO DE EMPREGADORES;empregadores;;LISBOA;Activa;1975-09-03;1975-09-03
5.235.4;ASSOCIAÇÃO COMERCIAL E EMPRESARIAL DA BEIRA BAIXA;ACICB;ACICB;registo;ASSOCIAÇÃO DE EMPREGADORES;empregadores;CASTELO BRANCO;CASTELO BRANCO;Activa;2021-05-19;2025-06-15
5.236.2;ASSOCIAÇÃO COMERCIAL E EMPRESARIAL DE ABRANTES, CONSTANCIA, S.A.RDOAL, MAÇÃO E VILA DE REI;COMERCIALEMPAbrantes;COMERCIALEMPRESARIAL;recurso+desambiguada;ASSOCIAÇÃO DE EMPREGADORES;empregadores;ABRANTES;SANTARÉM;Activa;2011-11-15;2024-02-22
5.236.3;ASSOCIAÇÃO COMERCIAL E EMPRESARIAL DE ABRANTES, CONSTANCIA, S.A.RDOAL, MAÇÃO E VILA DE REI;ACEAbrantes;ACE;registo+desambiguada;ASSOCIAÇÃO DE EMPREGADORES;empregadores;ABRANTES;SANTARÉM;Activa;2024-10-15;2024-10-15
5.240.2;ASSOCIAÇÃO COMERCIAL E EMPRESARIAL DE SANTARÉM;COMERCIALEMPSantarem;COMERCIALEMPRESARIAL;recurso+desambiguada;ASSOCIAÇÃO DE EMPREGADORES;empregadores;SANTARÉM;SANTARÉM;Activa;2001-12-15;2013-04-22
5.165.4;ASSOCIAÇÃO COMERCIAL E EMPRESARIAL DO DISTRITO DE AVEIRO;ACA;ACA;registo;ASSOCIAÇÃO DE EMPREGADORES;empregadores;AVEIRO;AVEIRO;Activa;2022-10-15;2023-01-22
5.122.2;ASSOCIAÇÃO COMERCIAL E EMPRESARIAL DOS CONCELHOS DE OEIRAS E AMADORA;COMERCIALEMPRESARIAL;COMERCIALEMPRESARIAL;recurso;ASSOCIAÇÃO DE EMPREGADORES;empregadores;OEIRAS;LISBOA;Activa;2001-05-22;2009-04-08
5.122.3;ASSOCIAÇÃO COMERCIAL E EMPRESARIAL DOS CONCELHOS DE OEIRAS E AMADORA;AECOA;AECOA;registo;ASSOCIAÇÃO DE EMPREGADORES;empregadores;OEIRAS;LISBOA;Activa;2011-04-08;2021-01-15
5.240.3;ASSOCIAÇÃO COMERCIAL E EMPRESARIAL E SERVIÇOS DOS CONCELHOS DE SANTARÉM, ALMEIRIM, ALPIARÇA, BENAVENTE, CARTAXO E CHAMUSCA;ACES;ACES;registo;ASSOCIAÇÃO DE EMPREGADORES;empregadores;SANTARÉM;SANTARÉM;Activa;2013-12-29;2025-08-15
5.235.1;ASSOCIAÇÃO COMERCIAL E INDUST. DOS CONCELHOS DE CASTELO BRANCO, VILA VELHA DE RODÃO E IDANHA-A NOVA;ANOVA;ANOVA;derivada;ASSOCIAÇÃO DE EMPREGADORES;empregadores;CASTELO BRANCO;CASTELO BRANCO;Activa;1979-05-08;1979-05-08
5.305.1;ASSOCIAÇÃO COMERCIAL E INDUST.DE ALCOBAÇA;COMERCIALINDUST;COMERCIALINDUST;recurso;ASSOCIAÇÃO DE EMPREGADORES;empregadores;ALCOBAÇA;LEIRIA;Activa;1989-03-30;1989-03-30
5.243.1;ASSOCIAÇÃO COMERCIAL E INDÚSTRIA ESERVIÇOS DE CHAVES;ACISC;ACISC;registo;ASSOCIAÇÃO DE EMPREGADORES;empregadores;;VILA REAL;Activa;1990-05-15;1990-12-15
5.561.0;ASSOCIAÇÃO COMERCIAL E INDUSTRIAL DA BAIRRADA;ACIB;ACIB;registo;ASSOCIAÇÃO DE EMPREGADORES;empregadores;OLIVEIRA DO BAIRRO;;Activa;2005-01-22;2025-08-15
5.188.0;ASSOCIAÇÃO COMERCIAL E INDUSTRIAL DA FIGUEIRA DA FOZ;ACIFF;ACIFF;registo;ASSOCIAÇÃO DE EMPREGADORES;empregadores;FIGUEIRA DA FOZ;COIMBRA;Activa;1977-08-22;2020-02-08
5.188.1;ASSOCIAÇÃO COMERCIAL E INDUSTRIAL DA FIGUEIRA DA FOZ - ASSOCIAÇÃO EMPRESARIAL REGIONAL;ACIFF;ACIFF;registo;ASSOCIAÇÃO DE EMPREGADORES;empregadores;FIGUEIRA DA FOZ;COIMBRA;Activa;2019-11-29;2024-12-08
5.226.2;ASSOCIAÇÃO COMERCIAL E INDUSTRIAL DA MARINHA GRANDE;ACIMG;ACIMG;registo;ASSOCIAÇÃO DE EMPREGADORES;empregadores;MARINHA GRANDE;LEIRIA;Activa;1996-07-30;2024-03-08
5.479.0;ASSOCIAÇÃO COMERCIAL E INDUSTRIAL DE ALIJÓ;COMERCIALINDUSTAlijo;COMERCIALINDUSTRIAL;recurso+desambiguada;ASSOCIAÇÃO DE EMPREGADORES;empregadores;ALIJÓ;VILA REAL;Extinta;1994-09-19;2011-11-22
5.166.1;ASSOCIAÇÃO COMERCIAL E INDUSTRIAL DE ARCOS DE VALDEVEZ;COMERCIALINDUSTArcos;COMERCIALINDUSTRIAL;recurso+desambiguada;ASSOCIAÇÃO DE EMPREGADORES;empregadores;ARCOS DE VALDEVEZ;VIANA DO CASTELO;Activa;1997-01-15;1997-01-15
5.166.2;ASSOCIAÇÃO COMERCIAL E INDUSTRIAL DE ARCOS DE VALDEVEZ E PONTE DA BARCA;ACIAB;ACIAB;registo;ASSOCIAÇÃO DE EMPREGADORES;empregadores;ARCOS DE VALDEVEZ;VIANA DO CASTELO;Activa;1997-01-15;2026-01-22
5.357.0;ASSOCIAÇÃO COMERCIAL E INDUSTRIAL DE BAIÃO;COMERCIALINDUSTBaiao;COMERCIALINDUSTRIAL;recurso+desambiguada;ASSOCIAÇÃO DE EMPREGADORES;empregadores;BAIÃO;PORTO;Activa;1982-12-15;1982-12-15
5.174.1;ASSOCIAÇÃO COMERCIAL E INDUSTRIAL DE BARCELOS;COMERCIALINDBarcelos;COMERCIALINDUSTRIAL;recurso+desambiguada;ASSOCIAÇÃO DE EMPREGADORES;empregadores;BARCELOS;BRAGA;Activa;1990-05-15;2012-08-22
5.537.0;ASSOCIAÇÃO COMERCIAL E INDUSTRIAL DE CASTELO DE PAIVA;ACICP;ACICP;registo;ASSOCIAÇÃO DE EMPREGADORES;empregadores;;AVEIRO;Activa;2001-01-08;2023-02-28
5.488.0;ASSOCIAÇÃO COMERCIAL E INDUSTRIAL DE CERVEIRA E COURA;ACICC;ACICC;registo;ASSOCIAÇÃO DE EMPREGADORES;empregadores;VILA NOVA DE CERVEIRA;VIANA DO CASTELO;Extinta;1994-10-30;2011-10-15
5.66.0;ASSOCIAÇÃO COMERCIAL E INDUSTRIAL DE COIMBRA;ACIC;ACIC;registo;ASSOCIAÇÃO DE EMPREGADORES;empregadores;COIMBRA;COIMBRA;Extinta;1975-11-24;2019-03-29
5.159.1;ASSOCIAÇÃO COMERCIAL E INDUSTRIAL DE GUIMARÃES;COMERCIALINGuimaraes;COMERCIALINDUSTRIAL;recurso+desambiguada;ASSOCIAÇÃO DE EMPREGADORES;empregadores;GUIMARÃES;BRAGA;Activa;1982-10-30;2014-11-29
5.155.1;ASSOCIAÇÃO COMERCIAL E INDUSTRIAL DE LEIRIA, BATALHA E PORTO DE MOS;ACIL;ACIL;registo;ASSOCIAÇÃO DE EMPREGADORES;empregadores;;LEIRIA;Activa;1991-04-30;1991-04-30
5.155.2;ASSOCIAÇÃO COMERCIAL E INDUSTRIAL DE LEIRIA, BATALHA E PORTO DE MOS;ACILIS;ACILIS;registo;ASSOCIAÇÃO DE EMPREGADORES;empregadores;;LEIRIA;Activa;2000-02-15;2017-06-08
5.249.0;ASSOCIAÇÃO COMERCIAL E INDUSTRIAL DE MIRANDELA;COMERCIALINMirandela;COMERCIALINDUSTRIAL;recurso+desambiguada;ASSOCIAÇÃO DE EMPREGADORES;empregadores;MIRANDELA;BRAGANÇA;Activa;1977-09-29;2025-02-08
5.246.0;ASSOCIAÇÃO COMERCIAL E INDUSTRIAL DE MONCORVO;ACIM;ACIM;registo;ASSOCIAÇÃO DE EMPREGADORES;empregadores;TORRE DE MONCORVO;BRAGANÇA;Activa;2000-06-08;2003-08-22
5.506.1;ASSOCIAÇÃO COMERCIAL E INDUSTRIAL DE PONTE DE SOR;ACIPS;ACIPS;registo;ASSOCIAÇÃO DE EMPREGADORES;empregadores;PONTE DE SOR;PORTALEGRE;Activa;2017-01-26;2026-09-15
5.570.0;ASSOCIAÇÃO COMERCIAL E INDUSTRIAL DE SERNANCELHE;COMERCIALSernancelhe;COMERCIALINDUSTRIAL;recurso+desambiguada;ASSOCIAÇÃO DE EMPREGADORES;empregadores;SERNANCELHE;VISEU;Activa;2005-09-15;2010-04-29
5.341.1;ASSOCIAÇÃO COMERCIAL E INDUSTRIAL DE VALENÇA;COMERCIALINDUValenca;COMERCIALINDUSTRIAL;recurso+desambiguada;ASSOCIAÇÃO DE EMPREGADORES;empregadores;VALENÇA;VIANA DO CASTELO;Activa;1998-11-15;1998-11-15
5.186.1;ASSOCIAÇÃO COMERCIAL E INDUSTRIAL DE VILA DO CONDE;COMERCIALINDUSTRVila;COMERCIALINDUSTRIAL;recurso+desambiguada;ASSOCIAÇÃO DE EMPREGADORES;empregadores;VILA DO CONDE;PORTO;Activa;1983-05-15;2025-07-15
5.163.1;ASSOCIAÇÃO COMERCIAL E INDUSTRIAL DE VILA NOVA DE FAMALICÃO (ACIF);ACIF;ACIF;registo;ASSOCIAÇÃO DE EMPREGADORES;empregadores;VILA NOVA DE FAMALICÃO;BRAGA;Activa;1996-07-15;2025-05-22
5.475.0;ASSOCIAÇÃO COMERCIAL E INDUSTRIAL DE VILA POUCA DE AGUIAR;COMERCIAVilapoucadea;COMERCIALINDUSTRIAL;recurso+desambiguada;ASSOCIAÇÃO DE EMPREGADORES;empregadores;VILA POUCA DE AGUIAR;VILA REAL;Extinta;1994-05-30;2012-03-22
5.245.0;ASSOCIAÇÃO COMERCIAL E INDUSTRIAL DE VILA REAL;COMERCIALINDVilareal;COMERCIALINDUSTRIAL;recurso+desambiguada;ASSOCIAÇÃO DE EMPREGADORES;empregadores;VILA REAL;VILA REAL;Activa;1977-03-03;2012-03-29
5.482.0;ASSOCIAÇÃO COMERCIAL E INDUSTRIAL DE VIZELA;COMERCIALINDUSVizela;COMERCIALINDUSTRIAL;recurso+desambiguada;ASSOCIAÇÃO DE EMPREGADORES;empregadores;VIZELA;BRAGA;Activa;1994-09-30;2025-04-29
5.265.0;ASSOCIAÇÃO COMERCIAL E INDUSTRIAL DO ALTO LIMA;ACIAL;ACIAL;registo;ASSOCIAÇÃO DE EMPREGADORES;empregadores;PONTE DA BARCA;VIANA DO CASTELO;Extinta;1999-10-29;2012-10-22
5.26.2;ASSOCIAÇÃO COMERCIAL E INDUSTRIAL DO CONCELHO DE ALENQUER;ACICA;ACICA;registo;ASSOCIAÇÃO DE EMPREGADORES;empregadores;ALENQUER;LISBOA;Activa;2002-01-29;2022-11-17
5.250.1;ASSOCIAÇÃO COMERCIAL E INDUSTRIAL DO CONCELHO DE GONDOMAR;COMERCIALINDGondomar;COMERCIALINDUSTRIAL;recurso+desambiguada;ASSOCIAÇÃO DE EMPREGADORES;empregadores;GONDOMAR;PORTO;Activa;1981-08-15;2023-03-22
5.185.1;ASSOCIAÇÃO COMERCIAL E INDUSTRIAL DO CONCELHO DE PAREDES;COMERCIALINDUParedes;COMERCIALINDUSTRIAL;recurso+desambiguada;ASSOCIAÇÃO DE EMPREGADORES;empregadores;PAREDES;PORTO;Extinta;1981-02-14;2007-05-29
5.506.0;ASSOCIAÇÃO COMERCIAL E INDUSTRIAL DO CONCELHO DE PONTE DE SOR;ACIPS;ACIPS;registo;ASSOCIAÇÃO DE EMPREGADORES;empregadores;;PORTALEGRE;Activa;1997-01-15;2008-10-22
5.98.2;ASSOCIAÇÃO COMERCIAL E INDUSTRIAL DO CONCELHO DE SANTO TIRSO;COMERCIALINDUSTSanto;COMERCIALINDUSTRIAL;recurso+desambiguada;ASSOCIAÇÃO DE EMPREGADORES;empregadores;;PORTO;Activa;2013-12-29;2024-06-08
5.497.1;ASSOCIAÇÃO COMERCIAL E INDUSTRIAL DO CONCELHO DE SEIA;COMERCIALINDUSTRSeia;COMERCIALINDUSTRIAL;recurso+desambiguada;ASSOCIAÇÃO DE EMPREGADORES;empregadores;SEIA;GUARDA;Activa;1997-05-15;1997-05-15
5.90.1;ASSOCIAÇÃO COMERCIAL E INDUSTRIAL DO CONCELHO DE SINTRA;ACISINTRA;ACISINTRA;registo;ASSOCIAÇÃO DE EMPREGADORES;empregadores;SINTRA;LISBOA;Activa;1999-11-09;2000-05-29
5.494.0;ASSOCIAÇÃO COMERCIAL E INDUSTRIAL DO CONCELHO DE TRANCOSO;COMERCIALINDTrancoso;COMERCIALINDUSTRIAL;recurso+desambiguada;ASSOCIAÇÃO DE EMPREGADORES;empregadores;TRANCOSO;GUARDA;Activa;1995-06-15;1995-06-15
5.189.1;ASSOCIAÇÃO COMERCIAL E INDUSTRIAL DO CONCELHO DE VALONGO;COMERCIALINDUValongo;COMERCIALINDUSTRIAL;recurso+desambiguada;ASSOCIAÇÃO DE EMPREGADORES;empregadores;VALONGO;PORTO;Extinta;1990-02-28;2016-06-08
5.225.1;ASSOCIAÇÃO COMERCIAL E INDUSTRIAL DO CONCELHO DO FUNDÃO;ACICF;ACICF;registo;ASSOCIAÇÃO DE EMPREGADORES;empregadores;FUNDÃO;CASTELO BRANCO;Activa;1998-07-30;2019-02-08
5.228.0;ASSOCIAÇÃO COMERCIAL E INDUSTRIAL DOS CONCELHOS DA COVILHÃ, BELMONTE E PENAMACOR;COMERCIALINDUCovilha;COMERCIALINDUSTRIAL;recurso+desambiguada;ASSOCIAÇÃO DE EMPREGADORES;empregadores;COVILHÃ;CASTELO BRANCO;Activa;1977-09-22;1998-11-30
5.173.1;ASSOCIAÇÃO COMERCIAL E INDUSTRIAL DOS CONCELHOS DE MONÇÃO E MELGAÇO;COMERCIALINDUSMoncao;COMERCIALINDUSTRIAL;recurso+desambiguada;ASSOCIAÇÃO DE EMPREGADORES;empregadores;MONÇÃO;VIANA DO CASTELO;Activa;1993-07-15;2023-03-22
5.247.0;ASSOCIAÇÃO COMERCIAL E INDUSTRIAL DOS CONCELHOS DE PESO DA RÉGUA,SANTA MARTA DE PENAGUIÃO E MESÃO FRIO;COMERCIALINDUSTRPeso;COMERCIALINDUSTRIAL;recurso+desambiguada;ASSOCIAÇÃO DE EMPREGADORES;empregadores;PESO DA RÉGUA;VILA REAL;Activa;1977-09-29;2025-02-28
5.494.1;ASSOCIAÇÃO COMERCIAL E INDUSTRIAL DOS CONCELHOS DE TRANCOSO, AGUIAR DA BEIRA E MEDA;COMERCIALINDTrancoso;COMERCIALINDUSTRIAL;recurso+desambiguada;ASSOCIAÇÃO DE EMPREGADORES;empregadores;TRANCOSO;GUARDA;Activa;2004-07-08;2004-07-08
5.214.1;ASSOCIAÇÃO COMERCIAL E INDUSTRIAL DOS MUNICÍPIOS DE TOMAR, FERREIRA DO ZÊZERE E VILA NOVA DA BARQUINHA;ACITOFEBA;ACITOFEBA;registo;ASSOCIAÇÃO DE EMPREGADORES;empregadores;TOMAR;SANTARÉM;Activa;2009-06-26;2024-02-15
5.427.1;ASSOCIAÇÃO COMERCIAL E INDUSTRIAL E DE SERVIÇOS DE MACEDO DE CAVALEIROS;ACISMC;ACISMC;registo;ASSOCIAÇÃO DE EMPREGADORES;empregadores;MACEDO DE CAVALEIROS;BRAGANÇA;Activa;2017-06-12;2026-02-28
5.101.1;ASSOCIAÇÃO COMERCIAL E INDÚSTRIAS DA REGIÃO OESTE;ACIRO;ACIRO;registo;ASSOCIAÇÃO DE EMPREGADORES;empregadores;;LISBOA;Activa;1994-03-15;2009-02-15
5.194.1;ASSOCIAÇÃO COMERCIAL E INDÚSTRIAS DE AMARANTE;COMERCIALINDAmarante;COMERCIALINDUSTRIAS;recurso+desambiguada;ASSOCIAÇÃO DE EMPREGADORES;empregadores;AMARANTE;PORTO;Activa;1990-06-15;1997-03-15
5.160.1;ASSOCIAÇÃO COMERCIAL E INDÚSTRIAS DE FAFE, CABECEIRAS DE BASTO E CELORICO DE BASTO;COMERCIACeloricodeba;COMERCIALINDUSTRIAS;recurso+desambiguada;ASSOCIAÇÃO DE EMPREGADORES;empregadores;CELORICO DE BASTO;BRAGA;Activa;1990-07-16;2001-12-08
5.209.1;ASSOCIAÇÃO COMERCIAL E INDÚSTRIAS DE FELGUEIRAS;COMERCIALIFelgueiras;COMERCIALINDUSTRIAS;recurso+desambiguada;ASSOCIAÇÃO DE EMPREGADORES;empregadores;FELGUEIRAS;PORTO;Activa;1983-06-30;1987-12-30
5.181.1;ASSOCIAÇÃO COMERCIAL E INDÚSTRIAS DE LAMEGO E VALE DO DOURO SUL;COMERCIALINDUSLamego;COMERCIALINDUSTRIAS;recurso+desambiguada;ASSOCIAÇÃO DE EMPREGADORES;empregadores;LAMEGO;VISEU;Extinta;1994-08-30;1998-03-30
5.181.2;ASSOCIAÇÃO COMERCIAL E INDÚSTRIAS DE LAMEGO E VALE DO DOURO SUL;COMERCIALINDUSLamego;COMERCIALINDUSTRIAS;recurso+desambiguada;ASSOCIAÇÃO DE EMPREGADORES;empregadores;LAMEGO;VISEU;Extinta;;
5.212.1;ASSOCIAÇÃO COMERCIAL E INDÚSTRIAS DE MARCO DE CANAVESES;COMERCIAMarcodecanav;COMERCIALINDUSTRIAS;recurso+desambiguada;ASSOCIAÇÃO DE EMPREGADORES;empregadores;MARCO DE CANAVESES;PORTO;Activa;1982-06-15;2002-04-08
5.317.1;ASSOCIAÇÃO COMERCIAL E INDÚSTRIAS DE RIO MAIOR;COMERCIALINDRiomaior;COMERCIALINDUSTRIAS;recurso+desambiguada;ASSOCIAÇÃO DE EMPREGADORES;empregadores;RIO MAIOR;SANTARÉM;Activa;1988-12-30;1988-12-30
5.46.1;ASSOCIAÇÃO COMERCIAL E INDÚSTRIAS DE VILA NOVA DE GAIA;COMERCIALIIndustrias;COMERCIALINDUSTRIAS;recurso+desambiguada;ASSOCIAÇÃO DE EMPREGADORES;empregadores;VILA NOVA DE GAIA;PORTO;Activa;1984-01-30;2017-01-22
5.197.1;ASSOCIAÇÃO COMERCIAL E INDÚSTRIAS DO CONCELHO DA MAIA;COMERCIALINDUSTRMaia;COMERCIALINDUSTRIAS;recurso+desambiguada;ASSOCIAÇÃO DE EMPREGADORES;empregadores;MAIA;PORTO;Activa;1981-03-28;1987-11-30
5.26.1;ASSOCIAÇÃO COMERCIAL E INDÚSTRIAS DO CONCELHO DE ALENQUER;COMERCIALINDUSTRIAS;COMERCIALINDUSTRIAS;recurso;ASSOCIAÇÃO DE EMPREGADORES;empregadores;ALENQUER;LISBOA;Activa;1984-07-30;2007-07-07
5.187.1;ASSOCIAÇÃO COMERCIAL E INDÚSTRIAS DO CONCELHO DE PENAFIEL;COMERCIALINDPenafiel;COMERCIALINDUSTRIAS;recurso+desambiguada;ASSOCIAÇÃO DE EMPREGADORES;empregadores;PENAFIEL;PORTO;Activa;1982-12-15;1982-12-15
5.98.1;ASSOCIAÇÃO COMERCIAL E INDÚSTRIAS DO CONCELHO DE SANTO TIRSO;COMERCIAIndustriasSa;COMERCIALINDUSTRIAS;recurso+desambiguada;ASSOCIAÇÃO DE EMPREGADORES;empregadores;;PORTO;Activa;1989-05-15;2013-06-15
5.235.0;ASSOCIAÇÃO COMERCIAL E INDÚSTRIAS DOS CONCELHOS DE CASTELO BRANCO E VILA VELHA DE RODÃO;COMERCIACastelobranc;COMERCIALINDUSTRIAS;recurso+desambiguada;ASSOCIAÇÃO DE EMPREGADORES;empregadores;CASTELO BRANCO;CASTELO BRANCO;Activa;1976-02-25;1976-02-25
5.93.0;ASSOCIAÇÃO COMERCIAL E INDÚSTRIAS DOS CONCELHOS DE SERTÃ, PROENÇA-A-NOVA,VILA DE REI E OLEIROS;COMERCIALINDUSTSerta;COMERCIALINDUSTRIAS;recurso+desambiguada;ASSOCIAÇÃO DE EMPREGADORES;empregadores;SERTÃ;CASTELO BRANCO;Activa;1977-09-08;2015-09-08
5.236.1;ASSOCIAÇÃO COMERCIAL E SERVIÇOS DOS CONCELHOS DE ABRANTES, CONSTANCIA SARDOAL E MAÇÃO;COMERCIALSERVICOS;COMERCIALSERVICOS;recurso;ASSOCIAÇÃO DE EMPREGADORES;empregadores;ABRANTES;SANTARÉM;Activa;1995-11-15;2011-07-08
5.427.0;ASSOCIAÇÃO COMERCIAL INDUSTRIAL DE MACEDO DE CAVALEIROS;COMERCIALINDUSMacedo;COMERCIALINDUSTRIAL;recurso+desambiguada;ASSOCIAÇÃO DE EMPREGADORES;empregadores;MACEDO DE CAVALEIROS;BRAGANÇA;Activa;1989-06-15;2017-02-22
5.245.1;ASSOCIAÇÃO COMERCIAL INDUSTRIAL E SERVIÇOS DE VILA REAL;ACISVR;ACISVR;registo;ASSOCIAÇÃO DE EMPREGADORES;empregadores;VILA REAL;VILA REAL;Activa;2016-11-08;2023-05-15
5.504.0;ASSOCIAÇÃO COMERCIAL, INDUSTRIAL E DE SERVIÇOS DA NAZARÉ;COMERCIALINDUSNazare;COMERCIALINDUSTRIAL;recurso+desambiguada;ASSOCIAÇÃO DE EMPREGADORES;empregadores;NAZARÉ;LEIRIA;Activa;1996-07-30;2023-03-15
5.75.0;ASSOCIAÇÃO COMERCIAL, INDUSTRIAL E DE SERVIÇOS DE BRAGANÇA;COMERCIALINDBraganca;COMERCIALINDUSTRIAL;recurso+desambiguada;ASSOCIAÇÃO DE EMPREGADORES;empregadores;BRAGANÇA;BRAGANÇA;Activa;1975-09-11;1976-04-03
5.46.2;ASSOCIAÇÃO COMERCIAL, INDUSTRIAL E DE SERVIÇOS DE VILA NOVA DE GAIA;COMERCIALINDUSTRIAL;COMERCIALINDUSTRIAL;recurso;ASSOCIAÇÃO DE EMPREGADORES;empregadores;VILA NOVA DE GAIA;PORTO;Activa;2017-08-15;2023-05-22
5.233.2;ASSOCIAÇÃO COMERCIAL, INDUSTRIAL E DE SERVIÇOS DOS CONCELHOS DE TORRES NOVAS, ENTRONCAMENTO, ALCANENA E GOLEGÃ;ACIS;ACIS;registo;ASSOCIAÇÃO DE EMPREGADORES;empregadores;TORRES NOVAS;SANTARÉM;Extinta;1991-11-30;2009-07-22
5.101.2;ASSOCIAÇÃO COMERCIAL, INDUSTRIAL E SERVIÇOS DA REGIÃO OESTE;ACIRO;ACIRO;registo;ASSOCIAÇÃO DE EMPREGADORES;empregadores;TORRES VEDRAS;LISBOA;Activa;2010-01-08;2026-05-29
5.174.2;ASSOCIAÇÃO COMERCIAL, INDUSTRIAL E SERVIÇOS DE BARCELOS E DO VALE DO CAVADO;ACIBARCELOS;ACIBARCELOS;registo;ASSOCIAÇÃO DE EMPREGADORES;empregadores;BARCELOS;BRAGA;Activa;2015-04-15;2019-12-22
5.75.1;ASSOCIAÇÃO COMERCIAL, INDUSTRIAL E SERVIÇOS DE BRAGANÇA;ACISB;ACISB;registo;ASSOCIAÇÃO DE EMPREGADORES;empregadores;BRAGANÇA;BRAGANÇA;Activa;2001-11-08;2023-04-29
5.235.2;ASSOCIAÇÃO COMERCIAL, INDUSTRIAL E SERVIÇOS DE CASTELO BRANCO, IDANHA-A-NOVA E VILA VELHA DE RODÃO;COMERCIALINDUCastelo;COMERCIALINDUSTRIAL;recurso+desambiguada;ASSOCIAÇÃO DE EMPREGADORES;empregadores;CASTELO BRANCO;CASTELO BRANCO;Activa;1996-09-30;2014-02-28
5.563.0;ASSOCIAÇÃO COMERCIAL, INDUSTRIAL E SERVIÇOS DO CONCELHO DE RESENDE;COMERCIALINDUResende;COMERCIALINDUSTRIAL;recurso+desambiguada;ASSOCIAÇÃO DE EMPREGADORES;empregadores;RESENDE;VISEU;Activa;2005-01-08;2024-01-22
5.227.2;ASSOCIAÇÃO COMERCIAL, INDUSTRIAL E SERVIÇOS DO DISTRITO DE PORTALEGRE;ACISDP;ACISDP;registo;ASSOCIAÇÃO DE EMPREGADORES;empregadores;PORTALEGRE;PORTALEGRE;Extinta;2008-12-08;2019-06-08
5.244.0;ASSOCIAÇÃO COMERCIANTES DO CONCELHO DO SEIXAL;COMERCIANTESCSetubal;COMERCIANTESCONCELHO;recurso+desambiguada;ASSOCIAÇÃO DE EMPREGADORES;empregadores;SETÚBAL;SETÚBAL;Extinta;1978-05-15;1979-07-08
5.182.1;ASSOCIAÇÃO COMÉRCIO E INDÚSTRIAS DA PÓVOA DE VARZIM;COMERCIOINDUSTRIAS;COMERCIOINDUSTRIAS;recurso;ASSOCIAÇÃO DE EMPREGADORES;empregadores;PÓVOA DE VARZIM;PORTO;Activa;1997-08-15;2009-07-22
5.345.1;ASSOCIAÇÃO DA HOTELARIA DE PORTUGAL (AHP);AHP;AHP;registo;ASSOCIAÇÃO DE EMPREGADORES;empregadores;LISBOA;LISBOA;Activa;2007-06-29;2025-07-08
5.590.0;ASSOCIAÇÃO DA HOTELARIA REGIONAL DO DISTRITO DE AVEIRO;AHRDA;AHRDA;registo;ASSOCIAÇÃO DE EMPREGADORES;empregadores;AVEIRO;AVEIRO;Extinta;2007-01-17;2024-11-15
5.508.1;ASSOCIAÇÃO DA HOTELARIA, RESTAURAÇÃO E SIMILARES DE PORTUGAL (AHRESP);AHRESP;AHRESP;registo;ASSOCIAÇÃO DE EMPREGADORES;empregadores;LISBOA;LISBOA;Activa;2009-02-22;2026-07-22
5.201.0;ASSOCIAÇÃO DA IMPRENSA DIÁRIA;IMPRENSADIARIA;IMPRENSADIARIA;recurso;ASSOCIAÇÃO DE EMPREGADORES;empregadores;LISBOA;LISBOA;Activa;1975-09-18;2020-09-15
5.201.1;ASSOCIAÇÃO DA IMPRENSA DIÁRIA E NÃO DIÁRIA DE PORTUGAL;AID;AID;registo;ASSOCIAÇÃO DE EMPREGADORES;empregadores;LISBOA;LISBOA;Activa;2021-08-29;2021-08-29
5.139.0;ASSOCIAÇÃO DA IMPRENSA NÃO DIÁRIA;IMPRENSANAODIARIA;IMPRENSANAODIARIA;recurso;ASSOCIAÇÃO DE EMPREGADORES;empregadores;LISBOA;LISBOA;Activa;1977-07-08;1987-02-28
5.241.1;ASSOCIAÇÃO DA INDÚSTRIA ALIMENTAR PELO FRIO;ALIF;ALIF;registo;ASSOCIAÇÃO DE EMPREGADORES;empregadores;;LISBOA;Activa;2000-10-08;2019-06-08
5.453.0;ASSOCIAÇÃO DA INDÚSTRIA CERVEJEIRA PORTUGUESA;AICP;AICP;registo;ASSOCIAÇÃO DE EMPREGADORES;empregadores;;LISBOA;Activa;1991-12-15;2011-03-15
5.379.0;ASSOCIAÇÃO DA INDÚSTRIA DE CERÂMICA DA REGIÃO DE AVEIRO;CIBAVE;CIBAVE;registo;ASSOCIAÇÃO DE EMPREGADORES;empregadores;;AVEIRO;Extinta;1985-03-15;2012-07-08
5.478.0;ASSOCIAÇÃO DA INDÚSTRIA DE ROCHAS DO NORDESTE;INDUSTRIAROCHAS;INDUSTRIAROCHAS;recurso;ASSOCIAÇÃO DE EMPREGADORES;empregadores;VILA POUCA DE AGUIAR;VILA REAL;Extinta;1994-08-30;2012-05-08
5.154.1;ASSOCIAÇÃO DA INDÚSTRIA E COMÉRCIO DE COLAS E SIMILARES;AICCS;AICCS;registo;ASSOCIAÇÃO DE EMPREGADORES;empregadores;LISBOA;LISBOA;Activa;1993-08-30;2009-06-08
5.486.0;ASSOCIAÇÃO DA INDÚSTRIA E COMÉRCIO DE MORTÁGUA;AICM;AICM;registo;ASSOCIAÇÃO DE EMPREGADORES;empregadores;MORTÁGUA;VISEU;Extinta;1994-09-30;2012-07-08
5.241.2;ASSOCIAÇÃO DA INDÚSTRIA PELO FRIO E COMERCIO DE PRODUTOS ALIMENTARES;ALIF;ALIF;registo;ASSOCIAÇÃO DE EMPREGADORES;empregadores;LISBOA;LISBOA;Activa;2021-02-26;2021-04-08
5.142.0;ASSOCIAÇÃO DA INDÚSTRIA VIDREIRA;INDUSTRIAVIIndustria;INDUSTRIAVIDREIRA;recurso+desambiguada;ASSOCIAÇÃO DE EMPREGADORES;empregadores;LISBOA;LISBOA;Extinta;1975-09-22;2000-02-08
5.508.0;ASSOCIAÇÃO DA RESTAURAÇÃO E SIMILARES DE PORTUGAL;ARESPRestauracao;ARESP;registo+desambiguada;ASSOCIAÇÃO DE EMPREGADORES;empregadores;LISBOA;LISBOA;Activa;1996-11-15;2006-10-15
5.358.0;ASSOCIAÇÃO DAS ADEGAS DE COOPERATIVAS DO CENTRO E SUL DE PORTUGAL;ASCOOP;ASCOOP;registo;ASSOCIAÇÃO DE EMPREGADORES;empregadores;LISBOA;LISBOA;Extinta;1983-01-30;2012-05-22
5.112.2;ASSOCIAÇÃO DAS CASAS DE PASTO E DE VINHOS DE PORTUGAL;ACPVP;ACPVP;registo;ASSOCIAÇÃO DE EMPREGADORES;empregadores;LISBOA;LISBOA;Extinta;1990-08-30;1997-01-30
5.112.1;ASSOCIAÇÃO DAS CASAS DE PASTO E DE VINHOS DO CENTRO/SUL DE PORTUGAL;CASASPASTOVINHOS;CASASPASTOVINHOS;recurso;ASSOCIAÇÃO DE EMPREGADORES;empregadores;LISBOA;LISBOA;Extinta;1983-07-15;1983-07-15
5.112.0;ASSOCIAÇÃO DAS CASAS DE PASTO E DE VINHOS DO DISTRITO DE LISBOA;CASASPASTOVINHOS;CASASPASTOVINHOS;recurso;ASSOCIAÇÃO DE EMPREGADORES;empregadores;LISBOA;LISBOA;Extinta;1975-12-26;1975-12-26
5.208.0;ASSOCIAÇÃO DAS CASAS DE PASTO E DE VINHOS DOS CONCELHOS DO PORTO, MATOSINHOS, MAIA, VALONGO, GONDOMAR E VILA NOVA DE GAIA;CASASPASTOVINHOCasas;CASASPASTOVINHOS;recurso+desambiguada;ASSOCIAÇÃO DE EMPREGADORES;empregadores;PORTO;PORTO;Extinta;1979-10-08;1997-08-15
5.546.1;ASSOCIAÇÃO DAS COMPANHIAS AÉREAS EM PORTUGAL;RENA;RENA;registo;ASSOCIAÇÃO DE EMPREGADORES;empregadores;LISBOA;LISBOA;Activa;2017-09-29;2026-09-08
5.206.0;ASSOCIAÇÃO DAS CONFEITARIAS,PASTELARIAS E LEITARIAS DO NORTE;CONFEITARIAS;CONFEITARIAS;recurso;ASSOCIAÇÃO DE EMPREGADORES;empregadores;PORTO;PORTO;Extinta;1976-03-04;1980-01-08
5.552.0;ASSOCIAÇÃO DAS EMPRESAS DE DRAGAGENS DO NORTE;ADRAG;ADRAG;registo;ASSOCIAÇÃO DE EMPREGADORES;empregadores;MARCO DE CANAVESES;PORTO;Extinta;2003-07-29;2024-01-29
5.339.1;ASSOCIAÇÃO DAS EMPRESAS DE ESTIVA DO PORTO DE AVEIRO;EMPRESASESTIVAPORTO;EMPRESASESTIVAPORTO;recurso;ASSOCIAÇÃO DE EMPREGADORES;empregadores;AVEIRO;AVEIRO;Activa;1998-07-15;2026-07-29
5.275.0;ASSOCIAÇÃO DAS EMPRESAS DE PESCA DO ALGARVE;ADEPA;ADEPA;registo;ASSOCIAÇÃO DE EMPREGADORES;empregadores;PORTIMÃO;FARO;Extinta;1976-06-26;2011-07-08
5.42.1;ASSOCIAÇÃO DAS EMPRESAS DE VINHO DO PORTO;AEVP;AEVP;registo;ASSOCIAÇÃO DE EMPREGADORES;empregadores;VILA NOVA DE GAIA;PORTO;Activa;1997-05-15;2023-02-08
5.387.0;ASSOCIAÇÃO DAS ESTETICISTAS DE PORTUGAL;ESTETICISTAS;ESTETICISTAS;recurso;ASSOCIAÇÃO DE EMPREGADORES;empregadores;LISBOA;LISBOA;Extinta;1985-08-15;2013-03-15
5.190.1;ASSOCIAÇÃO DAS INDÚSTRIAS DE MADEIRA E MOBILIÁRIO DE PORTUGAL;AIMMP;AIMMP;registo;ASSOCIAÇÃO DE EMPREGADORES;empregadores;PORTO;PORTO;Activa;1995-10-30;2026-03-15
5.270.0;ASSOCIAÇÃO DAS INDÚSTRIAS DE PAINEIS DE MADEIRA;INDUSTRIASPAINEIS;INDUSTRIASPAINEIS;recurso;ASSOCIAÇÃO DE EMPREGADORES;empregadores;LISBOA;LISBOA;Extinta;1976-05-08;1983-03-30
5.270.1;ASSOCIAÇÃO DAS INDÚSTRIAS DE PAINÉIS DE MADEIRA;AIPM;AIPM;registo;ASSOCIAÇÃO DE EMPREGADORES;empregadores;LISBOA;LISBOA;Extinta;1990-04-16;1997-05-15
5.3.1;ASSOCIAÇÃO DAS INDÚSTRIAS MARÍTIMAS;AIM;AIM;registo;ASSOCIAÇÃO DE EMPREGADORES;empregadores;LISBOA;LISBOA;Activa;1995-01-15;1996-11-05
5.3.0;ASSOCIAÇÃO DAS INDÚSTRIAS NAVAIS;AIN;AIN;registo;ASSOCIAÇÃO DE EMPREGADORES;empregadores;LISBOA;LISBOA;Activa;1975-09-11;1978-02-15
5.416.1;ASSOCIAÇÃO DAS MEDIADORAS IMOBILIÁRIAS DE PORTUGAL;AMIP;AMIP;registo;ASSOCIAÇÃO DE EMPREGADORES;empregadores;PORTO;PORTO;Extinta;2000-12-14;2005-01-08
5.416.0;ASSOCIAÇÃO DAS MEDIADORAS IMOBILIÁRIAS DO NORTE;AMIN;AMIN;registo;ASSOCIAÇÃO DE EMPREGADORES;empregadores;PORTO;PORTO;Extinta;1988-04-30;1988-04-30
5.206.1;ASSOCIAÇÃO DAS PASTELARIAS, CASAS DE CHÁ E SIMILARES DO NORTE DE PORTUGAL;PASTELARIASCASASCHA;PASTELARIASCASASCHA;recurso;ASSOCIAÇÃO DE EMPREGADORES;empregadores;PORTO;PORTO;Extinta;1996-12-30;2007-02-22
5.207.0;ASSOCIAÇÃO DAS PENSÕES DO NORTE;PENSOESNORTE;PENSOESNORTE;recurso;ASSOCIAÇÃO DE EMPREGADORES;empregadores;PORTO;PORTO;Extinta;1976-03-01;2007-11-22
5.604.0;ASSOCIAÇÃO DAS PEQUENAS E MÉDIAS EMPRESAS;LUSAPME;LUSAPME;registo;ASSOCIAÇÃO DE EMPREGADORES;empregadores;PORTO;PORTO;Activa;2013-11-15;2019-07-29
5.513.0;ASSOCIAÇÃO DAS TERMAS DE PORTUGAL;TERMAS;TERMAS;recurso;ASSOCIAÇÃO DE EMPREGADORES;empregadores;LISBOA;LISBOA;Activa;1996-12-16;2025-02-15
5.601.0;ASSOCIAÇÃO DE ADEGAS COOPERATIVAS DE PORTUGAL;ADCP;ADCP;registo;ASSOCIAÇÃO DE EMPREGADORES;empregadores;LISBOA;;Activa;2011-09-20;2024-03-15
5.63.2;ASSOCIAÇÃO DE AGENTES DE NAVEGAÇÃO;APAN;APAN;registo;ASSOCIAÇÃO DE EMPREGADORES;empregadores;LISBOA;LISBOA;Extinta;1995-09-15;2006-01-22
5.376.0;ASSOCIAÇÃO DE AGRICULTORES AO SUL DO TEJO;AGRICULTORESSULTEJO;AGRICULTORESSULTEJO;recurso;ASSOCIAÇÃO DE EMPREGADORES;empregadores;ÉVORA;ÉVORA;Extinta;1984-12-30;1986-11-30
5.404.0;ASSOCIAÇÃO DE AGRICULTORES AO SUL DO TEJO;AGRICULTORESSULEvora;AGRICULTORESSULTEJO;recurso+desambiguada;ASSOCIAÇÃO DE EMPREGADORES;empregadores;ÉVORA;ÉVORA;Extinta;1987-02-28;2021-05-08
5.372.0;ASSOCIAÇÃO DE AGRICULTORES DE VILA FRANCA DE XIRA;AGRICULTORESVILA;AGRICULTORESVILA;recurso;ASSOCIAÇÃO DE EMPREGADORES;empregadores;VILA FRANCA DE XIRA;LISBOA;Activa;1984-07-15;2018-06-15
5.318.0;ASSOCIAÇÃO DE AGRICULTORES DO DISTRITO DE ÉVORA;AGRICULTORESDISTRITO;AGRICULTORESDISTRITO;recurso;ASSOCIAÇÃO DE EMPREGADORES;empregadores;ÉVORA;ÉVORA;Extinta;1978-12-22;2012-01-08
5.536.0;ASSOCIAÇÃO DE APICULTORES DE SEIXAL, BARREIRO E ALMADA;ASBA;ASBA;registo;ASSOCIAÇÃO DE EMPREGADORES;empregadores;SEIXAL;SETÚBAL;Extinta;2000-12-08;2011-06-15
5.515.0;ASSOCIAÇÃO DE APOIO DOMICILIÁRIO, DE LARES E CASAS DE REPOUSO DE IDOSOS;ALI;ALI;registo;ASSOCIAÇÃO DE EMPREGADORES;empregadores;LISBOA;LISBOA;Activa;1997-08-30;2026-05-29
5.395.1;ASSOCIAÇÃO DE ARMADORES DE INCIDÊNCIA ARTESANAL;AAPSIA;AAPSIA;registo;ASSOCIAÇÃO DE EMPREGADORES;empregadores;SESIMBRA;SETÚBAL;Extinta;1989-04-30;2013-03-22
5.469.0;ASSOCIAÇÃO DE ARMADORES DE PESCA DO SOTAVENTO DO ALGARVE;ADAPSA;ADAPSA;registo;ASSOCIAÇÃO DE EMPREGADORES;empregadores;OLHÃO;FARO;Extinta;1993-07-30;2013-12-15
5.490.0;ASSOCIAÇÃO DE AUTO-PRODUTORES DE ALIMENTOS COMPOSTOS PARA ANIMAIS;AUTOPRODUTORES;AUTOPRODUTORES;recurso;ASSOCIAÇÃO DE EMPREGADORES;empregadores;LISBOA;LISBOA;Extinta;1995-02-28;2014-08-08
5.150.0;ASSOCIAÇÃO DE COMERCIANTES ARMEIROS, BICICLETAS, ARTIGOS DE DESPORTO,DROGARIAS E PERFUMARIAS, PAPELARIA E ARTIGOS DE ESCRITÓRIO, QUINQUILHARIAS, BRINQUEDOS E ARTESANATO E TABACARIA DE LISBOA;COMERCIANTESARMEIROS;COMERCIANTESARMEIROS;recurso;ASSOCIAÇÃO DE EMPREGADORES;empregadores;LISBOA;LISBOA;Activa;1975-09-03;2015-05-08
5.99.0;ASSOCIAÇÃO DE COMERCIANTES DE MATERIAIS DE CONSTRUÇÃO;COMERCIAComerciantes;COMERCIANTES;recurso+desambiguada;ASSOCIAÇÃO DE EMPREGADORES;empregadores;PORTO;PORTO;Activa;1975-09-02;1980-07-22
5.48.0;ASSOCIAÇÃO DE COMERCIANTES DO CONCELHO DE LOURES;COMERCIANTESCONCELHO;COMERCIANTESCONCELHO;recurso;ASSOCIAÇÃO DE EMPREGADORES;empregadores;;LISBOA;Activa;1975-09-24;1997-03-30
5.115.0;ASSOCIAÇÃO DE COMERCIANTES DO CONCELHO DE MAFRA;COMERCIANTESCONMafra;COMERCIANTESCONCELHO;recurso+desambiguada;ASSOCIAÇÃO DE EMPREGADORES;empregadores;MAFRA;LISBOA;Activa;1975-09-01;1996-04-30
5.192.0;ASSOCIAÇÃO DE COMERCIANTES DO DISTRITO DE VISEU (TAMBÉM ASSOCIAÇÃO COMERCIAL DE VISEU);COMERCIANTESDISTRITO;COMERCIANTESDISTRITO;recurso;ASSOCIAÇÃO DE EMPREGADORES;empregadores;VISEU;VISEU;Activa;1977-07-08;1994-07-15
5.116.0;ASSOCIAÇÃO DE COMERCIANTES DOS CONCELHOS DE VILA FRANCA DE XIRA E ARRUDA DOS VINHOS;COMERCIAVilafrancade;COMERCIANTES;recurso+desambiguada;ASSOCIAÇÃO DE EMPREGADORES;empregadores;VILA FRANCA DE XIRA;LISBOA;Activa;1975-10-28;1976-06-01
5.214.0;ASSOCIAÇÃO DE COMERCIANTES E INDÚSTRIAS DOS CONCELHOS DE TOMAR, FERREIRA DO ZÊZERE E VILA NOVA DA BARQUINHA;COMERCIANTESTomar;COMERCIANTES;recurso+desambiguada;ASSOCIAÇÃO DE EMPREGADORES;empregadores;TOMAR;SANTARÉM;Activa;1977-05-03;1977-05-03
5.487.0;ASSOCIAÇÃO DE COMERCIANTES E INSTALADORES DE SISTEMAS DE TELECOMUNICAÇÕES;ACIST;ACIST;registo;ASSOCIAÇÃO DE EMPREGADORES;empregadores;COIMBRA;COIMBRA;Activa;1994-11-15;2003-08-08
5.305.0;ASSOCIAÇÃO DE COMERCIANTES RETALH. DO CONCELHO DE ALCOBAÇA;COMERCIANTESRETALH;COMERCIANTESRETALH;recurso;ASSOCIAÇÃO DE EMPREGADORES;empregadores;ALCOBAÇA;LEIRIA;Activa;1977-11-22;1977-11-22
5.175.0;ASSOCIAÇÃO DE COMERCIANTES RETALHISTAS DO CONCELHO DE V.NOVA DE OUREM;ACRO;ACRO;registo;ASSOCIAÇÃO DE EMPREGADORES;empregadores;OURÉM;SANTARÉM;Activa;1977-03-17;1977-10-29
5.240.0;ASSOCIAÇÃO DE COMERCIANTES RETALHISTAS DOS CONCELHOS DE SANTARÉM, ALPIARÇA, CHAMUSCA, ALMEIRIM E CARTAXO;COMERCIANTESSantarem;COMERCIANTES;recurso+desambiguada;ASSOCIAÇÃO DE EMPREGADORES;empregadores;SANTARÉM;SANTARÉM;Activa;1977-02-24;1977-02-24
5.335.0;ASSOCIAÇÃO DE COMERCIO DA LOURINHÃ;COMERCIOLOURINHA;COMERCIOLOURINHA;recurso;ASSOCIAÇÃO DE EMPREGADORES;empregadores;LOURINHÃ;LISBOA;Extinta;1980-11-15;2015-05-29
5.483.0;ASSOCIAÇÃO DE COMÉRCIO, INDÚSTRIA E SERVIÇOS DA PAREDE;ACISP;ACISP;registo;ASSOCIAÇÃO DE EMPREGADORES;empregadores;CASCAIS;LISBOA;Activa;1994-09-30;1994-09-30
5.155.3;ASSOCIAÇÃO DE COMERCIO, INDÚSTRIA E SERVIÇOS DA REGIAO DE LEIRIA;ACILIS;ACILIS;registo;ASSOCIAÇÃO DE EMPREGADORES;empregadores;;LEIRIA;Activa;2016-06-29;2016-06-29
5.77.1;ASSOCIAÇÃO DE COMÉRCIO, INDÚSTRIA E SERVIÇOS DE ELVAS;COMERCIOINDUSTRIA;COMERCIOINDUSTRIA;recurso;ASSOCIAÇÃO DE EMPREGADORES;empregadores;ELVAS;PORTALEGRE;Extinta;1994-12-15;2016-08-08
5.155.4;ASSOCIAÇÃO DE COMÉRCIO, INDÚSTRIA SERVIÇOS E TURISMO DA REGIÃO DE LEIRIA;ACILIS;ACILIS;registo;ASSOCIAÇÃO DE EMPREGADORES;empregadores;;LEIRIA;Activa;2018-10-29;2025-01-29
5.243.2;ASSOCIAÇÃO DE COMÉRCIO, INDÚSTRIAS , SERVIÇOS E AGRICOLA DO ALTO TÂMEGA;ACISAT;ACISAT;registo;ASSOCIAÇÃO DE EMPREGADORES;empregadores;;VILA REAL;Activa;1993-02-15;1999-03-15
5.591.0;ASSOCIAÇÃO DE CRECHES E PEQUENOS ESTABELECIMENTOS DE ENSINO PARTICULAR;ACPEEP;ACPEEP;registo;ASSOCIAÇÃO DE EMPREGADORES;empregadores;OEIRAS;LISBOA;Activa;2007-09-03;2025-06-08
5.378.2;ASSOCIAÇÃO DE EMPRESAS DE CABELEIREIROS;EMPRESASCabeleireiro;EMPRESAS;recurso+desambiguada;ASSOCIAÇÃO DE EMPREGADORES;empregadores;LEIRIA;LEIRIA;Activa;1995-04-15;1997-08-15
5.176.1;ASSOCIAÇÃO DE EMPRESAS DE CONSTRUÇÃO E OBRAS PÚBLICAS;AECOPS;AECOPS;registo;ASSOCIAÇÃO DE EMPREGADORES;empregadores;LISBOA;LISBOA;Activa;1994-01-15;2008-04-08
5.176.0;ASSOCIAÇÃO DE EMPRESAS DE CONSTRUÇÃO E OBRAS PÚBLICAS DO SUL;EMPRESASCONSTRUCAO;EMPRESASCONSTRUCAO;recurso;ASSOCIAÇÃO DE EMPREGADORES;empregadores;LISBOA;LISBOA;Activa;1976-01-19;1996-03-15
5.176.2;ASSOCIAÇÃO DE EMPRESAS DE CONSTRUÇÃO E OBRAS PÚBLICAS E SERVIÇOS;AECOPS;AECOPS;registo;ASSOCIAÇÃO DE EMPREGADORES;empregadores;LISBOA;LISBOA;Activa;2007-07-29;2025-02-22
5.535.0;ASSOCIAÇÃO DE EMPRESAS DE GINÁSIOS E ACADEMIAS DE PORTUGAL;AGAP;AGAP;registo;ASSOCIAÇÃO DE EMPREGADORES;empregadores;SINTRA;LISBOA;Activa;2002-11-15;2016-08-08
5.452.0;ASSOCIAÇÃO DE EMPRESAS DE PESCA DO SOTAVENTO DO ALGARVE;ADEPAOLHAO;ADEPAOLHAO;registo;ASSOCIAÇÃO DE EMPREGADORES;empregadores;OLHÃO;FARO;Extinta;1991-10-30;1995-01-15
5.274.0;ASSOCIAÇÃO DE EMPRESAS DE PRESTAÇÃO DE SERVIÇOS DE LIMPEZA E ACTIVIDADES SIMILARES;EMPRESASPRESTACAO;EMPRESASPRESTACAO;recurso;ASSOCIAÇÃO DE EMPREGADORES;empregadores;LISBOA;LISBOA;Activa;1976-10-08;2007-08-08
5.440.0;ASSOCIAÇÃO DE EMPRESAS DE SEGURANÇA;AES;AES;registo;ASSOCIAÇÃO DE EMPREGADORES;empregadores;LISBOA;LISBOA;Activa;1990-07-30;2026-01-15
5.611.0;ASSOCIAÇÃO DE EMPRESAS DO SECTOR DE ACTIVIDADE DE PRESTAÇAO DE SERVIÇOS DE ASSISTENCIA EM ESCALA AO TRANSPORTE AEREO;AESH;AESH;registo;ASSOCIAÇÃO DE EMPREGADORES;empregadores;;LISBOA;Extinta;2016-10-22;2016-11-29
5.611.1;ASSOCIAÇÃO DE EMPRESAS DO SECTOR DE HANDLING;AESH;AESH;registo;ASSOCIAÇÃO DE EMPREGADORES;empregadores;;LISBOA;Extinta;2017-01-22;2026-01-08
5.547.0;ASSOCIAÇÃO DE EMPRESAS EXTRACTORAS DE INERTES DO RIO TEJO;AIRT;AIRT;registo;ASSOCIAÇÃO DE EMPREGADORES;empregadores;LISBOA;LISBOA;Extinta;2002-07-22;2011-10-22
5.532.0;ASSOCIAÇÃO DE ESTABELECIMENTOS DE EDUCAÇÃO DE INFANCIA;AEEI;AEEI;registo;ASSOCIAÇÃO DE EMPREGADORES;empregadores;VILA NOVA DE GAIA;PORTO;Extinta;2000-08-15;2012-10-10
5.455.0;ASSOCIAÇÃO DE ESTETICISMO DO NORTE;AEN;AEN;registo;ASSOCIAÇÃO DE EMPREGADORES;empregadores;PORTO;PORTO;Extinta;1992-06-15;1992-06-15
5.455.1;ASSOCIAÇÃO DE ESTETICISMO NACIONAL;AEN;AEN;registo;ASSOCIAÇÃO DE EMPREGADORES;empregadores;PORTO;PORTO;Extinta;1995-11-05;2011-10-08
5.548.0;ASSOCIAÇÃO DE FABRICANTES DE COLCHÕES;AFAC;AFAC;registo;ASSOCIAÇÃO DE EMPREGADORES;empregadores;PORTO;PORTO;Extinta;2002-11-08;2010-12-15
5.449.0;ASSOCIAÇÃO DE FARMÁCIAS DE PORTUGAL;AFP;AFP;registo;ASSOCIAÇÃO DE EMPREGADORES;empregadores;PORTO;PORTO;Activa;1991-04-15;2026-08-15
5.136.0;ASSOCIAÇÃO DE GROSSISTAS DE PRODUTOS QUIMICOS E FARMACÊUTICOS;GROQUIFAR;GROQUIFAR;registo;ASSOCIAÇÃO DE EMPREGADORES;empregadores;LISBOA;LISBOA;Activa;1975-09-01;2025-01-08
5.610.0;ASSOCIAÇÃO DE HORTICULTORES DO SUDOESTE ALENTEJANO;AHSA;AHSA;registo;ASSOCIAÇÃO DE EMPREGADORES;empregadores;ODEMIRA;;Activa;2015-03-27;2015-08-15
5.610.1;ASSOCIAÇÃO DE HORTICULTORES DO SUDOESTE ALENTEJANO E COSTA VICENTINA;AHSACV;AHSACV;registo;ASSOCIAÇÃO DE EMPREGADORES;empregadores;ODEMIRA;;Activa;2017-01-08;2018-05-08
5.610.2;ASSOCIAÇÃO DE HORTICULTORES, FRUTICULTORES E FLORICULTORES DOS CONCELHOS DE ODEMIRA E ALJEZUR;AHSA;AHSA;registo;ASSOCIAÇÃO DE EMPREGADORES;empregadores;ODEMIRA;FARO;Activa;2018-01-26;2024-09-29
5.133.0;ASSOCIAÇÃO DE INDÚSTRIA EEXPORTADORES DE CORTIÇA (A.I.E.C.);AIEC;AIEC;registo;ASSOCIAÇÃO DE EMPREGADORES;empregadores;LISBOA;LISBOA;Extinta;1975-10-28;2002-08-29
5.92.0;ASSOCIAÇÃO DE INDÚSTRIAIS DE MADEIRAS DO CENTRO;INDUSTRIAISMADEIRAS;INDUSTRIAISMADEIRAS;recurso;ASSOCIAÇÃO DE EMPREGADORES;empregadores;LEIRIA;LEIRIA;Extinta;1975-09-03;2010-11-29
5.509.0;ASSOCIAÇÃO DE INDÚSTRIAIS DE VEÍCULOS LIGEIROS DE TURISMO DO SUL;AINTEL;AINTEL;registo;ASSOCIAÇÃO DE EMPREGADORES;empregadores;LOULÉ;FARO;Extinta;1996-12-15;2019-08-08
5.154.0;ASSOCIAÇÃO DE INDÚSTRIAS DE COLAS, APRESTOS E PROD. SIMILARES;INDUSTRIASCOLAS;INDUSTRIASCOLAS;recurso;ASSOCIAÇÃO DE EMPREGADORES;empregadores;LISBOA;LISBOA;Activa;1975-10-14;1988-04-15
5.237.0;ASSOCIAÇÃO DE LAVRADORES DO DOURO E PRODUTORES DE VINHO DO PORTO;ALDPVP;ALDPVP;registo;ASSOCIAÇÃO DE EMPREGADORES;empregadores;VILA REAL;VILA REAL;Extinta;1975-12-18;2024-05-15
5.346.0;ASSOCIAÇÃO DE MADEIREIROS DO CENTRO;MADEIREIROSCENTRO;MADEIREIROSCENTRO;recurso;ASSOCIAÇÃO DE EMPREGADORES;empregadores;CASTELO BRANCO;CASTELO BRANCO;Extinta;1981-12-15;2011-11-29
5.450.1;ASSOCIAÇÃO DE MATADOUROS E EMPRESAS DE CARNES DE PORTUGAL AMECAP;AMECAP;AMECAP;registo;ASSOCIAÇÃO DE EMPREGADORES;empregadores;VILA NOVA DE FAMALICÃO;BRAGA;Activa;2009-03-27;2023-10-15
5.390.0;ASSOCIAÇÃO DE MEDICINA NATURAL E BIOTERAPÊUTICA;AMENA;AMENA;registo;ASSOCIAÇÃO DE EMPREGADORES;empregadores;AMADORA;LISBOA;Activa;1985-10-30;2019-10-22
5.470.0;ASSOCIAÇÃO DE MEDICINA PRIVADA;AMP;AMP;registo;ASSOCIAÇÃO DE EMPREGADORES;empregadores;LISBOA;LISBOA;Extinta;1993-08-15;1995-10-30
5.575.0;ASSOCIAÇÃO DE MICRO E PEQUENOS EMPRESÁRIOS DA CONSTRUÇÃO CIVIL E OBRAS PÚBLICAS DO ALGARVE;AMPECOPA;AMPECOPA;registo;ASSOCIAÇÃO DE EMPREGADORES;empregadores;OLHÃO;FARO;Extinta;2005-12-29;2014-02-22
5.276.0;ASSOCIAÇÃO DE MICRO E PEQUENOS EMPRESARIOS DA REGIAO DE LISBOA E VALE DO TEJO;AMPERL;AMPERL;registo;ASSOCIAÇÃO DE EMPREGADORES;empregadores;LISBOA;LISBOA;Extinta;1999-10-08;2008-06-22
5.553.0;ASSOCIAÇÃO DE MICRO, PEQUENOS E MÉDIOS EMPRESÁRIOS DO ALENTEJO INTERIOR;AMPEAI;AMPEAI;registo;ASSOCIAÇÃO DE EMPREGADORES;empregadores;MOURA;BEJA;Extinta;2004-01-08;2024-02-29
5.585.0;ASSOCIAÇÃO DE MICROS, PEQUENAS E MÉDIAS EMPRESAS DO DISTRITO DE LEIRIA;AMPEDLEI;AMPEDLEI;registo;ASSOCIAÇÃO DE EMPREGADORES;empregadores;MARINHA GRANDE;LEIRIA;Extinta;2006-08-16;2014-04-22
5.73.1;ASSOCIAÇÃO DE OURIVESARIA E RELOJOARIA DE PORTUGAL;AORP;AORP;registo;ASSOCIAÇÃO DE EMPREGADORES;empregadores;PORTO;PORTO;Activa;2009-06-30;2024-07-22
5.300.0;ASSOCIAÇÃO DE PEQUENOS EMPRESÁRIOS DA REGIÃO DE SETÚBAL E ALENTEJO;APERSA;APERSA;registo;ASSOCIAÇÃO DE EMPREGADORES;empregadores;SEIXAL;SETÚBAL;Activa;1999-03-22;2014-06-08
5.81.0;ASSOCIAÇÃO DE PRODUTORES DE FILMES;PRODUTORESFILMES;PRODUTORESFILMES;recurso;ASSOCIAÇÃO DE EMPREGADORES;empregadores;LISBOA;LISBOA;Extinta;1975-12-10;2012-02-08
5.441.0;ASSOCIAÇÃO DE PUBLICIDADE EXTERIOR DE PORTUGAL;APEPublicidade;APEP;registo+desambiguada;ASSOCIAÇÃO DE EMPREGADORES;empregadores;LISBOA;LISBOA;Extinta;1990-08-15;2013-06-22
5.595.0;ASSOCIAÇÃO DE RÁDIOS DE INSPIRAÇÃO CRISTÃ;ARIC;ARIC;registo;ASSOCIAÇÃO DE EMPREGADORES;empregadores;LISBOA;LISBOA;Activa;2008-08-22;2025-12-22
5.223.1;ASSOCIAÇÃO DE REPRESENTANTES DE ESTABELECIMENTOS DE ENSINO PARTICULAR E COOPERATIVO;AEEP;AEEP;registo;ASSOCIAÇÃO DE EMPREGADORES;empregadores;LISBOA;LISBOA;Activa;1998-05-15;1998-05-15
5.223.0;ASSOCIAÇÃO DE REPRESENTANTES DE ESTABELECIMENTOS ENSINO PARTICULAR;AEEP;AEEP;registo;ASSOCIAÇÃO DE EMPREGADORES;empregadores;LISBOA;LISBOA;Activa;1975-09-05;1978-11-15
5.35.0;ASSOCIAÇÃO DE RETALHISTAS DE PRODUTOS ALIMENTARES DO DISTRITO DE LISBOA;ARPA;ARPA;registo;ASSOCIAÇÃO DE EMPREGADORES;empregadores;LISBOA;LISBOA;Extinta;1975-08-08;1997-07-15
5.294.0;ASSOCIAÇÃO DE SEGURADORES PRIVADOS EM PORTUGAL;ASEP;ASEP;registo;ASSOCIAÇÃO DE EMPREGADORES;empregadores;LISBOA;LISBOA;Extinta;1977-05-26;1991-05-30
5.542.0;ASSOCIAÇÃO DE TRANSPORTADORES DE TERRAS, INERTES, MADEIRAS E AFINS;ATTIMA;ATTIMA;registo;ASSOCIAÇÃO DE EMPREGADORES;empregadores;OEIRAS;LISBOA;Extinta;2001-12-29;2001-12-29
5.348.0;ASSOCIAÇÃO DE TRANSPORTES DE MERCADORIAS;ATM;ATM;registo;ASSOCIAÇÃO DE EMPREGADORES;empregadores;;LEIRIA;Extinta;1982-01-30;2024-03-29
5.331.1;ASSOCIAÇÃO DE VINHOS E ESPIRITUOSAS DE PORTUGAL;ACIBEV;ACIBEV;registo;ASSOCIAÇÃO DE EMPREGADORES;empregadores;LISBOA;LISBOA;Activa;2014-06-08;2026-04-08
5.290.0;ASSOCIAÇÃO DO CENTRO DOS ARMADORES DE PESCA;ACAPE;ACAPE;registo;ASSOCIAÇÃO DE EMPREGADORES;empregadores;PENICHE;LEIRIA;Extinta;1977-04-14;1983-02-28
5.258.0;ASSOCIAÇÃO DO CENTRO DOS INDÚSTRIAIS DE PANIFICAÇÃO;ACIP;ACIP;registo;ASSOCIAÇÃO DE EMPREGADORES;empregadores;COIMBRA;COIMBRA;Activa;1976-03-04;1998-03-15
5.258.1;ASSOCIAÇÃO DO CENTRO DOS INDÚSTRIAIS DE PANIFICAÇÃO E PASTELARIA;ACIP;ACIP;registo;ASSOCIAÇÃO DE EMPREGADORES;empregadores;COIMBRA;COIMBRA;Activa;1991-11-15;2000-05-08
5.141.0;ASSOCIAÇÃO DO COMÉRCIO AUTOMÓVEL DE PORTUGAL;ACAP;ACAP;registo;ASSOCIAÇÃO DE EMPREGADORES;empregadores;LISBOA;LISBOA;Activa;1975-09-01;2007-05-29
5.258.2;ASSOCIAÇÃO DO COMERCIO E DA INDÚSTRIA DE PANIFICAÇÃO, PASTELARIA E SIMILARES;ACIP;ACIP;registo;ASSOCIAÇÃO DE EMPREGADORES;empregadores;;COIMBRA;Activa;2000-07-08;2025-02-15
5.334.2;ASSOCIAÇÃO DO COMÉRCIO E SERVIÇOS DA REGIÃO DO ALGARVE;ACRAL;ACRAL;registo;ASSOCIAÇÃO DE EMPREGADORES;empregadores;FARO;FARO;Activa;1998-02-28;2024-11-29
5.234.1;ASSOCIAÇÃO DO COMÉRCIO E SERVIÇOS DO BARREIRO E MOITA;COMERCIOSERVBarreiro;COMERCIOSERVICOS;recurso+desambiguada;ASSOCIAÇÃO DE EMPREGADORES;empregadores;BARREIRO;SETÚBAL;Activa;1990-12-31;2001-07-08
5.32.1;ASSOCIAÇÃO DO COMÉRCIO E SERVIÇOS DO DISTRITO DA GUARDA;ACG;ACG;registo;ASSOCIAÇÃO DE EMPREGADORES;empregadores;GUARDA;GUARDA;Activa;2000-10-22;2019-03-08
5.231.2;ASSOCIAÇÃO DO COMÉRCIO E SERVIÇOS DO DISTRITO DE SETÚBAL;COMERCIOSERVISetubal;COMERCIOSERVICOS;recurso+desambiguada;ASSOCIAÇÃO DE EMPREGADORES;empregadores;SETÚBAL;SETÚBAL;Activa;1990-03-30;2012-09-22
5.192.1;ASSOCIAÇÃO DO COMERCIO E SERVIÇOS DO DISTRITO DE VISEU;ACSDV;ACSDV;registo;ASSOCIAÇÃO DE EMPREGADORES;empregadores;VISEU;VISEU;Activa;1998-04-30;1998-04-30
5.175.1;ASSOCIAÇÃO DO COMÉRCIO INDÚSTRIA E SERVIÇOS DO CONCELHO DE OURÉM;ACISO;ACISO;registo;ASSOCIAÇÃO DE EMPREGADORES;empregadores;OURÉM;SANTARÉM;Activa;1991-05-30;2002-02-08
5.234.2;ASSOCIAÇÃO DO COMÉRCIO, INDÚSTRIA E SERVIÇOS DO BARREIRO E MOITA(ACISBM);ACISBM;ACISBM;registo;ASSOCIAÇÃO DE EMPREGADORES;empregadores;BARREIRO;SETÚBAL;Activa;2002-04-22;2025-12-29
5.115.2;ASSOCIAÇÃO DO COMÉRCIO, INDÚSTRIA E SERVIÇOS DO CONCELHO DE MAFRA (ACISM);ACISM;ACISM;registo;ASSOCIAÇÃO DE EMPREGADORES;empregadores;MAFRA;LISBOA;Activa;2012-06-22;2026-06-15
5.115.1;ASSOCIAÇÃO DO COMÉRCIO, INDÚSTRIA ESERVIÇOS DO CONCELHO DE MAFRA;ACISM;ACISM;registo;ASSOCIAÇÃO DE EMPREGADORES;empregadores;MAFRA;LISBOA;Activa;1993-06-15;2011-09-08
5.116.1;ASSOCIAÇÃO DO COMÉRCIO, INDÚSTRIA ESERVIÇOS DOS CONCELHOS DE VILA FRANCA DE XIRA E ARRUDA DOS VINHOS;COMERCIOINDUComercio;COMERCIOINDUSTRIA;recurso+desambiguada;ASSOCIAÇÃO DE EMPREGADORES;empregadores;VILA FRANCA DE XIRA;LISBOA;Activa;1990-01-30;2010-04-15
5.16.2;ASSOCIAÇÃO DO COMERCIO, INDÚSTRIA, SERVIÇOS E TURISMO DO DISTRITO DE BEJA;ACISTDB;ACISTDB;registo;ASSOCIAÇÃO DE EMPREGADORES;empregadores;;BEJA;Activa;2026-01-29;2026-01-29
5.231.3;ASSOCIAÇÃO DO COMÉRCIO, INDÚSTRIA, SERVIÇOS E TURISMO DO DISTRITO DE SETUBAL;COMERCIOINDUSSetubal;COMERCIOINDUSTRIA;recurso+desambiguada;ASSOCIAÇÃO DE EMPREGADORES;empregadores;SETÚBAL;SETÚBAL;Activa;2013-08-08;2024-05-29
5.16.1;ASSOCIAÇÃO DO COMERCIO,SERVIÇOS E TURISMO DO DISTRITO DE BEJA;COMERCIOComercioTuri;COMERCIOSERVICOS;recurso+desambiguada;ASSOCIAÇÃO DE EMPREGADORES;empregadores;;BEJA;Activa;2021-09-17;2026-01-08
5.269.0;ASSOCIAÇÃO DO NORTE DOS ARMADORES DA PESCA DA SARDINHA;NORTEARMADORESPESCA;NORTEARMADORESPESCA;recurso;ASSOCIAÇÃO DE EMPREGADORES;empregadores;MATOSINHOS;PORTO;Extinta;1976-06-01;2013-04-29
5.313.2;ASSOCIAÇÃO DO NORTE DOS ARMADORES DE PESCA ARTESANAL;ANAPA;ANAPA;registo;ASSOCIAÇÃO DE EMPREGADORES;empregadores;;PORTO;Extinta;1981-07-30;2016-08-08
5.308.2;ASSOCIAÇÃO DO NORTE DOS COMERCI. INDÚSTRIAS PRODUT. ENGARRAF.VINIFICAD. E EXPORTUGUESA DE VINHOS E BEBIDAS ESPIRITUOSAS;ANCEVE;ANCEVE;registo;ASSOCIAÇÃO DE EMPREGADORES;empregadores;PORTO;PORTO;Activa;1989-10-30;2010-09-22
5.308.0;ASSOCIAÇÃO DO NORTE DOS COMERCIANTES E ENGARRAF. DE VINHOS E BEBIDAS ESPIRITUOSAS;ANCEVE;ANCEVE;registo;ASSOCIAÇÃO DE EMPREGADORES;empregadores;PORTO;PORTO;Activa;1978-02-08;1978-06-15
5.308.1;ASSOCIAÇÃO DO NORTE DOS COMERCIANTES INDUST. ENGARRAF.E EXPORTUGUESA DE VINHOS E BEBIDAS ESPIRITUOSAS;ANCEVE;ANCEVE;registo;ASSOCIAÇÃO DE EMPREGADORES;empregadores;PORTO;PORTO;Activa;1983-02-15;1983-02-15
5.195.1;ASSOCIAÇÃO DO NORTE DOS IMP. ARMAZENISTAS DE PRODUTOS QUIMICOS E FARMACEUTICOS;NORQUIFAR;NORQUIFAR;registo;ASSOCIAÇÃO DE EMPREGADORES;empregadores;PORTO;PORTO;Activa;1988-08-15;2006-05-08
5.195.0;ASSOCIAÇÃO DO NORTE DOS IMPORTADORES ARMAZENISTAS DE PROD.QUIMICOS E FARMACEUTICOS;NORTEIMPORTADORES;NORTEIMPORTADORES;recurso;ASSOCIAÇÃO DE EMPREGADORES;empregadores;PORTO;PORTO;Activa;1975-11-24;1977-06-08
5.23.0;ASSOCIAÇÃO DO RAMO AUTOMÓVEL DO NORTE;ARAN;ARAN;registo;ASSOCIAÇÃO DE EMPREGADORES;empregadores;PORTO;PORTO;Activa;1975-10-15;1976-03-19
5.114.0;ASSOCIAÇÃO DO SUL DOS DEPOSITÁRIOS, IMPORTADORES E EXPORTADORES DE TABACOS;SULDEPOSITARIOS;SULDEPOSITARIOS;recurso;ASSOCIAÇÃO DE EMPREGADORES;empregadores;LISBOA;LISBOA;Activa;1975-09-03;2001-12-29
5.210.2;ASSOCIAÇÃO DOS AGENTES DE NAVEGAÇÃO;AGENOR;AGENOR;registo;ASSOCIAÇÃO DE EMPREGADORES;empregadores;MATOSINHOS;PORTO;Extinta;1992-03-15;2012-08-08
5.554.1;ASSOCIAÇÃO DOS AGENTES DE NAVEGAÇÃO DE PORTUGAL;AGEPOR;AGEPOR;registo;ASSOCIAÇÃO DE EMPREGADORES;empregadores;LISBOA;LISBOA;Activa;2023-10-12;2024-05-29
5.63.0;ASSOCIAÇÃO DOS AGENTES DE NAVEGAÇÃO DO CENTRO DE PORTUGAL;AGENTESNAVEGACAO;AGENTESNAVEGACAO;recurso;ASSOCIAÇÃO DE EMPREGADORES;empregadores;LISBOA;LISBOA;Extinta;1975-12-26;1975-12-26
5.210.1;ASSOCIAÇÃO DOS AGENTES DE NAVEGAÇÃO DO NORTE DE PORTUGAL;AGENTESNAVEGAAgentes;AGENTESNAVEGACAO;recurso+desambiguada;ASSOCIAÇÃO DE EMPREGADORES;empregadores;MATOSINHOS;PORTO;Extinta;1980-10-30;2002-12-15
5.210.0;ASSOCIAÇÃO DOS AGENTES DE NAVEGAÇÃO DO PORTO E LEIXÕES;AGENTESNAVEGAAgentes;AGENTESNAVEGACAO;recurso+desambiguada;ASSOCIAÇÃO DE EMPREGADORES;empregadores;MATOSINHOS;PORTO;Extinta;1975-10-01;2002-12-15
5.328.0;ASSOCIAÇÃO DOS AGENTES DE NAVEGAÇÃO E EMPRESAS DE TRÁFEGO E ESTIVA DO SUL;ANESUL;ANESUL;registo;ASSOCIAÇÃO DE EMPREGADORES;empregadores;SETÚBAL;SETÚBAL;Activa;1980-07-15;1980-07-15
5.328.2;ASSOCIAÇÃO DOS AGENTES DE NAVEGAÇÃO E EMPRESAS OPERADORAS PORTUÁRIAS;ANESUL;ANESUL;registo;ASSOCIAÇÃO DE EMPREGADORES;empregadores;SETÚBAL;SETÚBAL;Activa;2002-10-29;2024-02-15
5.328.1;ASSOCIAÇÃO DOS AGENTES DE NAVEGAÇÃO E EMPRESAS OPERADORAS PORTUÁRIAS DO SUL;ANESUL;ANESUL;registo;ASSOCIAÇÃO DE EMPREGADORES;empregadores;SETÚBAL;SETÚBAL;Activa;1984-04-15;1989-08-15
5.184.0;ASSOCIAÇÃO DOS AGENTES DE TRÁFEGO DE MERCADORIAS NOS PORTOS DO DOURO E LEIXÕES;AGENTESTRAFEGO;AGENTESTRAFEGO;recurso;ASSOCIAÇÃO DE EMPREGADORES;empregadores;PORTO;PORTO;Extinta;1975-11-20;1985-04-15
5.339.0;ASSOCIAÇÃO DOS AGENTES DE TRÁFEGO, ESTIVA E DESESTIVA DO PORTO DE AVEIRO;AGENTESTRAFEGOESTIVA;AGENTESTRAFEGOESTIVA;recurso;ASSOCIAÇÃO DE EMPREGADORES;empregadores;;AVEIRO;Activa;1981-09-30;1981-09-30
5.411.1;ASSOCIAÇÃO DOS AGENTES FUNERÁRIOS DA REGIÃO DO NORTE(AAFRN);AAFRN;AAFRN;registo;ASSOCIAÇÃO DE EMPREGADORES;empregadores;PORTO;PORTO;Activa;1998-10-15;1998-10-15
5.411.2;ASSOCIAÇÃO DOS AGENTES FUNERÁRIOS DE PORTUGAL;AAFRN;AAFRN;registo;ASSOCIAÇÃO DE EMPREGADORES;empregadores;PORTO;PORTO;Activa;2001-10-22;2020-04-22
5.304.0;ASSOCIAÇÃO DOS AGENTES FUNERÁRIOS DO DISTRITO DE FARO;AGENTESFUNERARIOS;AGENTESFUNERARIOS;recurso;ASSOCIAÇÃO DE EMPREGADORES;empregadores;FARO;FARO;Extinta;1977-10-08;2012-07-29
5.411.0;ASSOCIAÇÃO DOS AGENTES FUNERÁRIOS DO DISTRITO DO PORTO;AAFDP;AAFDP;registo;ASSOCIAÇÃO DE EMPREGADORES;empregadores;PORTO;PORTO;Activa;1988-01-30;1988-01-30
5.396.0;ASSOCIAÇÃO DOS AGRICULTORES DA LEZIRIA GRANDE DE VILA FRANCA DE XIRA;ALFRANXIRA;ALFRANXIRA;registo;ASSOCIAÇÃO DE EMPREGADORES;empregadores;VILA FRANCA DE XIRA;LISBOA;Extinta;1986-04-30;1991-02-28
5.371.0;ASSOCIAÇÃO DOS AGRICULTORES DE CORUCHE E VALE DO SORRAIA;AGRICULTORESCORUCHE;AGRICULTORESCORUCHE;recurso;ASSOCIAÇÃO DE EMPREGADORES;empregadores;CORUCHE;SANTARÉM;Activa;1984-07-15;2023-11-22
5.391.0;ASSOCIAÇÃO DOS AGRICULTORES DE GRÂNDOLA;AGRICULTORESGRANDOLA;AGRICULTORESGRANDOLA;recurso;ASSOCIAÇÃO DE EMPREGADORES;empregadores;GRÂNDOLA;SETÚBAL;Activa;1985-11-15;2022-11-29
5.365.0;ASSOCIAÇÃO DOS AGRICULTORES DE MOURA;AGRICULTORESMOURA;AGRICULTORESMOURA;recurso;ASSOCIAÇÃO DE EMPREGADORES;empregadores;MOURA;BEJA;Extinta;1984-02-15;2011-11-15
5.321.0;ASSOCIAÇÃO DOS AGRICULTORES DO BAIXO ALENTEJO;AGRICULTORESBAIXO;AGRICULTORESBAIXO;recurso;ASSOCIAÇÃO DE EMPREGADORES;empregadores;BEJA;BEJA;Activa;1979-01-22;2025-03-15
5.315.0;ASSOCIAÇÃO DOS AGRICULTORES DO CONCELHO DE AZAMBUJA;AGRICULTORESCONCELHO;AGRICULTORESCONCELHO;recurso;ASSOCIAÇÃO DE EMPREGADORES;empregadores;SANTARÉM;SANTARÉM;Extinta;1978-08-29;2012-06-22
5.445.0;ASSOCIAÇÃO DOS AGRICULTORES DO CONCELHO DE MAFRA;AGRICULTORESCONMafra;AGRICULTORESCONCELHO;recurso+desambiguada;ASSOCIAÇÃO DE EMPREGADORES;empregadores;MAFRA;LISBOA;Activa;1990-11-15;2023-08-15
5.368.0;ASSOCIAÇÃO DOS AGRICULTORES DO CONCELHO DE SERPA;AGRICULTORESCONSerpa;AGRICULTORESCONCELHO;recurso+desambiguada;ASSOCIAÇÃO DE EMPREGADORES;empregadores;SERPA;BEJA;Extinta;1984-04-30;2024-02-22
5.360.0;ASSOCIAÇÃO DOS AGRICULTORES DO CONCELHO DE VILA REAL;AGRICULTAgricultores;AGRICULTORESCONCELHO;recurso+desambiguada;ASSOCIAÇÃO DE EMPREGADORES;empregadores;VILA REAL;VILA REAL;Activa;1983-06-30;2025-03-29
5.435.0;ASSOCIAÇÃO DOS AGRICULTORES DO DISTRITO DE PORTALEGRE (AADP);AADP;AADP;registo;ASSOCIAÇÃO DE EMPREGADORES;empregadores;;PORTALEGRE;Activa;1990-03-15;2024-12-22
5.428.0;ASSOCIAÇÃO DOS AGRICULTORES DO DISTRITO DE SETÚBAL;AGRICULTORESDPalmela;AGRICULTORESDISTRITO;recurso+desambiguada;ASSOCIAÇÃO DE EMPREGADORES;empregadores;PALMELA;SETÚBAL;Activa;1989-07-30;2023-07-08
5.302.0;ASSOCIAÇÃO DOS AGRICULTORES DO RIBATEJO;AGRICULTORESRIBATEJO;AGRICULTORESRIBATEJO;recurso;ASSOCIAÇÃO DE EMPREGADORES;empregadores;SANTARÉM;SANTARÉM;Activa;1978-11-15;2007-12-08
5.302.1;ASSOCIAÇÃO DOS AGRICULTORES DO RIBATEJO - ORGANIZAÇÃO DE EMPREGADORES DOS DISTRITOS DE SANTARÉM, LISBOA E LEIRIA;AGRICULTORESRIBATEJO;AGRICULTORESRIBATEJO;recurso;ASSOCIAÇÃO DE EMPREGADORES;empregadores;SANTARÉM;SANTARÉM;Activa;2008-03-15;2025-05-08
5.406.0;ASSOCIAÇÃO DOS AGRICULTORES DOS CONCELHOS DE ABRANTES, CONSTÂNCIA, S.A.RDOAL E MAÇÃO;AGRICULTORESAbrantes;AGRICULTORES;recurso+desambiguada;ASSOCIAÇÃO DE EMPREGADORES;empregadores;ABRANTES;SANTARÉM;Activa;1987-07-30;2010-08-08
5.406.1;ASSOCIAÇÃO DOS AGRICULTORES DOS CONCELHOS DE ABRANTES, CONSTÂNCIA, S.A.RDOAL E MAÇÃO;AGRICULTORESAbrantes;AGRICULTORES;recurso+desambiguada;ASSOCIAÇÃO DE EMPREGADORES;empregadores;ABRANTES;SANTARÉM;Activa;2012-01-17;2025-03-29
5.375.0;ASSOCIAÇÃO DOS AGRICULTORES LIVRES DE ALJUSTREL;AGRICULTORESLIVRES;AGRICULTORESLIVRES;recurso;ASSOCIAÇÃO DE EMPREGADORES;empregadores;ALJUSTREL;BEJA;Extinta;1984-10-30;2012-03-08
5.394.1;ASSOCIAÇÃO DOS AGRICULTORES RENDEIROS DOS DISTRITO DE LISBOA E SANTAREM;AGRICULTORES;AGRICULTORES;recurso;ASSOCIAÇÃO DE EMPREGADORES;empregadores;BENAVENTE;SANTARÉM;Extinta;1987-03-30;2016-08-29
5.394.0;ASSOCIAÇÃO DOS AGRICULTORES-RENDEIROS DOS CONCELHOS DE VILA FRANCA DE XIRA, BENAVENTE E SALVATERRA DE MAGOS;AGRICULTORES;AGRICULTORES;recurso;ASSOCIAÇÃO DE EMPREGADORES;empregadores;BENAVENTE;SANTARÉM;Extinta;1986-03-15;1986-03-15
5.338.0;ASSOCIAÇÃO DOS ARMADORES DA PESCA DO GUADIANA;ARMADORESPEArmadores;ARMADORESPESCA;recurso+desambiguada;ASSOCIAÇÃO DE EMPREGADORES;empregadores;VILA REAL DE SANTO ANTÓNIO;FARO;Activa;1981-08-15;2010-03-08
5.1.0;ASSOCIAÇÃO DOS ARMADORES DA PESCA LONGÍNQUA;ADAPLA;ADAPLA;registo;ASSOCIAÇÃO DE EMPREGADORES;empregadores;LISBOA;LISBOA;Extinta;1978-04-29;1994-07-15
5.414.0;ASSOCIAÇÃO DOS ARMADORES DA PESCA, LOCAL, COSTEIRA E LARGO DA ZONA OESTE;AAPLCLZO;AAPLCLZO;registo;ASSOCIAÇÃO DE EMPREGADORES;empregadores;PENICHE;LEIRIA;Activa;1988-03-15;2024-04-08
5.5.0;ASSOCIAÇÃO DOS ARMADORES DAS PESCAS INDÚSTRIAIS;ADAPI;ADAPI;registo;ASSOCIAÇÃO DE EMPREGADORES;empregadores;LISBOA;LISBOA;Activa;1975-08-27;2026-03-29
5.313.0;ASSOCIAÇÃO DOS ARMADORES DE PESCA ARTESANAL E DE PESCA INDUSTRIAL COM EMBARCAÇÕES NÃO AGREMIADAS DE VILA DO CONDE E POVOA DO VARZIM;ARMADORESPESCA;ARMADORESPESCA;recurso;ASSOCIAÇÃO DE EMPREGADORES;empregadores;PÓVOA DE VARZIM;PORTO;Extinta;1978-09-15;1978-09-15
5.395.0;ASSOCIAÇÃO DOS ARMADORES DE PESCA DE SESIMBRA;AAPSIA;AAPSIA;registo;ASSOCIAÇÃO DE EMPREGADORES;empregadores;SESIMBRA;SETÚBAL;Extinta;1986-04-15;1986-10-30
5.4.0;ASSOCIAÇÃO DOS ARMADORES DE TRÁFEGO FLUVIAL;ARMADORESTRAFEGO;ARMADORESTRAFEGO;recurso;ASSOCIAÇÃO DE EMPREGADORES;empregadores;LISBOA;LISBOA;Activa;1976-12-21;2006-07-15
5.4.1;ASSOCIAÇÃO DOS ARMADORES DE TRÁFEGO FLUVIAL E LOCAL;ARMADORESTRAFEGO;ARMADORESTRAFEGO;recurso;ASSOCIAÇÃO DE EMPREGADORES;empregadores;LISBOA;LISBOA;Activa;2009-06-05;2023-01-15
5.104.0;ASSOCIAÇÃO DOS ARMAZENISTAS DE TABACOS DO NORTE;ARMAZENISTASTABACOS;ARMAZENISTASTABACOS;recurso;ASSOCIAÇÃO DE EMPREGADORES;empregadores;PORTO;PORTO;Extinta;1975-09-03;2001-08-29
5.104.1;ASSOCIAÇÃO DOS ARMAZENISTAS DE TABACOS DO NORTE;ARMAZENISTASTABACOS;ARMAZENISTASTABACOS;recurso;ASSOCIAÇÃO DE EMPREGADORES;empregadores;;PORTO;Extinta;2013-01-08;2013-01-08
5.283.0;ASSOCIAÇÃO DOS ARMAZENISTAS, EXPORTADORES E REFINADORES DE AZEITE;ARMAZENISTASLisboa;ARMAZENISTAS;recurso+desambiguada;ASSOCIAÇÃO DE EMPREGADORES;empregadores;LISBOA;LISBOA;Activa;1976-09-21;1976-09-21
5.421.0;ASSOCIAÇÃO DOS ARMEIROS DE PORTUGAL;ARMEIROS;ARMEIROS;recurso;ASSOCIAÇÃO DE EMPREGADORES;empregadores;LISBOA;LISBOA;Activa;1988-11-30;2020-07-22
5.216.0;ASSOCIAÇÃO DOS BARBEIROS E CABELEIREIROS DO DISTRITO DE BRAGA;BARBEIROSBraga;BARBEIROS;recurso+desambiguada;ASSOCIAÇÃO DE EMPREGADORES;empregadores;BRAGA;BRAGA;Activa;1976-12-23;2012-02-22
5.198.0;ASSOCIAÇÃO DOS BARBEIROS E CABELEIREIROS DO NORTE;BARBEIROSPorto;BARBEIROS;recurso+desambiguada;ASSOCIAÇÃO DE EMPREGADORES;empregadores;PORTO;PORTO;Activa;1976-01-22;1999-09-29
5.198.2;ASSOCIAÇÃO DOS CABELEIREIROS DE PORTUGAL;CABELEIRCabeleireiro;CABELEIREIROS;recurso+desambiguada;ASSOCIAÇÃO DE EMPREGADORES;empregadores;PORTO;PORTO;Activa;1999-03-08;2022-06-15
5.378.0;ASSOCIAÇÃO DOS CABELEIREIROS DO DISTRITO DE LEIRIA;CABELEIREIROSLeiria;CABELEIREIROS;recurso+desambiguada;ASSOCIAÇÃO DE EMPREGADORES;empregadores;LEIRIA;LEIRIA;Activa;1985-03-15;1985-03-15
5.198.1;ASSOCIAÇÃO DOS CABELEIREIROS DO NORTE;CABELEIREIROSNORTE;CABELEIREIROSNORTE;recurso;ASSOCIAÇÃO DE EMPREGADORES;empregadores;PORTO;PORTO;Activa;1998-11-15;1998-11-15
5.125.0;ASSOCIAÇÃO DOS CABELEIREIROS E BARBEARIAS DO SUL;CABELEIREIROS;CABELEIREIROS;recurso;ASSOCIAÇÃO DE EMPREGADORES;empregadores;LISBOA;LISBOA;Activa;1975-09-18;1988-04-30
5.334.1;ASSOCIAÇÃO DOS COMERCIANTES DA REGIÃO DO ALGARVE;ACRAL;ACRAL;registo;ASSOCIAÇÃO DE EMPREGADORES;empregadores;;FARO;Activa;1987-12-15;1998-11-30
5.151.0;ASSOCIAÇÃO DOS COMERCIANTES DE ADORNOS E UTILIDADES DO DISTRITO DE LISBOA;COMERCIANTESADORNOS;COMERCIANTESADORNOS;recurso;ASSOCIAÇÃO DE EMPREGADORES;empregadores;LISBOA;LISBOA;Activa;1975-10-14;2024-07-22
5.147.0;ASSOCIAÇÃO DOS COMERCIANTES DE APRESTOS MARÍTIMOS, CORDOARIA E SACARIA DE LISBOA;COMERCIANTESAPRESTOS;COMERCIANTESAPRESTOS;recurso;ASSOCIAÇÃO DE EMPREGADORES;empregadores;LISBOA;LISBOA;Extinta;1975-09-15;2012-08-08
5.148.0;ASSOCIAÇÃO DOS COMERCIANTES DE ARTIGOS FUNERÁRIOS E RELIGIOSOS DO DISTRITO DE LISBOA;COMERCIANTESARTIGOS;COMERCIANTESARTIGOS;recurso;ASSOCIAÇÃO DE EMPREGADORES;empregadores;LISBOA;LISBOA;Extinta;1975-09-22;2011-08-15
5.255.1;ASSOCIAÇÃO DOS COMERCIANTES DE CARNES DE PORTUGAL;ACCP;ACCP;registo;ASSOCIAÇÃO DE EMPREGADORES;empregadores;LISBOA;LISBOA;Activa;2023-09-29;2023-09-29
5.255.0;ASSOCIAÇÃO DOS COMERCIANTES DE CARNES DO CONCELHO DE LISBOA E OUTROS;COMERCIANTESCALisboa;COMERCIANTESCARNES;recurso+desambiguada;ASSOCIAÇÃO DE EMPREGADORES;empregadores;LISBOA;LISBOA;Activa;1975-03-14;2022-04-15
5.130.0;ASSOCIAÇÃO DOS COMERCIANTES DE CARNES DO DISTRITO DE BRAGA;COMERCIANTESCARNES;COMERCIANTESCARNES;recurso;ASSOCIAÇÃO DE EMPREGADORES;empregadores;BRAGA;BRAGA;Extinta;1977-07-08;2011-10-15
5.199.0;ASSOCIAÇÃO DOS COMERCIANTES DE CARNES DO DISTRITO DE LEIRIA;COMERCIANTESCALeiria;COMERCIANTESCARNES;recurso+desambiguada;ASSOCIAÇÃO DE EMPREGADORES;empregadores;LEIRIA;LEIRIA;Extinta;1977-07-08;2023-12-22
5.325.0;ASSOCIAÇÃO DOS COMERCIANTES DE CARNES DO DISTRITO DE SANTARÉM;COMERCIANTESCAR53250;COMERCIANTESCARNES;recurso+desambiguada;ASSOCIAÇÃO DE EMPREGADORES;empregadores;SANTARÉM;SANTARÉM;Activa;1979-09-08;2008-07-08
5.337.2;ASSOCIAÇÃO DOS COMERCIANTES DE CARNES DO NORTE DE PORTUGAL;COMERCIANTESCARPorto;COMERCIANTESCARNES;recurso+desambiguada;ASSOCIAÇÃO DE EMPREGADORES;empregadores;PORTO;PORTO;Activa;1994-05-30;2010-10-29
5.337.0;ASSOCIAÇÃO DOS COMERCIANTES DE CARNES DO PORTO;COMERCIANTESCARPorto;COMERCIANTESCARNES;recurso+desambiguada;ASSOCIAÇÃO DE EMPREGADORES;empregadores;PORTO;PORTO;Activa;1981-01-30;1981-02-07
5.337.1;ASSOCIAÇÃO DOS COMERCIANTES DE CARNES DO PORTO E OUTROS;COMERCIANTESCARPorto;COMERCIANTESCARNES;recurso+desambiguada;ASSOCIAÇÃO DE EMPREGADORES;empregadores;PORTO;PORTO;Activa;1981-10-30;1981-10-30
5.144.0;ASSOCIAÇÃO DOS COMERCIANTES DE COMBUSTÍVEIS DOMÉSTICOS DO DISTRITO DE LISBOA;COMERCIANTES51440;COMERCIANTES;recurso+desambiguada;ASSOCIAÇÃO DE EMPREGADORES;empregadores;LISBOA;LISBOA;Extinta;1975-09-15;2011-04-22
5.107.0;ASSOCIAÇÃO DOS COMERCIANTES DE EQUIPAMENTOS CIENTÍFICOS DO DISTRITO DE LISBOA;COMERCIANTESLisboa;COMERCIANTES;recurso+desambiguada;ASSOCIAÇÃO DE EMPREGADORES;empregadores;LISBOA;LISBOA;Extinta;1975-09-16;2000-04-22
5.143.0;ASSOCIAÇÃO DOS COMERCIANTES DE FERRO,FERRAGENS E METAIS DO DISTRITO DE LISBOA;COMERCIANTESFERRO;COMERCIANTESFERRO;recurso;ASSOCIAÇÃO DE EMPREGADORES;empregadores;LISBOA;LISBOA;Activa;1975-09-15;2023-06-22
5.157.0;ASSOCIAÇÃO DOS COMERCIANTES DE MÁQUINAS E ACESSÓRIOS DO DISTRITO DE LISBOA;COMERCIANTESMAQUINAS;COMERCIANTESMAQUINAS;recurso;ASSOCIAÇÃO DE EMPREGADORES;empregadores;LISBOA;LISBOA;Activa;1975-09-02;2024-09-29
5.109.0;ASSOCIAÇÃO DOS COMERCIANTES DE MATERIAIS DE CONSTRUÇÃO DE LISBOA;COMERCIANTES51090;COMERCIANTES;recurso+desambiguada;ASSOCIAÇÃO DE EMPREGADORES;empregadores;LISBOA;LISBOA;Extinta;1975-09-11;2012-02-22
5.54.0;ASSOCIAÇÃO DOS COMERCIANTES DE OURIVESARIA E RELOJOARIA DO SUL;COMERCIANTES;COMERCIANTES;recurso;ASSOCIAÇÃO DE EMPREGADORES;empregadores;LISBOA;LISBOA;Activa;1975-12-16;2023-02-22
5.94.0;ASSOCIAÇÃO DOS COMERCIANTES DE PESCADO;ACOPE;ACOPE;registo;ASSOCIAÇÃO DE EMPREGADORES;empregadores;LISBOA;LISBOA;Extinta;1976-01-27;2013-05-15
5.49.0;ASSOCIAÇÃO DOS COMERCIANTES DE PRODUTOS ALIMENTARES DO NORTE;ACPAN;ACPAN;registo;ASSOCIAÇÃO DE EMPREGADORES;empregadores;PORTO;PORTO;Extinta;1975-10-28;2011-07-22
5.146.0;ASSOCIAÇÃO DOS COMERCIANTES DE PRODUTOS HORTÍCOLAS, FRUTAS, FLORES, SEMENTES, PLANTAS, PEIXE E CRIAÇÃO DO DISTRITO DE LISBOA;COMERCIANTESPRODUTOS;COMERCIANTESPRODUTOS;recurso;ASSOCIAÇÃO DE EMPREGADORES;empregadores;LISBOA;LISBOA;Activa;1975-10-15;2013-11-29
5.231.0;ASSOCIAÇÃO DOS COMERCIANTES DE SETÚBAL;COMERCIANTESSETUBAL;COMERCIANTESSETUBAL;recurso;ASSOCIAÇÃO DE EMPREGADORES;empregadores;SETÚBAL;SETÚBAL;Activa;1977-06-22;2000-08-22
5.409.0;ASSOCIAÇÃO DOS COMERCIANTES DE SUINOS;ACS;ACS;registo;ASSOCIAÇÃO DE EMPREGADORES;empregadores;ALCOBAÇA;LEIRIA;Extinta;1987-10-15;2014-12-08
5.233.0;ASSOCIAÇÃO DOS COMERCIANTES DE TORRES NOVAS, ENTRONCAMENTO E ALCANENA;COMERCIANTESTORRES;COMERCIANTESTORRES;recurso;ASSOCIAÇÃO DE EMPREGADORES;empregadores;TORRES NOVAS;SANTARÉM;Extinta;1977-08-08;1977-09-08
5.149.0;ASSOCIAÇÃO DOS COMERCIANTES DE VESTUÁRIO, CALÇADO E ARTIGOS DE PELE DO DISTRITO DE LISBOA;COMERCIANTES51490;COMERCIANTES;recurso+desambiguada;ASSOCIAÇÃO DE EMPREGADORES;empregadores;LISBOA;LISBOA;Activa;1975-09-15;2000-05-08
5.430.0;ASSOCIAÇÃO DOS COMERCIANTES DO CENTRO COMERCIAL CAMPO ALEGRE;COMERCIANTESCENTRO;COMERCIANTESCENTRO;recurso;ASSOCIAÇÃO DE EMPREGADORES;empregadores;PORTO;PORTO;Extinta;1989-10-16;2011-11-15
5.197.0;ASSOCIAÇÃO DOS COMERCIANTES DO CONCELHO DA MAIA;COMERCIANTESCONCMaia;COMERCIANTESCONCELHO;recurso+desambiguada;ASSOCIAÇÃO DE EMPREGADORES;empregadores;MAIA;PORTO;Activa;1977-07-08;1977-07-08
5.232.0;ASSOCIAÇÃO DOS COMERCIANTES DO CONCELHO DE CORUCHE;COMERCIANTESCON52320;COMERCIANTESCONCELHO;recurso+desambiguada;ASSOCIAÇÃO DE EMPREGADORES;empregadores;;SANTARÉM;Activa;1977-06-15;1977-06-15
5.191.0;ASSOCIAÇÃO DOS COMERCIANTES DO CONCELHO DE LOULÉ;COMERCIANTESCONLoule;COMERCIANTESCONCELHO;recurso+desambiguada;ASSOCIAÇÃO DE EMPREGADORES;empregadores;LOULÉ;FARO;Extinta;1977-08-22;1980-06-29
5.229.0;ASSOCIAÇÃO DOS COMERCIANTES DO CONCONCELHO DE MONTIJO E ALCOCHETE;COMERCIANTESMontijo;COMERCIANTES;recurso+desambiguada;ASSOCIAÇÃO DE EMPREGADORES;empregadores;MONTIJO;SETÚBAL;Extinta;1977-08-08;1979-07-08
5.334.0;ASSOCIAÇÃO DOS COMERCIANTES DO DISTRITO DE FARO;COMERCIANTESDISTFaro;COMERCIANTESDISTRITO;recurso+desambiguada;ASSOCIAÇÃO DE EMPREGADORES;empregadores;FARO;FARO;Activa;1980-06-29;2006-08-08
5.231.1;ASSOCIAÇÃO DOS COMERCIANTES DO DISTRITO DE SETÚBAL;COMERCIANTESDSetubal;COMERCIANTESDISTRITO;recurso+desambiguada;ASSOCIAÇÃO DE EMPREGADORES;empregadores;SETÚBAL;SETÚBAL;Activa;1980-12-30;1980-12-30
5.180.0;ASSOCIAÇÃO DOS COMERCIANTES DO PORTO;COMERCIANTESPORTO;COMERCIANTESPORTO;recurso;ASSOCIAÇÃO DE EMPREGADORES;empregadores;PORTO;PORTO;Activa;1977-08-08;2024-03-08
5.232.1;ASSOCIAÇÃO DOS COMERCIANTES DOS CONCELHOS DE CORUCHE E SALVATERRA DE MAGOS;COMERCIANTES52321;COMERCIANTES;recurso+desambiguada;ASSOCIAÇÃO DE EMPREGADORES;empregadores;;SANTARÉM;Activa;1985-05-30;2023-07-22
5.246.1;ASSOCIAÇÃO DOS COMERCIANTES E INDÚSTRIAIS DO CONCELHO DE MONCORVO;ACIM;ACIM;registo;ASSOCIAÇÃO DE EMPREGADORES;empregadores;TORRE DE MONCORVO;BRAGANÇA;Activa;2011-10-26;2011-11-22
5.246.3;ASSOCIAÇÃO DOS COMERCIANTES E INDÚSTRIAIS DO CONCELHO DE MONCORVO;ACIM;ACIM;registo;ASSOCIAÇÃO DE EMPREGADORES;empregadores;TORRE DE MONCORVO;BRAGANÇA;Activa;2014-10-10;2020-12-15
5.468.0;ASSOCIAÇÃO DOS COMERCIANTES E INDÚSTRIAIS DO CONCELHO DE SESIMBRA;COMERCIANTESSesimbra;COMERCIANTES;recurso+desambiguada;ASSOCIAÇÃO DE EMPREGADORES;empregadores;SESIMBRA;SETÚBAL;Extinta;1993-05-30;2024-11-22
5.246.2;ASSOCIAÇÃO DOS COMERCIANTES E INDÚSTRIAIS DO CONCELHO DE TORRE DE MONCORVO;ACIM;ACIM;registo;ASSOCIAÇÃO DE EMPREGADORES;empregadores;TORRE DE MONCORVO;BRAGANÇA;Activa;2012-04-22;2012-04-22
5.331.0;ASSOCIAÇÃO DOS COMERCIANTES E INDÚSTRIAS DE BEBIDAS ESPIRITUOSAS E VINHOS;ACIBEV;ACIBEV;registo;ASSOCIAÇÃO DE EMPREGADORES;empregadores;LISBOA;LISBOA;Activa;1981-09-30;2014-06-08
5.138.0;ASSOCIAÇÃO DOS COMERCIANTES E TRANSFORMADORES DE RAMAS TEXTEIS;COMERCIANTES51380;COMERCIANTES;recurso+desambiguada;ASSOCIAÇÃO DE EMPREGADORES;empregadores;LISBOA;LISBOA;Extinta;1975-09-24;2013-07-29
5.108.0;ASSOCIAÇÃO DOS COMERCIANTES NOS MERCADOS DE LISBOA;COMERCIANTESMERCADOS;COMERCIANTESMERCADOS;recurso;ASSOCIAÇÃO DE EMPREGADORES;empregadores;LISBOA;LISBOA;Activa;1975-09-03;2023-03-25
5.226.0;ASSOCIAÇÃO DOS COMERCIANTES RETALHISTAS DO CON. DA MARINHA GRANDE;COMERCIANTES52260;COMERCIANTES;recurso+desambiguada;ASSOCIAÇÃO DE EMPREGADORES;empregadores;;LEIRIA;Activa;1977-08-08;1977-08-08
5.220.0;ASSOCIAÇÃO DOS COMERCIANTES RETALHISTAS DOS CONCELHOS DE FARO E SAO BRÁS DE ALPORTEL;COMERCIANTESFaro;COMERCIANTES;recurso+desambiguada;ASSOCIAÇÃO DE EMPREGADORES;empregadores;FARO;FARO;Extinta;1977-07-08;1980-06-29
5.233.1;ASSOCIAÇÃO DOS COMERCIANTES RETALHISTAS DOS CONCELHOS DE TORRES NOVAS, ENTRONCAMENTO, ALCANENA E GOLEGÃ;COMERCIANTorresnovas;COMERCIANTES;recurso+desambiguada;ASSOCIAÇÃO DE EMPREGADORES;empregadores;TORRES NOVAS;SANTARÉM;Extinta;1979-12-29;1979-12-29
5.145.0;ASSOCIAÇÃO DOS COMERCIANTES REVENDEDORES DE LOTARIA DO DISTRITO DE LISBOA;COMERCIANTES51451;COMERCIANTES;recurso+desambiguada;ASSOCIAÇÃO DE EMPREGADORES;empregadores;LISBOA;LISBOA;Activa;1975-09-03;2003-04-22
5.285.0;ASSOCIAÇÃO DOS CRIADORES DE COELHOS DE PORTUGAL;CRIADORESCOELHOS;CRIADORESCOELHOS;recurso;ASSOCIAÇÃO DE EMPREGADORES;empregadores;SABROSA;VILA REAL;Extinta;1976-10-15;1991-09-24
5.8.0;ASSOCIAÇÃO DOS DISTRIBUIDORES DE PRODUTOS ALIMENTARES;ADIPA;ADIPA;registo;ASSOCIAÇÃO DE EMPREGADORES;empregadores;LISBOA;LISBOA;Activa;1975-08-09;2024-01-29
5.454.0;ASSOCIAÇÃO DOS EMPRESÁRIOS DA REGIÃO DA ERICEIRA;EMPRESARIOSREGIAO;EMPRESARIOSREGIAO;recurso;ASSOCIAÇÃO DE EMPREGADORES;empregadores;MAFRA;LISBOA;Extinta;1992-04-15;2013-04-29
5.223.2;ASSOCIAÇÃO DOS ESTABELECIMENTOS DE ENSINO PARTICULAR E COOPERATIVO;AEEP;AEEP;registo;ASSOCIAÇÃO DE EMPREGADORES;empregadores;LISBOA;LISBOA;Activa;1998-06-30;2025-11-15
5.550.0;ASSOCIAÇÃO DOS ESTABELECIMENTOS DE HOSPEDAGEM DA COSTA D'OIRO;AEHCO;AEHCO;registo;ASSOCIAÇÃO DE EMPREGADORES;empregadores;LAGOS;FARO;Extinta;2003-08-08;2011-07-08
5.42.0;ASSOCIAÇÃO DOS EXPORTADORES DE VINHO DO PORTO;AEVP;AEVP;registo;ASSOCIAÇÃO DE EMPREGADORES;empregadores;VILA NOVA DE GAIA;PORTO;Activa;1975-01-22;1975-01-22
5.6.0;ASSOCIAÇÃO DOS FABRICANTES DE ANÚNCIOS LUMINOSOS;AFAL;AFAL;registo;ASSOCIAÇÃO DE EMPREGADORES;empregadores;LISBOA;LISBOA;Extinta;1975-10-01;2012-03-15
5.18.0;ASSOCIAÇÃO DOS FABRICANTES DE ARMAÇÕES PARA ÓPTICA OCULAR;FABRICANTESARMACOES;FABRICANTESARMACOES;recurso;ASSOCIAÇÃO DE EMPREGADORES;empregadores;GONDOMAR;PORTO;Extinta;1976-05-03;2014-03-22
5.221.0;ASSOCIAÇÃO DOS FABRICANTES DE CANDEEIROS E ARTIGOS DE MENAGE DO NORTE;FABRICANTES;FABRICANTES;recurso;ASSOCIAÇÃO DE EMPREGADORES;empregadores;PORTO;PORTO;Extinta;1975-10-28;1976-04-20
5.282.0;ASSOCIAÇÃO DOS FABRICANTES DE PAPEL EM MESA PLANA E EQUIPARADOS;FAPEL;FAPEL;registo;ASSOCIAÇÃO DE EMPREGADORES;empregadores;LISBOA;LISBOA;Activa;1976-10-28;1976-10-28
5.353.0;ASSOCIAÇÃO DOS FABRICANTES DE PRODUTOS CÁRNEOS;AFABRICAR;AFABRICAR;registo;ASSOCIAÇÃO DE EMPREGADORES;empregadores;LISBOA;LISBOA;Extinta;1982-06-30;2008-05-15
5.56.0;ASSOCIAÇÃO DOS FABRICANTES PORTUGUESES DE FECHOS DE CORRER;FABRICANTESFECHOS;FABRICANTESFECHOS;recurso;ASSOCIAÇÃO DE EMPREGADORES;empregadores;;LISBOA;Extinta;1975-12-17;1977-01-27
5.345.0;ASSOCIAÇÃO DOS HOTEIS DE PORTUGAL;AHP;AHP;registo;ASSOCIAÇÃO DE EMPREGADORES;empregadores;LISBOA;LISBOA;Activa;1981-11-30;2007-01-29
5.134.0;ASSOCIAÇÃO DOS HOTEIS DO CENTRO/SUL DE PORTUGAL;HOTEISCENTROSUL;HOTEISCENTROSUL;recurso;ASSOCIAÇÃO DE EMPREGADORES;empregadores;LISBOA;LISBOA;Extinta;1975-09-01;1976-02-27
5.205.0;ASSOCIAÇÃO DOS HOTEIS DO NORTE;HOTEISNORTE;HOTEISNORTE;recurso;ASSOCIAÇÃO DE EMPREGADORES;empregadores;PORTO;PORTO;Extinta;1976-02-28;1979-08-22
5.205.1;ASSOCIAÇÃO DOS HOTEIS DO NORTE DE PORTUGAL;HOTEISNORTE;HOTEISNORTE;recurso;ASSOCIAÇÃO DE EMPREGADORES;empregadores;PORTO;PORTO;Extinta;1980-12-30;2007-03-15
5.499.0;ASSOCIAÇÃO DOS HOTEIS E EMPREENDIMENTOS TURISTICOS DO ALGARVE;AHETA;AHETA;registo;ASSOCIAÇÃO DE EMPREGADORES;empregadores;ALBUFEIRA;FARO;Activa;1995-10-30;2026-09-08
5.129.1;ASSOCIAÇÃO DOS INDÚSTRIAIS DA CONSTRUÇÃO CIVIL E OBRAS PÚBLICAS;AICCOPN;AICCOPN;registo;ASSOCIAÇÃO DE EMPREGADORES;empregadores;PORTO;PORTO;Activa;1996-03-15;2023-05-29
5.129.0;ASSOCIAÇÃO DOS INDÚSTRIAIS DA CONSTRUÇÃO CIVIL E OBRAS PÚBLICAS DO NORTE;AICCOPN;AICCOPN;registo;ASSOCIAÇÃO DE EMPREGADORES;empregadores;PORTO;PORTO;Activa;1975-09-18;2002-06-15
5.129.2;ASSOCIAÇÃO DOS INDÚSTRIAIS DA CONSTRUÇÃO CIVIL E OBRAS PÚBLICAS NACIONAL;AICCOPN;AICCOPN;registo;ASSOCIAÇÃO DE EMPREGADORES;empregadores;PORTO;PORTO;Activa;2025-08-29;2026-06-22
5.251.0;ASSOCIAÇÃO DOS INDÚSTRIAIS DA CONSTRUÇÃO DE EDIFICIOS;AICE;AICE;registo;ASSOCIAÇÃO DE EMPREGADORES;empregadores;LISBOA;LISBOA;Activa;1976-02-16;2025-08-08
5.218.1;ASSOCIAÇÃO DOS INDÚSTRIAIS DA PEDRA DO NORTE;AIPGN;AIPGN;registo;ASSOCIAÇÃO DE EMPREGADORES;empregadores;PORTO;PORTO;Activa;1992-08-30;2005-08-29
5.45.0;ASSOCIAÇÃO DOS INDÚSTRIAIS DE ALUGUER DE AUTOMÓVEIS SEM CONDUTOR;ARAC;ARAC;registo;ASSOCIAÇÃO DE EMPREGADORES;empregadores;LISBOA;LISBOA;Activa;1975-09-06;2021-10-22
5.53.0;ASSOCIAÇÃO DOS INDÚSTRIAIS DE ARAME E DE PRODUTOS DERIVADOS;INDUSTRIAISARAME;INDUSTRIAISARAME;recurso;ASSOCIAÇÃO DE EMPREGADORES;empregadores;LISBOA;LISBOA;Extinta;1975-10-14;2013-03-15
5.140.1;ASSOCIAÇÃO DOS INDÚSTRIAIS DE AUTOMOVEIS;INDUSTRIAIAutomoveis;INDUSTRIAIS;recurso+desambiguada;ASSOCIAÇÃO DE EMPREGADORES;empregadores;LISBOA;LISBOA;Extinta;2003-12-22;2008-06-08
5.484.0;ASSOCIAÇÃO DOS INDÚSTRIAIS DE BOLACHAS E AFINS;AIBA;AIBA;registo;ASSOCIAÇÃO DE EMPREGADORES;empregadores;SINTRA;LISBOA;Extinta;1988-12-30;2020-04-22
5.28.0;ASSOCIAÇÃO DOS INDÚSTRIAIS DE CARTONAGENS E CORRELATIVOS DO NORTE;INDUSTRIACartonagens;INDUSTRIAIS;recurso+desambiguada;ASSOCIAÇÃO DE EMPREGADORES;empregadores;PORTO;PORTO;Extinta;1977-09-15;2016-01-26
5.332.0;ASSOCIAÇÃO DOS INDÚSTRIAIS DE CHAPELARIA;INDUSTRIAIChapelaria;INDUSTRIAIS;recurso+desambiguada;ASSOCIAÇÃO DE EMPREGADORES;empregadores;SÃO JOÃO DA MADEIRA;AVEIRO;Extinta;1980-06-22;2021-05-29
5.485.0;ASSOCIAÇÃO DOS INDÚSTRIAIS DE CHOCOLATE E AFINS;ACHOC;ACHOC;registo;ASSOCIAÇÃO DE EMPREGADORES;empregadores;LISBOA;LISBOA;Extinta;1988-12-30;1988-12-30
5.485.1;ASSOCIAÇÃO DOS INDÚSTRIAIS DE CHOCOLATES E CONFEITARIA;ACHOC;ACHOC;registo;ASSOCIAÇÃO DE EMPREGADORES;empregadores;LISBOA;LISBOA;Extinta;1993-08-15;2018-01-29
5.306.0;ASSOCIAÇÃO DOS INDÚSTRIAIS DE CONSERVAS DE PEIXE DO NORTE;INDUSTRIAIMatosinhos;INDUSTRIAISCONSERVAS;recurso+desambiguada;ASSOCIAÇÃO DE EMPREGADORES;empregadores;MATOSINHOS;PORTO;Activa;1977-11-29;2000-10-22
5.280.0;ASSOCIAÇÃO DOS INDÚSTRIAIS DE CONSERVAS DE PEIXE DO SUL DE PORTUGAL;INDUSTRIAISCONSERVAS;INDUSTRIAISCONSERVAS;recurso;ASSOCIAÇÃO DE EMPREGADORES;empregadores;PORTIMÃO;FARO;Extinta;1978-08-29;2010-05-08
5.29.0;ASSOCIAÇÃO DOS INDÚSTRIAIS DE CORDOARIA E REDES;INDUSTRIAISCORDOARIA;INDUSTRIAISCORDOARIA;recurso;ASSOCIAÇÃO DE EMPREGADORES;empregadores;PORTO;PORTO;Activa;1975-09-02;2025-07-08
5.167.0;ASSOCIAÇÃO DOS INDÚSTRIAIS DE CORTIÇA DO NORTE;INDUSTRIAISCORTICA;INDUSTRIAISCORTICA;recurso;ASSOCIAÇÃO DE EMPREGADORES;empregadores;SANTA MARIA DA FEIRA;AVEIRO;Activa;1975-10-28;1975-10-28
5.38.0;ASSOCIAÇÃO DOS INDÚSTRIAIS DE COSMÉTICA;INDUSTRIAISCOSMETICA;INDUSTRIAISCOSMETICA;recurso;ASSOCIAÇÃO DE EMPREGADORES;empregadores;LISBOA;LISBOA;Activa;1975-08-22;1975-08-22
5.38.1;ASSOCIAÇÃO DOS INDÚSTRIAIS DE COSMÉTICA, PERFUMARIA E HIGIENE CORPORAL E DE ÓLEOS ESSENCIAIS;INDUSTRIAISCOSMETICA;INDUSTRIAISCOSMETICA;recurso;ASSOCIAÇÃO DE EMPREGADORES;empregadores;LISBOA;LISBOA;Activa;1986-05-30;1987-01-30
5.61.0;ASSOCIAÇÃO DOS INDÚSTRIAIS DE GUARDA-SÓIS E ACESSÓRIOS;SOISEACESSORIOS;SOISEACESSORIOS;derivada;ASSOCIAÇÃO DE EMPREGADORES;empregadores;;BRAGA;Extinta;1975-10-28;2011-06-29
5.123.1;ASSOCIAÇÃO DOS INDÚSTRIAIS DE HOSPEDAGEM DE PORTUGAL;AIHP;AIHP;registo;ASSOCIAÇÃO DE EMPREGADORES;empregadores;LISBOA;LISBOA;Extinta;1990-10-30;2009-03-29
5.123.3;ASSOCIAÇÃO DOS INDÚSTRIAIS DE HOSPEDAGEM DE PORTUGAL;AIHP;AIHP;registo;ASSOCIAÇÃO DE EMPREGADORES;empregadores;LISBOA;LISBOA;Extinta;;
5.123.0;ASSOCIAÇÃO DOS INDÚSTRIAIS DE HOSPEDAGEM DO CENTRO E SUL DE PORTUGAL;INDUSTRIAIHospedagem;INDUSTRIAIS;recurso+desambiguada;ASSOCIAÇÃO DE EMPREGADORES;empregadores;LISBOA;LISBOA;Extinta;1975-09-01;1976-09-13
5.123.2;ASSOCIAÇÃO DOS INDÚSTRIAIS DE HOTELARIA DE PORTUGAL;AIHP;AIHP;registo;ASSOCIAÇÃO DE EMPREGADORES;empregadores;LISBOA;LISBOA;Extinta;2006-12-22;2010-05-12
5.260.2;ASSOCIAÇÃO DOS INDÚSTRIAIS DE HOTELARIA E RESTAURAÇÃO DO CENTRO;HRCENTRO;HRCENTRO;registo;ASSOCIAÇÃO DE EMPREGADORES;empregadores;COIMBRA;COIMBRA;Extinta;2012-02-08;2013-02-08
5.260.0;ASSOCIAÇÃO DOS INDÚSTRIAIS DE HOTELARIA, RESTAURANTES E SIMILARES DO CENTRO;INDUSTRIAISHOTELARIA;INDUSTRIAISHOTELARIA;recurso;ASSOCIAÇÃO DE EMPREGADORES;empregadores;COIMBRA;COIMBRA;Extinta;1976-04-14;2001-12-08
5.44.0;ASSOCIAÇÃO DOS INDÚSTRIAIS DE LACTICÍNIOS;INDUSTRIAISPorto;INDUSTRIAIS;recurso+desambiguada;ASSOCIAÇÃO DE EMPREGADORES;empregadores;PORTO;PORTO;Activa;1975-09-16;1975-09-16
5.74.0;ASSOCIAÇÃO DOS INDÚSTRIAIS DE LIMPEZA DE CHAMINÉS DO DISTRITO DE LISBOA;INDUSTRIAISLIMPEZA;INDUSTRIAISLIMPEZA;recurso;ASSOCIAÇÃO DE EMPREGADORES;empregadores;LISBOA;LISBOA;Extinta;1975-09-10;2011-07-08
5.426.0;ASSOCIAÇÃO DOS INDÚSTRIAIS DE MARGARINAS E GORDURAS ALIMENTARES;AIMGA;AIMGA;registo;ASSOCIAÇÃO DE EMPREGADORES;empregadores;LISBOA;LISBOA;Extinta;1989-06-15;1989-06-15
5.39.0;ASSOCIAÇÃO DOS INDÚSTRIAIS DE MARGARINAS E ÓLEOS VEGETAIS;INDUSTRIAIMargarinas;INDUSTRIAIS;recurso+desambiguada;ASSOCIAÇÃO DE EMPREGADORES;empregadores;LISBOA;LISBOA;Extinta;1975-08-26;1987-01-30
5.9.0;ASSOCIAÇÃO DOS INDÚSTRIAIS DE MASSAS ALIMENTÍCIAS, BOLACHAS E CHOCOLATES;INDUSTRIAISMASSAS;INDUSTRIAISMASSAS;recurso;ASSOCIAÇÃO DE EMPREGADORES;empregadores;LISBOA;LISBOA;Extinta;1976-01-02;1988-12-30
5.329.0;ASSOCIAÇÃO DOS INDÚSTRIAIS DE MOAGEM;AIMoagem;AIM;registo+desambiguada;ASSOCIAÇÃO DE EMPREGADORES;empregadores;LISBOA;LISBOA;Extinta;1980-07-15;2013-01-22
5.263.0;ASSOCIAÇÃO DOS INDÚSTRIAIS DE MOAGEM DO SUL;INDUSTRIAISMOAGEMSUL;INDUSTRIAISMOAGEMSUL;recurso;ASSOCIAÇÃO DE EMPREGADORES;empregadores;LISBOA;LISBOA;Extinta;1976-03-15;2012-03-08
5.140.0;ASSOCIAÇÃO DOS INDÚSTRIAIS DE MONTAGEM DE AUTOMÓVEIS;INDUSTRIAISMONTAGEM;INDUSTRIAISMONTAGEM;recurso;ASSOCIAÇÃO DE EMPREGADORES;empregadores;LISBOA;LISBOA;Extinta;1975-09-24;1987-09-30
5.41.0;ASSOCIAÇÃO DOS INDÚSTRIAIS DE ÓLEOS ESSENCIAIS;INDUSTRIAISOLEOS;INDUSTRIAISOLEOS;recurso;ASSOCIAÇÃO DE EMPREGADORES;empregadores;LISBOA;LISBOA;Extinta;1975-08-22;1986-05-30
5.64.0;ASSOCIAÇÃO DOS INDÚSTRIAIS DE OURIVESARIA DO SUL;INDUSTRIAOurivesaria;INDUSTRIAIS;recurso+desambiguada;ASSOCIAÇÃO DE EMPREGADORES;empregadores;LISBOA;LISBOA;Activa;1975-10-16;2007-05-29
5.73.0;ASSOCIAÇÃO DOS INDÚSTRIAIS DE OURIVESARIA E RELOJOARIA DO NORTE;INDUSTRIOurivesariaR;INDUSTRIAIS;recurso+desambiguada;ASSOCIAÇÃO DE EMPREGADORES;empregadores;PORTO;PORTO;Activa;1975-09-11;2007-08-29
5.257.1;ASSOCIAÇÃO DOS INDÚSTRIAIS DE PANIFICAÇÃO ,PASTELARIA E SIMILARES DO NORTE;AIPAN;AIPAN;registo;ASSOCIAÇÃO DE EMPREGADORES;empregadores;PORTO;PORTO;Activa;2001-08-15;2023-07-29
5.256.0;ASSOCIAÇÃO DOS INDÚSTRIAIS DE PANIFICAÇÃO DE LISBOA;INDUSTRIAISLisboa;INDUSTRIAIS;recurso+desambiguada;ASSOCIAÇÃO DE EMPREGADORES;empregadores;LISBOA;LISBOA;Activa;1976-01-15;2014-03-15
5.330.0;ASSOCIAÇÃO DOS INDÚSTRIAIS DE PANIFICAÇÃO DO ALTO ALENTEJO;ASIMPALA;ASIMPALA;registo;ASSOCIAÇÃO DE EMPREGADORES;empregadores;ÉVORA;ÉVORA;Extinta;1980-07-15;2024-05-22
5.257.0;ASSOCIAÇÃO DOS INDÚSTRIAIS DE PANIFICAÇÃO DO NORTE;AIPAN;AIPAN;registo;ASSOCIAÇÃO DE EMPREGADORES;empregadores;PORTO;PORTO;Activa;1976-03-08;1998-10-15
5.256.1;ASSOCIAÇÃO DOS INDÚSTRIAIS DE PANIFICAÇÃO, PASTELARIA E SIMILARES DE LISBOA;AIPL;AIPL;registo;ASSOCIAÇÃO DE EMPREGADORES;empregadores;LISBOA;LISBOA;Activa;2013-08-29;2019-02-15
5.218.0;ASSOCIAÇÃO DOS INDÚSTRIAIS DE PEDREIRAS DE GRANITO DO NORTE;AIPGN;AIPGN;registo;ASSOCIAÇÃO DE EMPREGADORES;empregadores;PORTO;PORTO;Activa;1976-01-08;1988-08-15
5.43.0;ASSOCIAÇÃO DOS INDÚSTRIAIS DE PRODUTOS DE CONSERVAÇÃO DE LIMPEZA;INDUSTRIAISPRODUTOS;INDUSTRIAISPRODUTOS;recurso;ASSOCIAÇÃO DE EMPREGADORES;empregadores;LISBOA;LISBOA;Extinta;1975-08-22;1978-11-15
5.178.1;ASSOCIAÇÃO DOS INDÚSTRIAIS DE PRÓTESE;AIP;AIP;registo;ASSOCIAÇÃO DE EMPREGADORES;empregadores;LISBOA;LISBOA;Extinta;1996-07-15;1996-07-15
5.178.2;ASSOCIAÇÃO DOS INDÚSTRIAIS DE PRÓTESE;INDUSTRIAISPROTESE;INDUSTRIAISPROTESE;recurso;ASSOCIAÇÃO DE EMPREGADORES;empregadores;LISBOA;LISBOA;Extinta;2001-11-22;2003-02-28
5.178.0;ASSOCIAÇÃO DOS INDÚSTRIAIS DE PRÓTESE DENTÁRIA;INDUSTRIAISPROTESE;INDUSTRIAISPROTESE;recurso;ASSOCIAÇÃO DE EMPREGADORES;empregadores;LISBOA;LISBOA;Extinta;1975-09-20;2003-06-22
5.178.3;ASSOCIAÇÃO DOS INDÚSTRIAIS DE PRÓTESE DENTÁRIA;INDUSTRIAISPROTESE;INDUSTRIAISPROTESE;recurso;ASSOCIAÇÃO DE EMPREGADORES;empregadores;LISBOA;LISBOA;Extinta;2005-11-29;2024-10-08
5.40.0;ASSOCIAÇÃO DOS INDÚSTRIAIS DE SABÕES E DETERGENTES;INDUSTRIAISSABOES;INDUSTRIAISSABOES;recurso;ASSOCIAÇÃO DE EMPREGADORES;empregadores;LISBOA;LISBOA;Activa;1975-08-26;1975-08-26
5.40.1;ASSOCIAÇÃO DOS INDÚSTRIAIS DE SABÕES, DETERGENTES E PRODUTOS DE CONSERVAÇÃO E LIMPEZA;AISDPCL;AISDPCL;registo;ASSOCIAÇÃO DE EMPREGADORES;empregadores;LISBOA;LISBOA;Activa;1978-11-15;2024-12-15
5.13.0;ASSOCIAÇÃO DOS INDÚSTRIAIS DE SUB-EMPREITEIROS DA CONSTRUÇÃO CIVIL;ASEC;ASEC;registo;ASSOCIAÇÃO DE EMPREGADORES;empregadores;LISBOA;LISBOA;Extinta;1975-08-22;2013-08-08
5.113.0;ASSOCIAÇÃO DOS INDÚSTRIAIS DE TANOARIA DO NORTE;INDUSTRIAISTANOARIA;INDUSTRIAISTANOARIA;recurso;ASSOCIAÇÃO DE EMPREGADORES;empregadores;VILA NOVA DE GAIA;PORTO;Extinta;1975-09-22;1992-01-30
5.202.0;ASSOCIAÇÃO DOS INDÚSTRIAIS DE TANOARIA DO SUL;INDUSTRIAISTTanoaria;INDUSTRIAISTANOARIA;recurso+desambiguada;ASSOCIAÇÃO DE EMPREGADORES;empregadores;LISBOA;LISBOA;Extinta;1976-10-19;1978-11-07
5.27.0;ASSOCIAÇÃO DOS INDÚSTRIAIS DE TERRAPLANAGENS DO BAIXO ALENTEJO;AIT;AIT;registo;ASSOCIAÇÃO DE EMPREGADORES;empregadores;BEJA;BEJA;Extinta;1975-09-20;2014-03-29
5.55.1;ASSOCIAÇÃO DOS INDÚSTRIAIS DE TOMATE;AITomate;AIT;registo+desambiguada;ASSOCIAÇÃO DE EMPREGADORES;empregadores;LISBOA;LISBOA;Extinta;1991-06-15;2020-06-08
5.619.0;ASSOCIAÇÃO DOS INDÚSTRIAIS DE TOMATE;AITLisboa;AIT;registo+desambiguada;ASSOCIAÇÃO DE EMPREGADORES;empregadores;LISBOA;LISBOA;Activa;2021-01-11;2021-01-29
5.37.0;ASSOCIAÇÃO DOS INDÚSTRIAIS DE VESTUÁRIO DO SUL;INDUSTRIAISVESTUARIO;INDUSTRIAISVESTUARIO;recurso;ASSOCIAÇÃO DE EMPREGADORES;empregadores;LISBOA;LISBOA;Extinta;1975-09-04;2000-02-15
5.142.1;ASSOCIAÇÃO DOS INDÚSTRIAIS DE VIDRO DE EMBALAGEM;AIVE;AIVE;registo;ASSOCIAÇÃO DE EMPREGADORES;empregadores;LISBOA;LISBOA;Extinta;1976-11-23;2006-11-22
5.286.0;ASSOCIAÇÃO DOS INDÚSTRIAIS DE VIDRO DOMÉSTICO E AFINS;INDUSTRIAISVIDRO;INDUSTRIAISVIDRO;recurso;ASSOCIAÇÃO DE EMPREGADORES;empregadores;LISBOA;LISBOA;Extinta;1976-10-13;1984-07-15
5.219.0;ASSOCIAÇÃO DOS INDÚSTRIAIS DO BACALHAU;INDUSTRIAISBACALHAU;INDUSTRIAISBACALHAU;recurso;ASSOCIAÇÃO DE EMPREGADORES;empregadores;ÍLHAVO;AVEIRO;Activa;1999-05-22;2024-11-22
5.476.1;ASSOCIAÇÃO DOS INDÚSTRIAIS DO ENSINO DA CONDUÇÃO AUTOMÓVEL DE PORTUGAL;ANORECA;ANORECA;registo;ASSOCIAÇÃO DE EMPREGADORES;empregadores;GONDOMAR;PORTO;Activa;2008-02-22;2024-06-29
5.476.0;ASSOCIAÇÃO DOS INDÚSTRIAIS DO ENSINO DE CONDUÇÃO AUTOMÓVEL DO NORTE;ANORECA;ANORECA;registo;ASSOCIAÇÃO DE EMPREGADORES;empregadores;PORTO;PORTO;Activa;1994-07-15;2006-09-15
5.133.1;ASSOCIAÇÃO DOS INDÚSTRIAIS E EXPORTADORES DE CORTIÇA (A.I.E.C.);AIEC;AIEC;registo;ASSOCIAÇÃO DE EMPREGADORES;empregadores;LISBOA;LISBOA;Extinta;1999-02-08;2023-05-29
5.167.1;ASSOCIAÇÃO DOS INDÚSTRIAIS E EXPORTADORES DE CORTIÇA DO NORTE;AIECN;AIECN;registo;ASSOCIAÇÃO DE EMPREGADORES;empregadores;SANTA MARIA DA FEIRA;AVEIRO;Activa;1978-02-08;1994-05-30
5.85.0;ASSOCIAÇÃO DOS INDÚSTRIAIS E EXPORTADORES DE PRODUTOS RESINOSOS;AIEPR;AIEPR;registo;ASSOCIAÇÃO DE EMPREGADORES;empregadores;LISBOA;LISBOA;Extinta;1975-09-02;2000-10-29
5.211.0;ASSOCIAÇÃO DOS INDÚSTRIAIS HOTELEIROS E SIMILARES DO ALGARVE;INDUSTRIAIHoteleiros;INDUSTRIAIS;recurso+desambiguada;ASSOCIAÇÃO DE EMPREGADORES;empregadores;;FARO;Activa;1975-11-25;1975-11-25
5.211.1;ASSOCIAÇÃO DOS INDÚSTRIAIS HOTELEIROS E SIMILARES DO ALGARVE;AIHSA;AIHSA;registo;ASSOCIAÇÃO DE EMPREGADORES;empregadores;FARO;FARO;Activa;1982-08-14;2022-02-28
5.156.0;ASSOCIAÇÃO DOS INDÚSTRIAIS METALÚRGICOS E METALOMECÂNICOS DO NORTE;INDUSTRIMetalurgicos;INDUSTRIAIS;recurso+desambiguada;ASSOCIAÇÃO DE EMPREGADORES;empregadores;PORTO;PORTO;Activa;1975-09-24;2002-02-22
5.156.1;ASSOCIAÇÃO DOS INDÚSTRIAIS METALÚRGICOS E METALOMECÂNICOS DO NORTE;AIMMN;AIMMN;registo;ASSOCIAÇÃO DE EMPREGADORES;empregadores;PORTO;PORTO;Activa;1987-07-15;1998-11-30
5.22.0;ASSOCIAÇÃO DOS INDÚSTRIAIS METALÚRGICOS E METALOMECÂNICOS DO SUL;AIMMS;AIMMS;registo;ASSOCIAÇÃO DE EMPREGADORES;empregadores;LISBOA;LISBOA;Activa;1975-08-09;1994-08-30
5.156.2;ASSOCIAÇÃO DOS INDÚSTRIAIS METALÚRGICOS METALOMECÂNICOS E AFINS DE PORTUGAL;AIMMAP;AIMMAP;registo;ASSOCIAÇÃO DE EMPREGADORES;empregadores;PORTO;PORTO;Activa;1995-06-21;2025-05-29
5.39.1;ASSOCIAÇÃO DOS INDÚSTRIAIS REFINADORES E EXTRACTORES DE GIRASSOL;AIREG;AIREG;registo;ASSOCIAÇÃO DE EMPREGADORES;empregadores;LISBOA;LISBOA;Extinta;1990-03-30;2004-05-22
5.408.0;ASSOCIAÇÃO DOS INDÚSTRIAIS REFINADORES E EXTRACTORES DE SOJA;AIRES;AIRES;registo;ASSOCIAÇÃO DE EMPREGADORES;empregadores;LISBOA;LISBOA;Extinta;1987-09-15;2011-12-29
5.261.1;ASSOCIAÇÃO DOS INDÚSTRIAIS TRANSFORMADORES DE VIDRO PLANO DE PORTUGAL;INDUSTRIAIS52611;INDUSTRIAIS;recurso+desambiguada;ASSOCIAÇÃO DE EMPREGADORES;empregadores;PORTO;PORTO;Activa;1982-04-30;2018-03-08
5.261.0;ASSOCIAÇÃO DOS INDÚSTRIAIS TRANSFORMADORES DE VIDRO PLANO DO NORTE DE PORTUGAL;INDUSTRIAIS52611;INDUSTRIAIS;recurso+desambiguada;ASSOCIAÇÃO DE EMPREGADORES;empregadores;VILA NOVA DE GAIA;PORTO;Activa;1976-05-13;1976-05-13
5.480.0;ASSOCIAÇÃO DOS INDÚSTRIAS DE OLARIA DE CORVAL;INDUSTRIASOLARIA;INDUSTRIASOLARIA;recurso;ASSOCIAÇÃO DE EMPREGADORES;empregadores;;ÉVORA;Extinta;1994-09-15;2011-08-29
5.58.0;ASSOCIAÇÃO DOS INDUSTRUIAIS DE VESTUÁRIO DO NORTE;INDUSTRUIAIS;INDUSTRUIAIS;recurso;ASSOCIAÇÃO DE EMPREGADORES;empregadores;PORTO;PORTO;Activa;1975-08-20;1977-05-26
5.38.2;ASSOCIAÇÃO DOS INDUTRIAIS DE COSMÉTICA, PERFUMARIA E HIGIENE CORPORAL (AIC);AIC;AIC;registo;ASSOCIAÇÃO DE EMPREGADORES;empregadores;LISBOA;LISBOA;Activa;1993-02-28;2024-12-15
5.599.0;ASSOCIAÇÃO DOS INSTALADORES DE PORTUGAL;AIPOR;AIPOR;registo;ASSOCIAÇÃO DE EMPREGADORES;empregadores;PORTO;PORTO;Activa;2008-05-30;2025-02-28
5.464.0;ASSOCIAÇÃO DOS JOVENS AGRICULTORES DO VALE DO SOUSA;AJAVS;AJAVS;registo;ASSOCIAÇÃO DE EMPREGADORES;empregadores;PENAFIEL;PORTO;Extinta;1993-04-15;2024-05-29
5.436.0;ASSOCIAÇÃO DOS JOVENS EMPRESÁRIOS DO VALE DO SOUSA;AJEVS;AJEVS;registo;ASSOCIAÇÃO DE EMPREGADORES;empregadores;AMARANTE;PORTO;Extinta;1990-04-16;1990-04-16
5.436.1;ASSOCIAÇÃO DOS JOVENS EMPRESÁRIOS DO VALE DO SOUSA E TÂMEGA;AJEVST;AJEVST;registo;ASSOCIAÇÃO DE EMPREGADORES;empregadores;AMARANTE;PORTO;Extinta;1990-09-30;2015-01-29
5.311.0;ASSOCIAÇÃO DOS LOJISTAS DO CENTRO COMERCIAL DE IMAVIZ;LOJISTASCENTRO;LOJISTASCENTRO;recurso;ASSOCIAÇÃO DE EMPREGADORES;empregadores;LISBOA;LISBOA;Extinta;1978-02-28;1980-03-06
5.433.0;ASSOCIAÇÃO DOS MEDIADORES DO ALGARVE;AMA;AMA;registo;ASSOCIAÇÃO DE EMPREGADORES;empregadores;FARO;FARO;Extinta;1989-11-15;2013-11-22
5.230.0;ASSOCIAÇÃO DOS MÉDICOS ANALISTAS PROPRIETÁRIOS DE LABORATÓRIOS DE ANÁLISES CLÍNICAS;APOMEPA;APOMEPA;registo;ASSOCIAÇÃO DE EMPREGADORES;empregadores;LISBOA;LISBOA;Extinta;1976-05-24;1976-08-18
5.289.0;ASSOCIAÇÃO DOS MÉDICOS RADIOLOGISTAS PROPRIETÁRIOS DE CONSULTÓRIOS DE RADIOLOGIA;MEDICOSRADIOLOGISTAS;MEDICOSRADIOLOGISTAS;recurso;ASSOCIAÇÃO DE EMPREGADORES;empregadores;LISBOA;LISBOA;Extinta;1976-11-26;1976-11-26
5.505.0;ASSOCIAÇÃO DOS MÉDIOS E PEQUENOS EMPRESÁRIOS PORTUGUESES;MEDIOSPEQUENOS;MEDIOSPEQUENOS;recurso;ASSOCIAÇÃO DE EMPREGADORES;empregadores;;AVEIRO;Extinta;1996-07-15;2012-04-22
5.313.1;ASSOCIAÇÃO DOS MESTRES PROPRIETÁRIOS DE PESCA ARTESANAL DA ZONA NORTE;MESTRESPROPRIETARIOS;MESTRESPROPRIETARIOS;recurso;ASSOCIAÇÃO DE EMPREGADORES;empregadores;PÓVOA DE VARZIM;PORTO;Extinta;1978-09-22;1978-09-22
5.417.0;ASSOCIAÇÃO DOS OPERADORES DO PORTO DE LISBOA;AOPL;AOPL;registo;ASSOCIAÇÃO DE EMPREGADORES;empregadores;LISBOA;LISBOA;Extinta;1988-05-30;2024-05-22
5.397.0;ASSOCIAÇÃO DOS OPERADORES PORTUÁRIOS DO PORTO DE VIANA DO CASTELO;OPERADORESPORTUARIOS;OPERADORESPORTUARIOS;recurso;ASSOCIAÇÃO DE EMPREGADORES;empregadores;VIANA DO CASTELO;VIANA DO CASTELO;Extinta;1986-04-30;2013-08-15
5.466.0;ASSOCIAÇÃO DOS OPERADORES PORTUÁRIOS DO SUL;AOPS;AOPS;registo;ASSOCIAÇÃO DE EMPREGADORES;empregadores;SETÚBAL;SETÚBAL;Activa;1993-04-30;2003-06-08
5.459.0;ASSOCIAÇÃO DOS OPERADORES PORTUÁRIOS DOS PORTOS DO DOURO E LEIXÕES;OPERADORESOperadores;OPERADORESPORTUARIOS;recurso+desambiguada;ASSOCIAÇÃO DE EMPREGADORES;empregadores;MATOSINHOS;PORTO;Activa;1992-11-30;2022-05-29
5.539.0;ASSOCIAÇÃO DOS OPERDORES DE FRUTAS DO MERCADO ABASTECEDOR DA REGIÃO DE LISBOA;ASSOMARL;ASSOMARL;registo;ASSOCIAÇÃO DE EMPREGADORES;empregadores;;LISBOA;Activa;2001-02-08;2010-03-15
5.234.0;ASSOCIAÇÃO DOS PEQUENOS E MÉDIOS COMERCIANTES DOS CONCELHOS DO BARREIRO E MOITA;PEQUENOSMEDIOS;PEQUENOSMEDIOS;recurso;ASSOCIAÇÃO DE EMPREGADORES;empregadores;BARREIRO;SETÚBAL;Activa;1977-07-08;1978-01-29
5.399.0;ASSOCIAÇÃO DOS PRODUTORES DE FILMES PUBLICITÁRIOS;PRODUTORESProdutores;PRODUTORESFILMES;recurso+desambiguada;ASSOCIAÇÃO DE EMPREGADORES;empregadores;LISBOA;LISBOA;Extinta;1986-07-15;1986-07-15
5.405.0;ASSOCIAÇÃO DOS PRODUTORES DE UVA DE MESA DA REGIÃO DO CARREGADO;PRODUTORESUVAMESA;PRODUTORESUVAMESA;recurso;ASSOCIAÇÃO DE EMPREGADORES;empregadores;ALENQUER;LISBOA;Extinta;1987-03-30;2015-05-29
5.399.1;ASSOCIAÇÃO DOS PRODUTORES/REALIZADORES DE FILMES PUBLICITÁRIOS;APRFP;APRFP;registo;ASSOCIAÇÃO DE EMPREGADORES;empregadores;LISBOA;LISBOA;Extinta;1988-07-15;2013-11-08
5.540.0;ASSOCIAÇÃO DOS PROFISSIONAIS ESPECIALISTAS EM MEDICINA TRADICIONAL;ASPEMT;ASPEMT;registo;ASSOCIAÇÃO DE EMPREGADORES;empregadores;LEIRIA;LEIRIA;Extinta;2001-07-15;2011-11-22
5.299.0;ASSOCIAÇÃO DOS QUIMICO-FARMACÊUTICOS ANALISTAS PROPRIETÁRIOS DE LABORATÓRIOS DE ANÁLISES CLINICAS;QUIMICOFARMACEUTICOS;QUIMICOFARMACEUTICOS;recurso;ASSOCIAÇÃO DE EMPREGADORES;empregadores;LISBOA;LISBOA;Activa;1977-06-15;1997-04-30
5.626.0;ASSOCIAÇÃO DOS RECAUCHUTADORES DE PORTUGAL;ARPRecauchutado;ARP;registo+desambiguada;ASSOCIAÇÃO DE EMPREGADORES;empregadores;LEIRIA;LEIRIA;Activa;2025-06-15;2026-01-05
5.83.0;ASSOCIAÇÃO DOS REPARADORES DE AUTOMÓVEIS DO SUL;REPARADORES;REPARADORES;recurso;ASSOCIAÇÃO DE EMPREGADORES;empregadores;LISBOA;LISBOA;Activa;1975-10-15;1982-07-30
5.583.0;ASSOCIAÇÃO DOS RESORTS DO ALENTEJO LITORAL;AREAL;AREAL;registo;ASSOCIAÇÃO DE EMPREGADORES;empregadores;LISBOA;LISBOA;Extinta;2006-05-29;2026-05-15
5.204.0;ASSOCIAÇÃO DOS RESTAURANTES E CAFÉS DO NORTE;RESTAURANTESCAFES;RESTAURANTESCAFES;recurso;ASSOCIAÇÃO DE EMPREGADORES;empregadores;PORTO;PORTO;Extinta;1976-03-02;1992-01-15
5.135.1;ASSOCIAÇÃO DOS RESTAURANTES E SIMILARES DE PORTUGAL;ARESP;ARESP;registo;ASSOCIAÇÃO DE EMPREGADORES;empregadores;LISBOA;LISBOA;Extinta;1990-02-28;1997-01-30
5.135.0;ASSOCIAÇÃO DOS RESTAURANTES E SIMILARES DO CENTRO/SUL DE PORTUGAL;RESTAURANTES;RESTAURANTES;recurso;ASSOCIAÇÃO DE EMPREGADORES;empregadores;LISBOA;LISBOA;Extinta;1975-09-01;1983-04-30
5.204.1;ASSOCIAÇÃO DOS RESTAURANTES, CAFÉS E SIMILARES DO NORTE DE PORTUGAL;RESTAURANTESCAFES;RESTAURANTESCAFES;recurso;ASSOCIAÇÃO DE EMPREGADORES;empregadores;PORTO;PORTO;Extinta;1996-02-15;2007-07-15
5.432.0;ASSOCIAÇÃO DOS RETALHISTAS DE CARNES DO DISTRITO DO PORTO (A.R.C.D.P.);ARCDP;ARCDP;registo;ASSOCIAÇÃO DE EMPREGADORES;empregadores;PORTO;PORTO;Extinta;1989-11-15;2020-08-15
5.343.0;ASSOCIAÇÃO DOS SHIPCHANDLERS DE PORTUGAL;SHIPCHANDLERS;SHIPCHANDLERS;recurso;ASSOCIAÇÃO DE EMPREGADORES;empregadores;LISBOA;LISBOA;Extinta;1981-12-15;2014-07-08
5.57.1;ASSOCIAÇÃO DOS TRANSITÁRIOS DE PORTUGAL;APAT;APAT;registo;ASSOCIAÇÃO DE EMPREGADORES;empregadores;LISBOA;LISBOA;Activa;1994-10-15;2026-08-31
5.555.0;ASSOCIAÇÃO DOS TRANSPORTADORES DE DOENTES EM AMBULÂNCIA;ATDA;ATDA;registo;ASSOCIAÇÃO DE EMPREGADORES;empregadores;PORTO;PORTO;Extinta;2004-04-08;2011-02-22
5.412.0;ASSOCIAÇÃO DOS TREFILADORES DE PORTUGAL;TREFILADORES;TREFILADORES;recurso;ASSOCIAÇÃO DE EMPREGADORES;empregadores;PORTO;PORTO;Activa;1988-02-15;2026-04-29
5.422.0;ASSOCIAÇÃO DOS VIVEIRISTAS DE BIVALVES DA LAGOA DE ALBUFEIRA;VIVEIRISTASBIVALVES;VIVEIRISTASBIVALVES;recurso;ASSOCIAÇÃO DE EMPREGADORES;empregadores;SESIMBRA;SETÚBAL;Extinta;1988-12-15;2013-05-29
5.570.1;ASSOCIAÇÃO EMPRESARIAL BEIRA ALTA;ACISBeira;ACIS;registo+desambiguada;ASSOCIAÇÃO DE EMPREGADORES;empregadores;SERNANCELHE;VISEU;Activa;2021-05-08;2023-07-26
5.235.3;ASSOCIAÇÃO EMPRESARIAL DA BEIRA BAIXA;ACICB;ACICB;registo;ASSOCIAÇÃO DE EMPREGADORES;empregadores;CASTELO BRANCO;CASTELO BRANCO;Activa;2014-06-08;2015-04-29
5.228.1;ASSOCIAÇÃO EMPRESARIAL DA COVILHÃ, BELMONTE E PENAMACOR;AECBP;AECBP;registo;ASSOCIAÇÃO DE EMPREGADORES;empregadores;COVILHÃ;CASTELO BRANCO;Activa;2001-07-15;2025-08-22
5.197.2;ASSOCIAÇÃO EMPRESARIAL DA MAIA;AEMAIA;AEMAIA;registo;ASSOCIAÇÃO DE EMPREGADORES;empregadores;MAIA;PORTO;Activa;2002-09-08;2022-05-22
5.182.2;ASSOCIAÇÃO EMPRESARIAL DA PÓVOA DE VARZIM;EMPRESARIALPOVOA;EMPRESARIALPOVOA;recurso;ASSOCIAÇÃO DE EMPREGADORES;empregadores;PÓVOA DE VARZIM;PORTO;Activa;2010-03-22;2024-07-22
5.460.1;ASSOCIAÇÃO EMPRESARIAL DA REGIÃO TÂMEGA;EMPRESARIALREGIAO;EMPRESARIALREGIAO;recurso;ASSOCIAÇÃO DE EMPREGADORES;empregadores;PENAFIEL;PORTO;Extinta;2008-06-08;2012-02-08
5.497.2;ASSOCIAÇÃO EMPRESARIAL DA SERRA DA ESTRELA (AESE);AESE;AESE;registo;ASSOCIAÇÃO DE EMPREGADORES;empregadores;;GUARDA;Activa;2008-03-18;2023-05-22
5.131.2;ASSOCIAÇÃO EMPRESARIAL DAS CALDAS DA RAINHA E OESTE;ACCCRO;ACCCRO;registo;ASSOCIAÇÃO DE EMPREGADORES;empregadores;CALDAS DA RAINHA;LEIRIA;Activa;2017-08-15;2022-09-22
5.279.1;ASSOCIAÇÃO EMPRESARIAL DE ÁGUEDA;EMPRESARIALAGUEDA;EMPRESARIALAGUEDA;recurso;ASSOCIAÇÃO DE EMPREGADORES;empregadores;;AVEIRO;Activa;2007-07-08;2011-02-22
5.279.2;ASSOCIAÇÃO EMPRESARIAL DE ÁGUEDA;EMPRESARIALAGUEDA;EMPRESARIALAGUEDA;recurso;ASSOCIAÇÃO DE EMPREGADORES;empregadores;;AVEIRO;Activa;;
5.279.3;ASSOCIAÇÃO EMPRESARIAL DE ÁGUEDA;EMPRESARIALAGUEDA;EMPRESARIALAGUEDA;recurso;ASSOCIAÇÃO DE EMPREGADORES;empregadores;;;Activa;2014-01-30;2023-05-29
5.194.2;ASSOCIAÇÃO EMPRESARIAL DE AMARANTE;EMPRESARIALAMARANTE;EMPRESARIALAMARANTE;recurso;ASSOCIAÇÃO DE EMPREGADORES;empregadores;AMARANTE;PORTO;Activa;2007-11-08;2026-01-15
5.564.0;ASSOCIAÇÃO EMPRESARIAL DE ANSIÃO;AEDA;AEDA;registo;ASSOCIAÇÃO DE EMPREGADORES;empregadores;ANSIÃO;LEIRIA;Activa;2005-01-15;2025-10-08
5.357.1;ASSOCIAÇÃO EMPRESARIAL DE BAIÃO;AEB;AEB;registo;ASSOCIAÇÃO DE EMPREGADORES;empregadores;BAIÃO;PORTO;Activa;2008-07-15;2026-03-22
5.217.3;ASSOCIAÇÃO EMPRESARIAL DE BRAGA;AEBRAGA;AEBRAGA;registo;ASSOCIAÇÃO DE EMPREGADORES;empregadores;;BRAGA;Activa;2018-05-07;2022-08-15
5.48.1;ASSOCIAÇÃO EMPRESARIAL DE COMÉRCIO E SERVIÇOS DOS CONCELHOS DE LOURES E ODIVELAS;EMPRESARIALCOMERCIO;EMPRESARIALCOMERCIO;recurso;ASSOCIAÇÃO DE EMPREGADORES;empregadores;LOURES;LISBOA;Activa;1999-07-15;2025-02-22
5.487.2;ASSOCIAÇÃO EMPRESARIAL DE COMUNICAÇÕES DE PORTUGAL;ACIST;ACIST;registo;ASSOCIAÇÃO DE EMPREGADORES;empregadores;COIMBRA;COIMBRA;Activa;2007-03-22;2025-07-22
5.613.0;ASSOCIAÇÃO EMPRESARIAL DE ESCOLAS DE CONDUÇAO E FORMAÇAO;CONDUFORMA;CONDUFORMA;registo;ASSOCIAÇÃO DE EMPREGADORES;empregadores;LISBOA;LISBOA;Activa;2017-11-23;2017-12-29
5.160.2;ASSOCIAÇÃO EMPRESARIAL DE FAFE, CABECEIRAS DE BASTO E CELORICO DE BASTO;EMPRESARIALFAFE;EMPRESARIALFAFE;recurso;ASSOCIAÇÃO DE EMPREGADORES;empregadores;FAFE;BRAGA;Activa;2001-12-22;2025-09-08
5.209.2;ASSOCIAÇÃO EMPRESARIAL DE FELGUEIRAS;EMPRESARIAL;EMPRESARIAL;recurso;ASSOCIAÇÃO DE EMPREGADORES;empregadores;FELGUEIRAS;PORTO;Activa;2007-12-08;2025-02-08
5.181.3;ASSOCIAÇÃO EMPRESARIAL DE LAMEGO;EMPRESARIALLAMEGO;EMPRESARIALLAMEGO;recurso;ASSOCIAÇÃO DE EMPREGADORES;empregadores;LAMEGO;VISEU;Extinta;2007-09-22;2012-02-08
5.625.0;ASSOCIAÇÃO EMPRESARIAL DE LOUSADA;AEL;AEL;registo;ASSOCIAÇÃO DE EMPREGADORES;empregadores;LOUSADA;PORTO;Activa;2022-07-25;2022-12-08
5.598.0;ASSOCIAÇÃO EMPRESARIAL DE PAÇOS DE FERREIRA;AEPF;AEPF;registo;ASSOCIAÇÃO DE EMPREGADORES;empregadores;PAÇOS DE FERREIRA;PORTO;Activa;2008-01-03;2025-04-29
5.185.2;ASSOCIAÇÃO EMPRESARIAL DE PAREDES;EMPRESARIALPAREDES;EMPRESARIALPAREDES;recurso;ASSOCIAÇÃO DE EMPREGADORES;empregadores;PAREDES;PORTO;Extinta;2007-12-22;2023-08-22
5.187.2;ASSOCIAÇÃO EMPRESARIAL DE PENAFIEL;AEP;AEP;registo;ASSOCIAÇÃO DE EMPREGADORES;empregadores;PENAFIEL;PORTO;Activa;1999-07-29;2020-05-08
5.169.1;ASSOCIAÇÃO EMPRESARIAL DE PONTE DE LIMA;EMPRESARIALPONTELIMA;EMPRESARIALPONTELIMA;recurso;ASSOCIAÇÃO DE EMPREGADORES;empregadores;PONTE DE LIMA;VIANA DO CASTELO;Activa;1994-05-30;2020-08-22
5.565.0;ASSOCIAÇÃO EMPRESARIAL DE SINES;AESines;AES;registo+desambiguada;ASSOCIAÇÃO DE EMPREGADORES;empregadores;SINES;SETÚBAL;Activa;2005-02-08;2023-12-22
5.565.1;ASSOCIAÇÃO EMPRESARIAL DE SINES;AESines;AES;registo+desambiguada;ASSOCIAÇÃO DE EMPREGADORES;empregadores;SINES;SETÚBAL;Activa;2024-02-29;2024-02-29
5.487.1;ASSOCIAÇÃO EMPRESARIAL DE TELECOMUNICAÇÕES;ACISTAET;ACISTAET;registo;ASSOCIAÇÃO DE EMPREGADORES;empregadores;COIMBRA;COIMBRA;Activa;2005-06-22;2005-06-22
5.233.3;ASSOCIAÇÃO EMPRESARIAL DE TORRES NOVAS, ENTRONCAMENTO, ALCANENA E GOLEGÃ;ACIS;ACIS;registo;ASSOCIAÇÃO DE EMPREGADORES;empregadores;TORRES NOVAS;SANTARÉM;Extinta;2004-01-08;2024-02-08
5.562.0;ASSOCIAÇÃO EMPRESARIAL DE VALONGO;EMPRESARIALVALONGO;EMPRESARIALVALONGO;recurso;ASSOCIAÇÃO DE EMPREGADORES;empregadores;;;Extinta;2004-10-29;2014-03-22
5.162.1;ASSOCIAÇÃO EMPRESARIAL DE VIANA DO CASTELO;EMPRESARIALVIANA;EMPRESARIALVIANA;recurso;ASSOCIAÇÃO DE EMPREGADORES;empregadores;VIANA DO CASTELO;VIANA DO CASTELO;Activa;1994-10-30;2023-09-29
5.243.3;ASSOCIAÇÃO EMPRESARIAL DO ALTO TÂMEGA;ACISAT;ACISAT;registo;ASSOCIAÇÃO DE EMPREGADORES;empregadores;CHAVES;VILA REAL;Activa;2001-06-08;2022-05-08
5.70.1;ASSOCIAÇÃO EMPRESARIAL DO CONCELHO DE CASCAIS;AECC;AECC;registo;ASSOCIAÇÃO DE EMPREGADORES;empregadores;CASCAIS;LISBOA;Activa;2004-06-15;2026-08-08
5.193.1;ASSOCIAÇÃO EMPRESARIAL DO CONCELHO DE MATOSINHOS;EMPRESARIALCONCELHO;EMPRESARIALCONCELHO;recurso;ASSOCIAÇÃO DE EMPREGADORES;empregadores;MATOSINHOS;PORTO;Activa;2007-01-25;2025-01-29
5.317.2;ASSOCIAÇÃO EMPRESARIAL DO CONCELHO DE RIO MAIOR(AECRM);AECRM;AECRM;registo;ASSOCIAÇÃO DE EMPREGADORES;empregadores;RIO MAIOR;SANTARÉM;Activa;2000-05-22;2025-04-08
5.481.1;ASSOCIAÇÃO EMPRESARIAL DO CONCELHO DE SANTA MARIA DA FEIRA(AEF);AEF;AEF;registo;ASSOCIAÇÃO DE EMPREGADORES;empregadores;;AVEIRO;Activa;2000-06-08;2025-08-22
5.90.2;ASSOCIAÇÃO EMPRESARIAL DO CONCELHO DE SINTRA;AESINTRA;AESINTRA;registo;ASSOCIAÇÃO DE EMPREGADORES;empregadores;SINTRA;LISBOA;Activa;2006-03-31;2026-08-22
5.162.2;ASSOCIAÇÃO EMPRESARIAL DO DISTRITO DE VIANA DO CASTELO;AEDVC;AEDVC;registo;ASSOCIAÇÃO DE EMPREGADORES;empregadores;VIANA DO CASTELO;VIANA DO CASTELO;Activa;2023-11-08;2026-09-08
5.212.2;ASSOCIAÇÃO EMPRESARIAL DO MARCO DE CANAVESES;AEMARCO;AEMARCO;registo;ASSOCIAÇÃO DE EMPREGADORES;empregadores;MARCO DE CANAVESES;PORTO;Activa;2002-10-15;2012-02-29
5.212.3;ASSOCIAÇÃO EMPRESARIAL DO MARCO DE CANAVESES;AEMARCO;AEMARCO;registo;ASSOCIAÇÃO DE EMPREGADORES;empregadores;MARCO DE CANAVESES;PORTO;Activa;2003-02-15;2019-03-15
5.607.0;ASSOCIAÇÃO EMPRESARIAL DO MERGULHO PROFISSIONAL;AEMP;AEMP;registo;ASSOCIAÇÃO DE EMPREGADORES;empregadores;ALMADA;SETÚBAL;Activa;2014-07-15;2014-08-22
5.494.2;ASSOCIAÇÃO EMPRESARIAL DO NORDESTE DA BEIRA;AENEBEIRA;AENEBEIRA;registo;ASSOCIAÇÃO DE EMPREGADORES;empregadores;TRANCOSO;GUARDA;Activa;2006-10-22;2023-04-17
5.116.2;ASSOCIAÇÃO EMPRESARIAL DOS CONCELHOS DE VILA FRANCA DE XIRA E ARRUDA DOS VINHOS(ACIS);ACISVFXAV;ACISVFXAV;registo;ASSOCIAÇÃO DE EMPREGADORES;empregadores;VILA FRANCA DE XIRA;LISBOA;Activa;2012-01-31;2021-12-15
5.574.0;ASSOCIAÇÃO EMPRESARIAL DOS PROFISSIONAIS INDEPENDENTES;AEPI;AEPI;registo;ASSOCIAÇÃO DE EMPREGADORES;empregadores;BARCELOS;BRAGA;Extinta;2005-12-08;2005-12-08
5.574.1;ASSOCIAÇÃO EMPRESARIAL DOS PROFISSIONAIS INDEPENDENTES;ANEPIEmpresarial;ANEPI;registo+desambiguada;ASSOCIAÇÃO DE EMPREGADORES;empregadores;BARCELOS;BRAGA;Extinta;2007-06-29;2024-05-08
5.50.3;ASSOCIAÇÃO EMPRESARIAL DOS SECTORES ELÉCTRICO, ELECTRODOMÉSTICO, FOTOGRÁFICO E ELECTRÓNICO;AGEFE;AGEFE;registo;ASSOCIAÇÃO DE EMPREGADORES;empregadores;LISBOA;LISBOA;Activa;2004-01-29;2019-07-08
5.50.4;ASSOCIAÇÃO EMPRESARIAL DOS SETORES ELÉTRICO, ELETRODOMÉSTICO, ELETRÓNICO, E DAS TECNOLOGIAS DA INFORMAÇÃO E COMUNICAÇÃO (TIC);AGEFE;AGEFE;registo;ASSOCIAÇÃO DE EMPREGADORES;empregadores;LISBOA;LISBOA;Activa;2021-09-23;2025-01-22
5.175.2;ASSOCIAÇÃO EMPRESARIAL OURÉM-FÁTIMA;ACISO;ACISO;registo;ASSOCIAÇÃO DE EMPREGADORES;empregadores;OURÉM;SANTARÉM;Activa;2002-05-29;2025-08-22
5.526.0;ASSOCIAÇÃO EMPRESARIAL PENEDO DO GRANADA;EMPRESARIALPENEDO;EMPRESARIALPENEDO;recurso;ASSOCIAÇÃO DE EMPREGADORES;empregadores;PEDRÓGÃO GRANDE;LEIRIA;Activa;2000-05-22;2026-08-08
5.363.0;ASSOCIAÇÃO GROSSISTAS DE OVOS DE LISBOA;AGOVO;AGOVO;registo;ASSOCIAÇÃO DE EMPREGADORES;empregadores;LISBOA;LISBOA;Extinta;1983-11-30;2013-03-08
5.473.0;ASSOCIAÇÃO INDUSTRIAL DE CRISTALARIA;AICristalaria;AIC;registo+desambiguada;ASSOCIAÇÃO DE EMPREGADORES;empregadores;;LEIRIA;Extinta;1994-05-15;2024-08-29
5.407.0;ASSOCIAÇÃO INDUSTRIAL DE LOUSADA;AIL;AIL;registo;ASSOCIAÇÃO DE EMPREGADORES;empregadores;LOUSADA;PORTO;Extinta;1987-08-30;2023-11-22
5.78.0;ASSOCIAÇÃO INDUSTRIAL DO MINHO;AIMinho;AIM;registo+desambiguada;ASSOCIAÇÃO DE EMPREGADORES;empregadores;;BRAGA;Activa;1977-02-08;2008-11-22
5.78.2;ASSOCIAÇÃO INDUSTRIAL DO MINHO;AIMinho;AIM;registo+desambiguada;ASSOCIAÇÃO DE EMPREGADORES;empregadores;;BRAGA;Activa;2011-07-29;2014-07-08
5.78.1;ASSOCIAÇÃO INDUSTRIAL DO MINHO - ASSOCIAÇÃO EMPRESARIAL AIM;AIMinho;AIM;registo+desambiguada;ASSOCIAÇÃO DE EMPREGADORES;empregadores;;BRAGA;Activa;2009-08-15;2011-07-08
5.560.0;ASSOCIAÇÃO INDUSTRIAL E COMERCIAL DE PINHEL;INDUSTRIALCOMERCIAL;INDUSTRIALCOMERCIAL;recurso;ASSOCIAÇÃO DE EMPREGADORES;empregadores;;GUARDA;Activa;2004-12-15;2023-08-15
5.62.1;ASSOCIAÇÃO INDUSTRIAL E COMERCIAL DO CAFÉ;AICC;AICC;registo;ASSOCIAÇÃO DE EMPREGADORES;empregadores;PAREDES;LISBOA;Activa;2002-01-29;2023-09-21
5.559.0;ASSOCIAÇÃO INDUSTRIAL PORTUGUESA DOS PRODUTORES DE ARGAMASSAS;AIPPA;AIPPA;registo;ASSOCIAÇÃO DE EMPREGADORES;empregadores;LEIRIA;LEIRIA;Extinta;2004-08-09;2025-01-22
5.279.0;ASSOCIAÇÃO INDÚSTRIAS DE ÁGUEDA;INDUSTRIASAGUEDA;INDUSTRIASAGUEDA;recurso;ASSOCIAÇÃO DE EMPREGADORES;empregadores;;AVEIRO;Activa;1976-10-22;2005-12-29
6.18.0;ASSOCIAÇÃO INETRNACIONAL CORTICEIRA;AINCOR;AINCOR;registo;FEDERAÇÃO DE EMPREGADORES;empregadores;LISBOA;LISBOA;Extinta;1995-03-15;1995-03-15
5.322.0;ASSOCIAÇÃO LIVRE DE SUINICULTORES;ALIS;ALIS;registo;ASSOCIAÇÃO DE EMPREGADORES;empregadores;MONTIJO;SETÚBAL;Activa;1979-01-15;2011-12-08
5.89.0;ASSOCIAÇÃO LIVRE DOS COMERCIANTES DO CONCELHO DE SALVATERRA DE MAGOS;LIVRECOMERCIANTES;LIVRECOMERCIANTES;recurso;ASSOCIAÇÃO DE EMPREGADORES;empregadores;SALVATERRA DE MAGOS;SANTARÉM;Extinta;1977-05-02;1978-03-10
5.90.0;ASSOCIAÇÃO LIVRE DOS COMERCIANTES DO CONCELHO DE SINTRA;LIVRECOMComerciantes;LIVRECOMERCIANTES;recurso+desambiguada;ASSOCIAÇÃO DE EMPREGADORES;empregadores;SINTRA;LISBOA;Activa;1975-09-01;1976-06-14
5.297.0;ASSOCIAÇÃO LIVRE DOS INDÚSTRIAIS DE GESSOS E CALES;LIVREINDUSTRIAGessos;LIVREINDUSTRIAIS;recurso+desambiguada;ASSOCIAÇÃO DE EMPREGADORES;empregadores;LISBOA;LISBOA;Activa;1977-10-22;2023-10-22
5.30.0;ASSOCIAÇÃO LIVRE DOS INDÚSTRIAIS DE MOAGEM DO NORTE E CENTRO;LIVREINDUSTRIAIS;LIVREINDUSTRIAIS;recurso;ASSOCIAÇÃO DE EMPREGADORES;empregadores;PORTO;PORTO;Extinta;1975-09-22;1983-01-30
5.241.0;ASSOCIAÇÃO LIVRE DOS INDÚSTRIAIS PELO FRIO;LIVREINDUSTRIAISPELO;LIVREINDUSTRIAISPELO;recurso;ASSOCIAÇÃO DE EMPREGADORES;empregadores;LISBOA;LISBOA;Activa;1975-11-12;1978-01-29
5.322.1;ASSOCIAÇÃO LIVRE DOS SUINICULTORES PORTUGUESES;ALISP;ALISP;registo;ASSOCIAÇÃO DE EMPREGADORES;empregadores;MONTIJO;SETÚBAL;Activa;2014-10-21;2023-07-22
5.466.2;ASSOCIAÇÃO MARÍTIMA E PORTUÁRIA;AOP;AOP;registo;ASSOCIAÇÃO DE EMPREGADORES;empregadores;SETÚBAL;SETÚBAL;Activa;2005-07-08;2018-05-29
5.466.1;ASSOCIAÇÃO MARÍTIMA E PORTUÁRIA DO SUL;AOPS;AOPS;registo;ASSOCIAÇÃO DE EMPREGADORES;empregadores;SETÚBAL;SETÚBAL;Activa;1996-11-30;2006-01-29
5.466.3;ASSOCIAÇÃO MARITIMA E PORTUARIA NACIONAL;AOP;AOP;registo;ASSOCIAÇÃO DE EMPREGADORES;empregadores;SETÚBAL;SETÚBAL;Activa;2020-11-22;2024-07-29
5.356.0;ASSOCIAÇÃO MÚTUA FINANCEIRA LIVRE DOS ARMADORES DA PESCA GERAL;CENTRO;CENTRO;registo;ASSOCIAÇÃO DE EMPREGADORES;empregadores;PENICHE;LEIRIA;Activa;1982-09-15;1982-09-15
5.356.1;ASSOCIAÇÃO MÚTUA FINANCEIRA LIVRE DOS ARMADORES DA PESCA GERAL-CENTRO (AMAP);AMAP;AMAP;registo;ASSOCIAÇÃO DE EMPREGADORES;empregadores;PENICHE;LEIRIA;Activa;2024-03-27;2024-11-08
5.68.0;ASSOCIAÇÃO NAC DOS INDÚSTRIAIS DE MATERIAL ELÉCTRICO E ELECTRÓNICO;ANIMEE;ANIMEE;registo;ASSOCIAÇÃO DE EMPREGADORES;empregadores;LISBOA;LISBOA;Activa;1975-09-06;1997-08-15
5.62.0;ASSOCIAÇÃO NAC DOS TORREFACTORES;NACTORREFACTORES;NACTORREFACTORES;recurso;ASSOCIAÇÃO DE EMPREGADORES;empregadores;LISBOA;LISBOA;Activa;1975-12-16;1999-07-29
5.88.0;ASSOCIAÇÃO NACIONAL DA HOSPITALIZAÇÃO PRIVADA;HOSPITALIZACAO;HOSPITALIZACAO;recurso;ASSOCIAÇÃO DE EMPREGADORES;empregadores;LISBOA;LISBOA;Activa;1975-09-22;2001-11-15
5.398.2;ASSOCIAÇÃO NACIONAL DA INDÚSTRIA DE ALIMENTAÇÃO INFANTIL E NUTRIÇÃO ENTÉRICA E PARENTÉRICA;ANID;ANID;registo;ASSOCIAÇÃO DE EMPREGADORES;empregadores;LISBOA;LISBOA;Activa;2020-02-29;2026-08-15
5.398.1;ASSOCIAÇÃO NACIONAL DA INDÚSTRIA DE ALIMENTAÇÃO INFANTIL E NUTRIÇÃO ESPECIAL;ANID;ANID;registo;ASSOCIAÇÃO DE EMPREGADORES;empregadores;LISBOA;LISBOA;Activa;2012-08-22;2019-03-22
5.398.0;ASSOCIAÇÃO NACIONAL DA INDÚSTRIA DIETÉTICA;ANID;ANID;registo;ASSOCIAÇÃO DE EMPREGADORES;empregadores;LISBOA;LISBOA;Activa;1986-05-30;2011-02-08
5.154.2;ASSOCIAÇÃO NACIONAL DA INDÚSTRIA E COMÉRCIO DE COLAS E SIMILARES;AICCS;AICCS;registo;ASSOCIAÇÃO DE EMPREGADORES;empregadores;LISBOA;LISBOA;Activa;2014-03-08;2019-11-08
5.218.3;ASSOCIAÇÃO NACIONAL DA INDÚSTRIA EXTRACTIVA E TRANSFORMADORA;ANIET;ANIET;registo;ASSOCIAÇÃO DE EMPREGADORES;empregadores;PORTO;PORTO;Activa;2005-12-22;2025-08-29
5.461.0;ASSOCIAÇÃO NACIONAL DA INDÚSTRIA PARA A PROTECÇÃO DAS PLANTAS;ANIPLA;ANIPLA;registo;ASSOCIAÇÃO DE EMPREGADORES;empregadores;OEIRAS;LISBOA;Activa;1993-01-15;2022-05-22
5.241.3;ASSOCIAÇÃO NACIONAL DA INDÚSTRIA PELO FRIO E COMERCIO DE PRODUTOS ALIMENTARES;ALIF;ALIF;registo;ASSOCIAÇÃO DE EMPREGADORES;empregadores;LISBOA;LISBOA;Activa;2022-07-22;2025-06-22
5.571.0;ASSOCIAÇÃO NACIONAL DAS ACTIVIDADES DE ORTOPROTESE;ANAO;ANAO;registo;ASSOCIAÇÃO DE EMPREGADORES;empregadores;LISBOA;LISBOA;Extinta;2005-08-29;2011-08-15
5.381.0;ASSOCIAÇÃO NACIONAL DAS AGÊNCIAS DE INFORMAÇÃO AUTOMOBILISTICA;ANAIA;ANAIA;registo;ASSOCIAÇÃO DE EMPREGADORES;empregadores;COIMBRA;COIMBRA;Extinta;1985-05-15;2011-06-22
5.126.0;ASSOCIAÇÃO NACIONAL DAS CASAS DE CÂMBIO;CASASCAMBIO;CASASCAMBIO;recurso;ASSOCIAÇÃO DE EMPREGADORES;empregadores;LISBOA;LISBOA;Extinta;1975-09-02;1977-02-16
5.83.1;ASSOCIAÇÃO NACIONAL DAS EMPRESAS DE COMÉRCIO E DA REPARAÇÃO AUTOMÓVEL;ANECRA;ANECRA;registo;ASSOCIAÇÃO DE EMPREGADORES;empregadores;LISBOA;LISBOA;Activa;1984-08-15;2025-05-22
5.309.0;ASSOCIAÇÃO NACIONAL DAS EMPRESAS DE ESTIVA;EMPRESASESTIVA;EMPRESASESTIVA;recurso;ASSOCIAÇÃO DE EMPREGADORES;empregadores;LISBOA;LISBOA;Extinta;1978-02-28;1983-02-15
5.624.0;ASSOCIAÇÃO NACIONAL DAS EMPRESAS DE MEDICINA DENTÁRIA E ESTOMATOLOGIA;ANEMEDE;ANEMEDE;registo;ASSOCIAÇÃO DE EMPREGADORES;empregadores;VILA NOVA DE GAIA;;Activa;2022-06-22;2022-07-29
5.586.0;ASSOCIAÇÃO NACIONAL DAS EMPRESAS DE RECURSOS HUMANOS;ANERH;ANERH;registo;ASSOCIAÇÃO DE EMPREGADORES;empregadores;LISBOA;LISBOA;Activa;2006-11-29;2013-05-22
5.439.1;ASSOCIAÇÃO NACIONAL DAS EMPRESAS DE SEGURANÇA;AESIRF;AESIRF;registo;ASSOCIAÇÃO DE EMPREGADORES;empregadores;LISBOA;LISBOA;Activa;2010-04-25;2021-04-08
5.439.0;ASSOCIAÇÃO NACIONAL DAS EMPRESAS DE SEGURANÇA, ROUBO E FOGO;AESIRF;AESIRF;registo;ASSOCIAÇÃO DE EMPREGADORES;empregadores;LISBOA;LISBOA;Activa;1990-07-30;1991-10-30
5.439.2;ASSOCIAÇÃO NACIONAL DAS EMPRESAS DE SEGURANÇA, ROUBO E FOGO;AESIRF;AESIRF;registo;ASSOCIAÇÃO DE EMPREGADORES;empregadores;LISBOA;LISBOA;Activa;2021-05-22;2026-04-15
5.549.0;ASSOCIAÇÃO NACIONAL DAS EMPRESAS DE SERVIÇO DE MERCHANDISING;ANESM;ANESM;registo;ASSOCIAÇÃO DE EMPREGADORES;empregadores;LISBOA;LISBOA;Extinta;2003-02-08;2019-03-15
5.447.0;ASSOCIAÇÃO NACIONAL DAS EMPRESAS LUTUOSAS;ANELutuosas;ANEL;registo+desambiguada;ASSOCIAÇÃO DE EMPREGADORES;empregadores;LISBOA;LISBOA;Activa;1991-01-15;2026-02-08
5.22.2;ASSOCIAÇÃO NACIONAL DAS EMPRESAS METALURGICAS E ELECTROMECANICAS;ANEMM;ANEMM;registo;ASSOCIAÇÃO DE EMPREGADORES;empregadores;LISBOA;LISBOA;Activa;2000-03-08;2015-05-22
5.22.3;ASSOCIAÇÃO NACIONAL DAS EMPRESAS METALURGICAS E ELECTROMECANICAS;ANEME;ANEME;registo;ASSOCIAÇÃO DE EMPREGADORES;empregadores;LISBOA;LISBOA;Activa;2012-04-29;2012-04-29
5.22.4;ASSOCIAÇÃO NACIONAL DAS EMPRESAS METALURGICAS E ELECTROMECANICAS;ANEME;ANEME;registo;ASSOCIAÇÃO DE EMPREGADORES;empregadores;LISBOA;LISBOA;Activa;2012-11-08;2025-03-15
5.22.1;ASSOCIAÇÃO NACIONAL DAS EMPRESAS METALÚRGICAS E METALOMECÂNICAS;ANEMM;ANEMM;registo;ASSOCIAÇÃO DE EMPREGADORES;empregadores;LISBOA;LISBOA;Activa;1995-12-30;1998-05-15
5.309.1;ASSOCIAÇÃO NACIONAL DAS EMPRESAS OPERADORAS PORTUÁRIAS;ANEE;ANEE;registo;ASSOCIAÇÃO DE EMPREGADORES;empregadores;LISBOA;LISBOA;Extinta;1983-05-30;1996-01-30
5.100.0;ASSOCIAÇÃO NACIONAL DAS FARMÁCIAS;FARMACIAS;FARMACIAS;recurso;ASSOCIAÇÃO DE EMPREGADORES;empregadores;LISBOA;LISBOA;Activa;1975-10-15;2001-05-22
5.100.1;ASSOCIAÇÃO NACIONAL DAS FARMÁCIAS;ANF;ANF;registo;ASSOCIAÇÃO DE EMPREGADORES;empregadores;LISBOA;LISBOA;Activa;2004-01-22;2024-06-15
5.242.3;ASSOCIAÇÃO NACIONAL DAS INDÚSTRIAS DE DUAS RODAS, FERRAGENS, MOBILIÁRIO E ACTIVIDADES COMPLEMENTARES DOS SETORES REPRESENTADOS;ABIMOTA;ABIMOTA;registo;ASSOCIAÇÃO DE EMPREGADORES;empregadores;ÁGUEDA;AVEIRO;Activa;2024-05-08;2024-05-08
5.242.1;ASSOCIAÇÃO NACIONAL DAS INDÚSTRIAS DE DUAS RODAS, FERRAGENS, MOBILIÁRIO E AFINS;INDUSTRIASDUASRODAS;INDUSTRIASDUASRODAS;recurso;ASSOCIAÇÃO DE EMPREGADORES;empregadores;;AVEIRO;Activa;2003-04-08;2019-01-22
5.242.2;ASSOCIAÇÃO NACIONAL DAS INDÚSTRIAS DE DUAS RODAS, FERRAGENS, MOBILIÁRIO E AFINS;ABIMOTA;ABIMOTA;registo;ASSOCIAÇÃO DE EMPREGADORES;empregadores;ÁGUEDA;AVEIRO;Activa;2019-08-08;2023-04-29
5.291.0;ASSOCIAÇÃO NACIONAL DAS INDÚSTRIAS DE EMBALAGENS METÁLICAS;INDUSTRIASEMBALAGENS;INDUSTRIASEMBALAGENS;recurso;ASSOCIAÇÃO DE EMPREGADORES;empregadores;LISBOA;LISBOA;Extinta;1977-04-21;2012-05-29
5.190.0;ASSOCIAÇÃO NACIONAL DAS INDÚSTRIAS DE MADEIRA;INDUSTRIASMADEIPorto;INDUSTRIASMADEIRA;recurso+desambiguada;ASSOCIAÇÃO DE EMPREGADORES;empregadores;PORTO;PORTO;Activa;1975-12-15;1991-03-15
5.362.1;ASSOCIAÇÃO NACIONAL DAS INDÚSTRIAS DE TECELAGEM E TEXTEIS-LAR;ANITTLAR;ANITTLAR;registo;ASSOCIAÇÃO DE EMPREGADORES;empregadores;GUIMARÃES;BRAGA;Activa;1984-04-15;1999-06-29
5.362.2;ASSOCIAÇÃO NACIONAL DAS INDÚSTRIAS DE TÊXTEIS-LAR;ANITLAR;ANITLAR;registo;ASSOCIAÇÃO DE EMPREGADORES;empregadores;;BRAGA;Activa;2002-06-08;2026-01-22
5.58.1;ASSOCIAÇÃO NACIONAL DAS INDÚSTRIAS DE VESTUÁRIO E CONFECÇÃO;ANIVEC;ANIVEC;registo;ASSOCIAÇÃO DE EMPREGADORES;empregadores;PORTO;PORTO;Activa;1981-03-28;2002-02-22
5.58.2;ASSOCIAÇÃO NACIONAL DAS INDÚSTRIAS DE VESTUÁRIO E CONFECÇÃO (ANIVEC/APIV);ANIVECAPIV;ANIVECAPIV;registo;ASSOCIAÇÃO DE EMPREGADORES;empregadores;PORTO;PORTO;Activa;2003-02-28;2009-05-08
5.58.4;ASSOCIAÇÃO NACIONAL DAS INDÚSTRIAS DE VESTUÁRIO E CONFECÇÃO E MODA;ANIVECAPIV;ANIVECAPIV;registo;ASSOCIAÇÃO DE EMPREGADORES;empregadores;PORTO;PORTO;Activa;2015-04-29;2025-12-22
5.58.3;ASSOCIAÇÃO NACIONAL DAS INDÚSTRIAS DE VESTUÁRIO E CONFECÇÃO E MODA (ANIVEC/APIV);ANIVECAPIV;ANIVECAPIV;registo;ASSOCIAÇÃO DE EMPREGADORES;empregadores;PORTO;PORTO;Activa;2015-03-11;2022-01-15
5.161.0;ASSOCIAÇÃO NACIONAL DAS INDÚSTRIAS TÊXTEIS ALGODOEIRAS E FIBRAS;INDUSTRIASTEXTEIS;INDUSTRIASTEXTEIS;recurso;ASSOCIAÇÃO DE EMPREGADORES;empregadores;PORTO;PORTO;Extinta;1975-11-12;1994-07-15
5.362.0;ASSOCIAÇÃO NACIONAL DAS INDÚSTRIAS TEXTEIS DE TECELAGEM;ANITT;ANITT;registo;ASSOCIAÇÃO DE EMPREGADORES;empregadores;GUIMARÃES;BRAGA;Activa;1983-10-30;2002-06-08
5.177.0;ASSOCIAÇÃO NACIONAL DAS ORGANIZAÇÕES DE PRODUTORES DE FRUTAS E HORTÍCOLAS;ANOP;ANOP;registo;ASSOCIAÇÃO DE EMPREGADORES;empregadores;LISBOA;LISBOA;Activa;1999-03-22;1999-03-22
5.177.2;ASSOCIAÇÃO NACIONAL DAS ORGANIZAÇÕES DE PRODUTORES DE FRUTAS E HORTÍCOLAS;FNOP;FNOP;registo;ASSOCIAÇÃO DE EMPREGADORES;empregadores;LISBOA;LISBOA;Activa;2024-08-29;2025-11-29
5.531.0;ASSOCIAÇÃO NACIONAL DAS PEQUENAS E MÉDIAS EMPRESAS;ASSINACIONAL;ASSINACIONAL;registo;ASSOCIAÇÃO DE EMPREGADORES;empregadores;LISBOA;LISBOA;Activa;2000-10-29;2001-12-15
5.531.1;ASSOCIAÇÃO NACIONAL DAS PEQUENAS E MÉDIAS EMPRESAS;ANPME;ANPME;registo;ASSOCIAÇÃO DE EMPREGADORES;empregadores;CASCAIS;LISBOA;Activa;2005-09-27;2025-04-15
5.596.0;ASSOCIAÇÃO NACIONAL DAS TRANSPORTADORAS PORTUGUESAS;ANTP;ANTP;registo;ASSOCIAÇÃO DE EMPREGADORES;empregadores;LOURES;LISBOA;Activa;2008-07-12;2024-01-22
5.273.3;ASSOCIAÇÃO NACIONAL DE AGENTES E CORRETORES DE SEGUROS;APROSE;APROSE;registo;ASSOCIAÇÃO DE EMPREGADORES;empregadores;PORTO;PORTO;Activa;2015-08-08;2025-08-08
5.477.0;ASSOCIAÇÃO NACIONAL DE AGENTES E CORRETORES DE SEGUROS;ANACS;ANACS;registo;ASSOCIAÇÃO DE EMPREGADORES;empregadores;LISBOA;LISBOA;Extinta;1994-08-15;2015-08-08
5.350.0;ASSOCIAÇÃO NACIONAL DE ARMAZENISTAS E IMPORTADORES DE BANANAS;ANIBArmazenistas;ANIB;registo+desambiguada;ASSOCIAÇÃO DE EMPREGADORES;empregadores;LISBOA;LISBOA;Extinta;1982-03-15;2012-01-08
5.389.0;ASSOCIAÇÃO NACIONAL DE ARMAZENISTAS,COMERCIANTES E IMPORTADORES DE CEREAIS E OLEAGINOSAS;ACICO;ACICO;registo;ASSOCIAÇÃO DE EMPREGADORES;empregadores;LISBOA;LISBOA;Activa;1985-10-30;2024-03-08
5.523.0;ASSOCIAÇÃO NACIONAL DE CARDIOLOGISTAS;ANACARD;ANACARD;registo;ASSOCIAÇÃO DE EMPREGADORES;empregadores;LISBOA;LISBOA;Activa;1998-09-30;2026-07-15
5.385.0;ASSOCIAÇÃO NACIONAL DE CENTROS DE DIÁLISE;ANADIAL;ANADIAL;registo;ASSOCIAÇÃO DE EMPREGADORES;empregadores;LISBOA;LISBOA;Activa;1985-06-30;2026-06-15
5.558.0;ASSOCIAÇÃO NACIONAL DE CENTROS DE INSPECÇÃO AUTOMÓVEL (ANCIA);ANCIA;ANCIA;registo;ASSOCIAÇÃO DE EMPREGADORES;empregadores;LISBOA;LISBOA;Activa;2004-09-08;2023-06-08
5.545.0;ASSOCIAÇÃO NACIONAL DE COLÉGIOS COM CONTRATO DE ASSOCIAÇÃO;ACCA;ACCA;registo;ASSOCIAÇÃO DE EMPREGADORES;empregadores;COIMBRA;COIMBRA;Extinta;2002-08-22;2012-02-15
5.491.0;ASSOCIAÇÃO NACIONAL DE COMERCIANTES DE PRODUTOS ALIMENTARES;ANCPA;ANCPA;registo;ASSOCIAÇÃO DE EMPREGADORES;empregadores;LISBOA;LISBOA;Extinta;1995-02-28;1999-06-08
5.491.1;ASSOCIAÇÃO NACIONAL DE COMERCIANTES DE PRODUTOS ALIMENTARES;ANACPA;ANACPA;registo;ASSOCIAÇÃO DE EMPREGADORES;empregadores;LISBOA;LISBOA;Extinta;1996-02-15;2023-03-15
5.146.1;ASSOCIAÇÃO NACIONAL DE COMERCIANTES DOS PRODUTOS DA TERRA, FAUNA E FLORA;ANCPT;ANCPT;registo;ASSOCIAÇÃO DE EMPREGADORES;empregadores;LISBOA;LISBOA;Activa;2014-06-08;2024-03-08
5.12.0;ASSOCIAÇÃO NACIONAL DE COMERCIANTES E INDÚSTRIAIS DE PRODUTOS ALIMENTARES;ANCIPA;ANCIPA;registo;ASSOCIAÇÃO DE EMPREGADORES;empregadores;PORTO;LISBOA;Activa;1975-09-20;2025-08-22
5.145.1;ASSOCIAÇÃO NACIONAL DE COMERCIANTES REVENDEDORES DE LOTARIA;COMERCIANTES51451;COMERCIANTES;recurso+desambiguada;ASSOCIAÇÃO DE EMPREGADORES;empregadores;LISBOA;LISBOA;Activa;2004-07-15;2005-12-29
5.2.0;ASSOCIAÇÃO NACIONAL DE EMPREITEIROS DE OBRAS PÚBLICAS(ANEOP);ANEOP;ANEOP;registo;ASSOCIAÇÃO DE EMPREGADORES;empregadores;LISBOA;LISBOA;Extinta;1975-01-08;2012-02-22
5.425.0;ASSOCIAÇÃO NACIONAL DE EMPREITEIROS FLORESTAIS E AGRÍCOLAS;ANEFA;ANEFA;registo;ASSOCIAÇÃO DE EMPREGADORES;empregadores;LISBOA;LISBOA;Activa;1989-01-30;1997-10-15
5.517.2;ASSOCIAÇÃO NACIONAL DE EMPRESAS DE LAVANDARIA, ARRANJOS DE COSTURA, CONSERTOS DE SAPATOS E CHAVES;ANASEL;ANASEL;registo;ASSOCIAÇÃO DE EMPREGADORES;empregadores;LISBOA;LISBOA;Activa;2012-04-08;2021-07-29
5.145.2;ASSOCIAÇÃO NACIONAL DE EMPRESAS DE LOTARIA E OUTROS JOGOS;EMPRESASLOTARIA;EMPRESASLOTARIA;recurso;ASSOCIAÇÃO DE EMPREGADORES;empregadores;LISBOA;LISBOA;Activa;2013-07-15;2013-10-29
5.577.0;ASSOCIAÇÃO NACIONAL DE EMPRESAS DE PRODUTOS EXPLOSIVOS;ANEPE;ANEPE;registo;ASSOCIAÇÃO DE EMPREGADORES;empregadores;LAMEGO;SETÚBAL;Activa;2006-02-15;2024-01-22
5.572.0;ASSOCIAÇÃO NACIONAL DE EMPRESAS DE PROTECÇÃO INCÊNDIO;ANEPI;ANEPI;registo;ASSOCIAÇÃO DE EMPREGADORES;empregadores;VILA FRANCA DE XIRA;LISBOA;Activa;2005-09-15;2005-09-15
5.551.0;ASSOCIAÇÃO NACIONAL DE EMPRESAS DE SEGURANÇA ALIMENTAR;ANESA;ANESA;registo;ASSOCIAÇÃO DE EMPREGADORES;empregadores;LISBOA;LISBOA;Activa;2003-07-08;2019-08-08
5.519.0;ASSOCIAÇÃO NACIONAL DE EMPRESAS DE SEGURANÇA ELECTRÓNICA;ANESEL;ANESEL;registo;ASSOCIAÇÃO DE EMPREGADORES;empregadores;LISBOA;LISBOA;Extinta;1998-02-15;2006-03-29
5.425.1;ASSOCIAÇÃO NACIONAL DE EMPRESAS FLORESTAIS, AGRICOLAS E DO AMBIENTE;ANEFA;ANEFA;registo;ASSOCIAÇÃO DE EMPREGADORES;empregadores;LISBOA;LISBOA;Activa;1997-11-15;2026-02-15
5.67.1;ASSOCIAÇÃO NACIONAL DE EMPRESAS TÊXTEIS;ANET;ANET;registo;ASSOCIAÇÃO DE EMPREGADORES;empregadores;PORTO;PORTO;Extinta;2000-06-08;2005-06-22
5.593.0;ASSOCIAÇÃO NACIONAL DE ENTIDADES FORMADORAS;ANEF;ANEF;registo;ASSOCIAÇÃO DE EMPREGADORES;empregadores;LISBOA;LISBOA;Activa;2008-01-15;2026-04-29
5.541.1;ASSOCIAÇÃO NACIONAL DE ESCOLAS PROFISSIONAIS;ANESPO;ANESPO;registo;ASSOCIAÇÃO DE EMPREGADORES;empregadores;LISBOA;LISBOA;Activa;2009-04-07;2025-04-15
5.393.0;ASSOCIAÇÃO NACIONAL DE EXIBIDORES;ANEX;ANEX;registo;ASSOCIAÇÃO DE EMPREGADORES;empregadores;PORTO;PORTO;Extinta;1986-01-30;2011-10-29
5.573.0;ASSOCIAÇÃO NACIONAL DE LABORATÓRIOS CLÍNICOS;ANL;ANL;registo;ASSOCIAÇÃO DE EMPREGADORES;empregadores;OEIRAS;LISBOA;Activa;2005-09-22;2024-08-15
5.620.0;ASSOCIAÇÃO NACIONAL DE MARCAS DE RETALHO E RESTAURAÇAO;AMRR;AMRR;registo;ASSOCIAÇÃO DE EMPREGADORES;empregadores;PORTO;PORTO;Activa;2022-03-11;2026-07-22
5.594.0;ASSOCIAÇÃO NACIONAL DE MICROEMPRESAS DE CRECHES E DE JARDINS DE INFANCIA;ANJIC;ANJIC;registo;ASSOCIAÇÃO DE EMPREGADORES;empregadores;VILA NOVA DE GAIA;PORTO;Extinta;2008-03-29;2013-03-29
5.516.0;ASSOCIAÇÃO NACIONAL DE OPERADORES DE MÁQUINAS RECREATIVAS;ANOMAR;ANOMAR;registo;ASSOCIAÇÃO DE EMPREGADORES;empregadores;LISBOA;LISBOA;Extinta;1997-11-15;2012-07-08
5.496.0;ASSOCIAÇÃO NACIONAL DE OSTEOPATAS;ANOTerapeutas;ANO;registo+desambiguada;ASSOCIAÇÃO DE EMPREGADORES;empregadores;LISBOA;LISBOA;Extinta;1995-06-30;1995-06-30
5.402.0;ASSOCIAÇÃO NACIONAL DE PRODUTORES DE TAPETES DE ARRAIOLOS;PRODUTORESTAPETES;PRODUTORESTAPETES;recurso;ASSOCIAÇÃO DE EMPREGADORES;empregadores;LISBOA;LISBOA;Extinta;1986-08-30;2012-06-29
5.293.0;ASSOCIAÇÃO NACIONAL DE REVENDEDORES DE COMBUSTÍVEIS;ANAREC;ANAREC;registo;ASSOCIAÇÃO DE EMPREGADORES;empregadores;LISBOA;LISBOA;Activa;1977-05-11;2023-05-29
5.293.1;ASSOCIAÇÃO NACIONAL DE REVENDEDORES DE COMBUSTÍVEIS, ESTAÇÕES DE SERVIÇO, ESTACIONAMENTOS E LAVAGENS AUTOMÓVEIS;ANAREC;ANAREC;registo;ASSOCIAÇÃO DE EMPREGADORES;empregadores;LISBOA;LISBOA;Activa;2023-11-29;2026-05-22
5.517.0;ASSOCIAÇÃO NACIONAL DE SERVIÇOS DE LIMPEZA A SECO, LAVANDARIA E TINTURARIA;ANASE;ANASE;registo;ASSOCIAÇÃO DE EMPREGADORES;empregadores;LISBOA;LISBOA;Activa;1997-11-03;2005-12-08
5.517.1;ASSOCIAÇÃO NACIONAL DE SERVIÇOS DE LIMPEZA A SECO, LAVANDARIA E TINTURARIA;ANASEL;ANASEL;registo;ASSOCIAÇÃO DE EMPREGADORES;empregadores;LISBOA;LISBOA;Activa;2007-05-08;2012-01-08
5.347.0;ASSOCIAÇÃO NACIONAL DE SUPERMERCADOS;ANS;ANS;registo;ASSOCIAÇÃO DE EMPREGADORES;empregadores;LISBOA;LISBOA;Activa;1981-12-30;1992-08-30
5.496.1;ASSOCIAÇÃO NACIONAL DE TERAPEUTAS MANIPULATIVOS;ANOTerapeutas;ANO;registo+desambiguada;ASSOCIAÇÃO DE EMPREGADORES;empregadores;LISBOA;LISBOA;Extinta;2005-12-19;2014-08-08
5.15.0;ASSOCIAÇÃO NACIONAL DE TRANSPORTADORES PÚBLICOS RODOVIÁRIOS DE MERCADORIAS;ANTRAM;ANTRAM;registo;ASSOCIAÇÃO DE EMPREGADORES;empregadores;LISBOA;LISBOA;Activa;1975-08-26;2026-01-29
5.203.1;ASSOCIAÇÃO NACIONAL DE TRANSPORTADORES RODOVIÁRIOS DE PESADOS DE PASSAGEIROS;ANTROP;ANTROP;registo;ASSOCIAÇÃO DE EMPREGADORES;empregadores;PORTO;PORTO;Activa;1977-10-08;2017-03-29
5.203.2;ASSOCIAÇÃO NACIONAL DE TRANSPORTES DE PASSAGEIROS;ANTROP;ANTROP;registo;ASSOCIAÇÃO DE EMPREGADORES;empregadores;PORTO;PORTO;Activa;2018-07-15;2026-02-22
5.507.0;ASSOCIAÇÃO NACIONAL DE UNIDADES DE DIAGNÓSTICO PELA IMAGEM;ANAUDI;ANAUDI;registo;ASSOCIAÇÃO DE EMPREGADORES;empregadores;LISBOA;LISBOA;Activa;1996-10-15;1996-10-15
5.507.1;ASSOCIAÇÃO NACIONAL DE UNIDADES DE DIAGNÓSTICO POR IMAGEM;ANAUDI;ANAUDI;registo;ASSOCIAÇÃO DE EMPREGADORES;empregadores;LISBOA;LISBOA;Activa;1997-02-28;2026-07-15
5.627.0;ASSOCIAÇÃO NACIONAL DE UNIDADES DE GASTRENTEROLOGIA;ANUG;ANUG;registo;ASSOCIAÇÃO DE EMPREGADORES;empregadores;;LISBOA;Activa;2025-12-04;2026-06-22
5.410.0;ASSOCIAÇÃO NACIONAL DE UTENTES PRIVATIVOS DE CAIS CONCESSIONADOS OU LICENCIADOS;ANUC;ANUC;registo;ASSOCIAÇÃO DE EMPREGADORES;empregadores;LISBOA;LISBOA;Activa;1987-12-15;2024-01-22
5.410.1;ASSOCIAÇÃO NACIONAL DE UTENTES PRIVATIVOS E DE CONCESSIONÁRIOS DE SERVIÇO PÚBLICO DE ÁREAS PORTUÁRIAS;ANUC;ANUC;registo;ASSOCIAÇÃO DE EMPREGADORES;empregadores;LISBOA;LISBOA;Activa;1995-11-15;2021-01-22
5.378.4;ASSOCIAÇÃO NACIONAL DO CORPO E DO CABELO;CORPOCABELO;CORPOCABELO;recurso;ASSOCIAÇÃO DE EMPREGADORES;empregadores;LEIRIA;LEIRIA;Activa;2016-08-08;2024-07-08
5.541.0;ASSOCIAÇÃO NACIONAL DO ENSINO PROFISSIONAL;ANESPO;ANESPO;registo;ASSOCIAÇÃO DE EMPREGADORES;empregadores;LISBOA;LISBOA;Activa;2002-05-08;2002-05-08
5.320.0;ASSOCIAÇÃO NACIONAL DO ESTETICISMO PROFISSIONAL;ANEP;ANEP;registo;ASSOCIAÇÃO DE EMPREGADORES;empregadores;LISBOA;LISBOA;Activa;1979-01-15;2013-11-29
5.320.1;ASSOCIAÇÃO NACIONAL DO ESTETICISMO PROFISSIONAL, INSTITUTOS DE BELEZA E FORMAÇÃO PROFISSIONAL;ANEP;ANEP;registo;ASSOCIAÇÃO DE EMPREGADORES;empregadores;OEIRAS;LISBOA;Activa;2016-05-30;2022-05-22
5.23.1;ASSOCIAÇÃO NACIONAL DO RAMO AUTOMÓVEL;ARAN;ARAN;registo;ASSOCIAÇÃO DE EMPREGADORES;empregadores;PORTO;PORTO;Activa;1984-11-15;2025-07-22
5.378.3;ASSOCIAÇÃO NACIONAL DO SECTOR DE COMERCIO E SERVIÇOS DE CUIDADOS CORPORAIS;SECTORCOMERCIO;SECTORCOMERCIO;recurso;ASSOCIAÇÃO DE EMPREGADORES;empregadores;LEIRIA;LEIRIA;Activa;1999-10-22;2018-07-22
5.203.0;ASSOCIAÇÃO NACIONAL DO TRANSPORTE RODOVIÁRIO PESADO DE PASSAGEIROS;ANTROP;ANTROP;registo;ASSOCIAÇÃO DE EMPREGADORES;empregadores;PORTO;PORTO;Activa;1975-09-24;1999-08-15
5.137.0;ASSOCIAÇÃO NACIONAL DOS ARMAZENISTAS DE PAPEL;ARMAZENISTASPAPEL;ARMAZENISTASPAPEL;recurso;ASSOCIAÇÃO DE EMPREGADORES;empregadores;LISBOA;LISBOA;Extinta;1975-09-04;2007-06-08
5.31.0;ASSOCIAÇÃO NACIONAL DOS ARMAZENISTAS, IMPORTADORES E EXPORTADORES DE FRUTAS E PRODUTOS HORTÍCOLAS;ANAIEF;ANAIEF;registo;ASSOCIAÇÃO DE EMPREGADORES;empregadores;LISBOA;LISBOA;Activa;1975-08-14;2000-01-15
5.278.0;ASSOCIAÇÃO NACIONAL DOS CENTROS DE ABATE DE AVES;ANCAVE;ANCAVE;registo;ASSOCIAÇÃO DE EMPREGADORES;empregadores;LISBOA;LISBOA;Activa;1976-08-17;2002-06-08
5.278.1;ASSOCIAÇÃO NACIONAL DOS CENTROS DE ABATE E INDÚSTRIAS TRANSFORMADORAS DE CARNE DE AVES;ANCAVE;ANCAVE;registo;ASSOCIAÇÃO DE EMPREGADORES;empregadores;LISBOA;LISBOA;Activa;1984-12-15;2024-07-15
5.107.1;ASSOCIAÇÃO NACIONAL DOS COMERCIANTES DE EQUIPAMENTOS CIENTÍFICOS, S.A.ÚDE E IMAGEM;COMERCIANTESLisboa;COMERCIANTES;recurso+desambiguada;ASSOCIAÇÃO DE EMPREGADORES;empregadores;LISBOA;LISBOA;Extinta;1997-02-28;2024-09-22
5.52.0;ASSOCIAÇÃO NACIONAL DOS COMERCIANTES DE VEÍCULOS DE DUAS RODAS;ANCVDR;ANCVDR;registo;ASSOCIAÇÃO DE EMPREGADORES;empregadores;ÁGUEDA;AVEIRO;Extinta;1975-11-22;2008-01-22
5.308.3;ASSOCIAÇÃO NACIONAL DOS COMERCIANTES E EXPORTADORES DE VINHOS E BEBIDAS ESPIRITUOSAS;ANCEVE;ANCEVE;registo;ASSOCIAÇÃO DE EMPREGADORES;empregadores;PORTO;PORTO;Activa;1998-08-15;2020-03-08
5.354.0;ASSOCIAÇÃO NACIONAL DOS CONCESSIONÁRIOS DE ESTABELECIMENTOS DE PRAIAS DE BANHOS E SERVIÇOS AFINS;CONCESSIONARIOS;CONCESSIONARIOS;recurso;ASSOCIAÇÃO DE EMPREGADORES;empregadores;CASCAIS;LISBOA;Extinta;1982-08-30;2016-07-22
5.401.0;ASSOCIAÇÃO NACIONAL DOS CORRETORES DE SEGUROS;ANCOSE;ANCOSE;registo;ASSOCIAÇÃO DE EMPREGADORES;empregadores;LISBOA;LISBOA;Extinta;1986-08-15;1999-06-15
5.292.0;ASSOCIAÇÃO NACIONAL DOS DISTRIBUIDORES DE ÁGUAS, REFRIGERANTES E CERVEJAS;ANDARC;ANDARC;registo;ASSOCIAÇÃO DE EMPREGADORES;empregadores;LISBOA;LISBOA;Extinta;1984-04-15;2012-06-08
5.17.0;ASSOCIAÇÃO NACIONAL DOS EMPRESÁRIOS DE LIMPEZA;ANEL;ANEL;registo;ASSOCIAÇÃO DE EMPREGADORES;empregadores;LISBOA;LISBOA;Extinta;1998-10-15;1998-11-15
5.17.1;ASSOCIAÇÃO NACIONAL DOS EMPRESÁRIOS DE LIMPEZA;ANEL;ANEL;registo;ASSOCIAÇÃO DE EMPREGADORES;empregadores;LISBOA;LISBOA;Extinta;2011-06-08;2011-06-08
5.587.0;ASSOCIAÇÃO NACIONAL DOS ESTABELECIMENTOS DE EDUCAÇÃO PRIVADOS;ANEEP;ANEEP;registo;ASSOCIAÇÃO DE EMPREGADORES;empregadores;VILA NOVA DE GAIA;PORTO;Extinta;2007-02-08;2008-12-22
5.307.0;ASSOCIAÇÃO NACIONAL DOS ESTABELECIMENTOS PRIVADOS DE SAÚDE;ESTABELEEstabelecime;ESTABELECIMENTOS;recurso+desambiguada;ASSOCIAÇÃO DE EMPREGADORES;empregadores;LISBOA;LISBOA;Extinta;1977-12-29;2011-11-29
5.114.1;ASSOCIAÇÃO NACIONAL DOS GROSSISTAS DE TABACOS;GROSSISTASTABACOS;GROSSISTASTABACOS;recurso;ASSOCIAÇÃO DE EMPREGADORES;empregadores;LISBOA;LISBOA;Activa;2005-11-08;2009-10-15
5.364.0;ASSOCIAÇÃO NACIONAL DOS GROSSISTAS TRANSFORMADORES DE CARNES;ANATCA;ANATCA;registo;ASSOCIAÇÃO DE EMPREGADORES;empregadores;LISBOA;LISBOA;Extinta;1984-02-29;2013-03-08
5.195.2;ASSOCIAÇÃO NACIONAL DOS IMPORTADORES /ARMAZENISTAS E RETALHISTAS DE PRODUTOS QUIMICOS E FARMACÊUTICOS;NORQUIFAR;NORQUIFAR;registo;ASSOCIAÇÃO DE EMPREGADORES;empregadores;PORTO;PORTO;Activa;2006-08-08;2024-04-29
5.218.2;ASSOCIAÇÃO NACIONAL DOS INDÚSTRIAIS DA PEDRA;ANIP;ANIP;registo;ASSOCIAÇÃO DE EMPREGADORES;empregadores;PORTO;PORTO;Activa;2005-05-22;2005-05-22
5.119.0;ASSOCIAÇÃO NACIONAL DOS INDÚSTRIAIS DE ÁGUAS MINEROMEDICINAIS E DE MESA;ANIAMM;ANIAMM;registo;ASSOCIAÇÃO DE EMPREGADORES;empregadores;LISBOA;LISBOA;Activa;1975-09-03;1985-05-15
5.11.0;ASSOCIAÇÃO NACIONAL DOS INDÚSTRIAIS DE ARROZ;ANIA;ANIA;registo;ASSOCIAÇÃO DE EMPREGADORES;empregadores;LISBOA;LISBOA;Activa;1976-01-08;2026-07-03
5.267.0;ASSOCIAÇÃO NACIONAL DOS INDÚSTRIAIS DE BARRO VERMELHO;ANIBAVE;ANIBAVE;registo;ASSOCIAÇÃO DE EMPREGADORES;empregadores;LISBOA;LISBOA;Extinta;1976-04-28;2013-11-15
5.242.0;ASSOCIAÇÃO NACIONAL DOS INDÚSTRIAIS DE BICICLETAS, CICLOMOTORES, MOTOCICLOS E ACESSÓRIOS;INDUSTRIAIBicicletas;INDUSTRIAIS;recurso+desambiguada;ASSOCIAÇÃO DE EMPREGADORES;empregadores;;AVEIRO;Activa;1976-12-07;2000-05-15
5.333.0;ASSOCIAÇÃO NACIONAL DOS INDÚSTRIAIS DE BOTÕES;INDUSTRIAISBOTOES;INDUSTRIAISBOTOES;recurso;ASSOCIAÇÃO DE EMPREGADORES;empregadores;VILA NOVA DE GAIA;PORTO;Activa;1980-06-29;2022-07-08
5.333.1;ASSOCIAÇÃO NACIONAL DOS INDÚSTRIAIS DE BOTÕES E ACESSÓRIOS TÊXTEIS (ANIB);ANIB;ANIB;registo;ASSOCIAÇÃO DE EMPREGADORES;empregadores;VILA NOVA DE GAIA;PORTO;Activa;2025-09-24;2025-12-08
5.14.0;ASSOCIAÇÃO NACIONAL DOS INDÚSTRIAIS DE CARNES;ANIC;ANIC;registo;ASSOCIAÇÃO DE EMPREGADORES;empregadores;LISBOA;LISBOA;Activa;1975-08-22;2004-11-29
5.306.1;ASSOCIAÇÃO NACIONAL DOS INDÚSTRIAIS DE CONSERVAS DE PEIXE;INDUSTRIAIMatosinhos;INDUSTRIAISCONSERVAS;recurso+desambiguada;ASSOCIAÇÃO DE EMPREGADORES;empregadores;MATOSINHOS;PORTO;Activa;1982-08-14;1986-09-30
5.306.2;ASSOCIAÇÃO NACIONAL DOS INDÚSTRIAIS DE CONSERVAS DE PEIXE(ANICP);ANICP;ANICP;registo;ASSOCIAÇÃO DE EMPREGADORES;empregadores;MATOSINHOS;PORTO;Activa;1991-06-15;2021-03-15
5.33.0;ASSOCIAÇÃO NACIONAL DOS INDÚSTRIAIS DE CUTELARIAS;INDUSTRIAICutelarias;INDUSTRIAIS;recurso+desambiguada;ASSOCIAÇÃO DE EMPREGADORES;empregadores;GUIMARÃES;BRAGA;Extinta;1975-10-28;2011-03-22
5.34.0;ASSOCIAÇÃO NACIONAL DOS INDÚSTRIAIS DE ENSINO DE CONDUÇÃO AUTOMÓVEL;ANIECA;ANIECA;registo;ASSOCIAÇÃO DE EMPREGADORES;empregadores;LISBOA;LISBOA;Activa;1975-08-22;2026-06-29
5.97.0;ASSOCIAÇÃO NACIONAL DOS INDÚSTRIAIS DE FOTOGRAFIA;ANIF;ANIF;registo;ASSOCIAÇÃO DE EMPREGADORES;empregadores;LISBOA;LISBOA;Activa;1975-09-11;2013-10-22
5.518.0;ASSOCIAÇÃO NACIONAL DOS INDÚSTRIAIS DE GELADOS ALIMENTARES;INDUSTRIAISGELADOS;INDUSTRIAISGELADOS;recurso;ASSOCIAÇÃO DE EMPREGADORES;empregadores;LISBOA;LISBOA;Activa;1997-12-30;2003-04-22
5.518.1;ASSOCIAÇÃO NACIONAL DOS INDÚSTRIAIS DE GELADOS ALIMENTARES, OLEOS, MARGARINAS E DERIVADOS;ANIGOM;ANIGOM;registo;ASSOCIAÇÃO DE EMPREGADORES;empregadores;LISBOA;LISBOA;Activa;2010-09-08;2026-01-22
5.44.1;ASSOCIAÇÃO NACIONAL DOS INDÚSTRIAIS DE LACTICÍNIOS;INDUSTRIAISPorto;INDUSTRIAIS;recurso+desambiguada;ASSOCIAÇÃO DE EMPREGADORES;empregadores;PORTO;PORTO;Activa;1981-02-28;2003-10-29
5.44.2;ASSOCIAÇÃO NACIONAL DOS INDÚSTRIAIS DE LACTICÍNIOS (ANIL);ANIL;ANIL;registo;ASSOCIAÇÃO DE EMPREGADORES;empregadores;PORTO;PORTO;Activa;1996-11-15;2025-07-15
5.324.0;ASSOCIAÇÃO NACIONAL DOS INDÚSTRIAIS DE LANIFÍCIOS;ANILanificios;ANIL;registo+desambiguada;ASSOCIAÇÃO DE EMPREGADORES;empregadores;COVILHÃ;CASTELO BRANCO;Activa;1979-04-22;1979-04-22
5.324.1;ASSOCIAÇÃO NACIONAL DOS INDÚSTRIAIS DE LANIFÍCIOS(ANIL);ANILanificios;ANIL;registo+desambiguada;ASSOCIAÇÃO DE EMPREGADORES;empregadores;COVILHÃ;CASTELO BRANCO;Activa;1981-08-15;2023-12-29
5.69.0;ASSOCIAÇÃO NACIONAL DOS INDÚSTRIAIS DE LAVANDARIA E TINTURARIA;ANILT;ANILT;registo;ASSOCIAÇÃO DE EMPREGADORES;empregadores;LISBOA;LISBOA;Extinta;1975-10-16;2012-11-29
5.272.0;ASSOCIAÇÃO NACIONAL DOS INDÚSTRIAIS DE LICORES E BEBIDAS ESPIRITUOSAS(NÃO VINICAS);ANILEBE;ANILEBE;registo;ASSOCIAÇÃO DE EMPREGADORES;empregadores;LISBOA;LISBOA;Extinta;1976-11-04;2012-11-15
5.609.0;ASSOCIAÇÃO NACIONAL DOS INDÚSTRIAIS DE MASSAS CONGELADAS;ANIMAC;ANIMAC;registo;ASSOCIAÇÃO DE EMPREGADORES;empregadores;LISBOA;LISBOA;Activa;2014-12-15;2026-01-15
5.106.0;ASSOCIAÇÃO NACIONAL DOS INDÚSTRIAIS DE MOAGEM DE RAMAS E ESPOADAS DE MILHO E CENTEIO;INDUSTRIAISMOAGEM;INDUSTRIAISMOAGEM;recurso;ASSOCIAÇÃO DE EMPREGADORES;empregadores;LISBOA;LISBOA;Activa;1975-09-20;1997-04-30
5.106.1;ASSOCIAÇÃO NACIONAL DOS INDÚSTRIAIS DE MOAGEM DE TRIGO, MILHO E CENTEIO;INDUSTRIAISMOAGEM;INDUSTRIAISMOAGEM;recurso;ASSOCIAÇÃO DE EMPREGADORES;empregadores;LISBOA;LISBOA;Activa;1994-12-30;2019-02-08
5.106.2;ASSOCIAÇÃO NACIONAL DOS INDÚSTRIAIS DE MOAGEM, PRODUÇÃO E COMÉRCIO DE CEREAIS, LEGUMINOSAS, MASSAS E DERIVADOS;ANIM;ANIM;registo;ASSOCIAÇÃO DE EMPREGADORES;empregadores;LISBOA;LISBOA;Activa;2019-08-15;2019-08-15
5.342.0;ASSOCIAÇÃO NACIONAL DOS INDÚSTRIAIS DE MOSAICOS HIDRÁULICOS;ANIMO;ANIMO;registo;ASSOCIAÇÃO DE EMPREGADORES;empregadores;COIMBRA;COIMBRA;Extinta;1981-10-30;2011-05-29
5.277.0;ASSOCIAÇÃO NACIONAL DOS INDÚSTRIAIS DE PAPEL E CARTÃO;ANIPCPapel;ANIPC;registo+desambiguada;ASSOCIAÇÃO DE EMPREGADORES;empregadores;SANTA MARIA DA FEIRA;AVEIRO;Activa;1976-09-04;2000-02-15
5.277.1;ASSOCIAÇÃO NACIONAL DOS INDÚSTRIAIS DE PAPEL E CARTÃO;ANIPCPapel;ANIPC;registo+desambiguada;ASSOCIAÇÃO DE EMPREGADORES;empregadores;;AVEIRO;Activa;1995-12-15;2025-03-15
5.373.0;ASSOCIAÇÃO NACIONAL DOS INDÚSTRIAIS DE PIMENTÃO;ANIPimentao;ANIP;registo+desambiguada;ASSOCIAÇÃO DE EMPREGADORES;empregadores;MAÇÃO;SANTARÉM;Extinta;1984-06-15;2011-05-22
5.95.1;ASSOCIAÇÃO NACIONAL DOS INDÚSTRIAIS DE PREFABRICAÇÃO EM BETÃO;ANIPB;ANIPB;registo;ASSOCIAÇÃO DE EMPREGADORES;empregadores;LISBOA;LISBOA;Activa;2007-05-15;2026-05-08
5.95.0;ASSOCIAÇÃO NACIONAL DOS INDÚSTRIAIS DE PRODUTOS DE CIMENTO;ANIPC;ANIPC;registo;ASSOCIAÇÃO DE EMPREGADORES;empregadores;LISBOA;LISBOA;Activa;1975-10-16;2005-12-29
5.24.0;ASSOCIAÇÃO NACIONAL DOS INDÚSTRIAIS DE RECAUCHUTAGEM DE PNEUS;ANIRP;ANIRP;registo;ASSOCIAÇÃO DE EMPREGADORES;empregadores;LISBOA;LISBOA;Extinta;1975-09-10;2024-02-29
5.118.0;ASSOCIAÇÃO NACIONAL DOS INDÚSTRIAIS DE REFRIGERANTES E SUMOS DE FRUTOS;ANIRSF;ANIRSF;registo;ASSOCIAÇÃO DE EMPREGADORES;empregadores;LISBOA;LISBOA;Activa;1975-09-24;2009-07-22
5.361.0;ASSOCIAÇÃO NACIONAL DOS INDÚSTRIAIS DE SUB-PRODUTOS ANIMAIS;ANISA;ANISA;registo;ASSOCIAÇÃO DE EMPREGADORES;empregadores;PORTO;PORTO;Extinta;1983-08-15;1994-06-15
5.55.0;ASSOCIAÇÃO NACIONAL DOS INDÚSTRIAIS DE TOMATE;ANIT;ANIT;registo;ASSOCIAÇÃO DE EMPREGADORES;empregadores;LISBOA;LISBOA;Extinta;1975-08-27;1975-08-27
5.167.2;ASSOCIAÇÃO NACIONAL DOS INDÚSTRIAIS E EXPORTADORES DE CORTIÇA;ANIEC;ANIEC;registo;ASSOCIAÇÃO DE EMPREGADORES;empregadores;SANTA MARIA DA FEIRA;AVEIRO;Activa;1994-06-30;1998-05-15
5.25.0;ASSOCIAÇÃO NACIONAL DOS INDÚSTRIAIS TRANSFORMADORES DE VIDRO;INDUSTRITransformado;INDUSTRIAIS;recurso+desambiguada;ASSOCIAÇÃO DE EMPREGADORES;empregadores;LISBOA;LISBOA;Extinta;1977-04-01;2011-03-22
5.45.1;ASSOCIAÇÃO NACIONAL DOS LOCADORES DE VEÍCULOS;ARAC;ARAC;registo;ASSOCIAÇÃO DE EMPREGADORES;empregadores;LISBOA;LISBOA;Activa;2022-05-08;2024-11-08
5.500.0;ASSOCIAÇÃO NACIONAL DOS MÉDICOS DE EEG/NEUROFISIOLOGIA CLINICA;AMNEC;AMNEC;registo;ASSOCIAÇÃO DE EMPREGADORES;empregadores;LISBOA;LISBOA;Extinta;1995-12-30;2011-05-08
5.456.0;ASSOCIAÇÃO NACIONAL DOS MÉDICOS DE ENDOSCOPIA DIGESTIVA;ASSOMED;ASSOMED;registo;ASSOCIAÇÃO DE EMPREGADORES;empregadores;LISBOA;LISBOA;Activa;1992-06-30;2011-09-22
5.128.0;ASSOCIAÇÃO NACIONAL DOS ÓPTICOS;OPTICOS;OPTICOS;recurso;ASSOCIAÇÃO DE EMPREGADORES;empregadores;LISBOA;LISBOA;Activa;1975-10-16;2025-09-04
5.111.0;ASSOCIAÇÃO NACIONAL DOS PROMOTORES IMOBILIÁRIOS;PROMOTORES;PROMOTORES;recurso;ASSOCIAÇÃO DE EMPREGADORES;empregadores;LISBOA;LISBOA;Extinta;1975-09-11;1976-12-20
5.296.0;ASSOCIAÇÃO NACIONAL DOS SUB-EMPREITEIROS DA CONSTRUÇÃO CIVIL;SUBEMPREITEIROS;SUBEMPREITEIROS;recurso;ASSOCIAÇÃO DE EMPREGADORES;empregadores;LISBOA;LISBOA;Extinta;1977-08-15;2013-06-15
5.592.0;ASSOCIAÇÃO NACIONAL DOS TECNICOS EM TERAPEUTICA NAO CONVENCIONAIS;TECNICOSTERAPEUTICA;TECNICOSTERAPEUTICA;recurso;ASSOCIAÇÃO DE EMPREGADORES;empregadores;LISBOA;LISBOA;Extinta;2008-02-08;2010-05-08
5.378.1;ASSOCIAÇÃO NACIONAL DOS TÉCNICOS PROFISSIONAIS DE PENTEADO ARTE E BELEZA;TECNICOSPENTEADOARTE;TECNICOSPENTEADOARTE;recurso;ASSOCIAÇÃO DE EMPREGADORES;empregadores;LEIRIA;LEIRIA;Activa;1988-04-15;1988-04-15
5.7.0;ASSOCIAÇÃO NACIONAL DOS TRANSPORTADORES RODOVIÁRIOS EM AUTOMÓVEIS LIGEIROS;ANTRAL;ANTRAL;registo;ASSOCIAÇÃO DE EMPREGADORES;empregadores;LISBOA;LISBOA;Activa;1975-04-22;2025-12-15
5.287.0;ASSOCIAÇÃO NACIONAL DOS VENDEDORES DE JORNAIS E LOTARIAS;VENDEDORESJORNAIS;VENDEDORESJORNAIS;recurso;ASSOCIAÇÃO DE EMPREGADORES;empregadores;LISBOA;LISBOA;Extinta;1976-12-31;2011-06-08
5.622.0;ASSOCIAÇÃO NACIONAL INSTALADORES E REPARADORES DE TACÓGRAFOS E TAXÍMETROS;TACTAX;TACTAX;registo;ASSOCIAÇÃO DE EMPREGADORES;empregadores;LISBOA;LISBOA;Activa;2022-02-12;2022-03-08
5.400.0;ASSOCIAÇÃO NORDESTE AGRÁRIA;ANA;ANA;registo;ASSOCIAÇÃO DE EMPREGADORES;empregadores;BRAGANÇA;BRAGANÇA;Extinta;1986-07-15;2012-08-15
5.608.0;ASSOCIAÇÃO PARA A DEFESA, PROMOÇAO E INOVAÇAO DOS RESTAURANTES DE PORTUGAL;PROVAR;PROVAR;registo;ASSOCIAÇÃO DE EMPREGADORES;empregadores;VIANA DO CASTELO;;Activa;2014-11-05;2015-01-08
5.91.0;ASSOCIAÇÃO PATRONAL DOS COMERCIANTES DOS CONCELHOS DE TAVIRA, VILA REAL DE SANTO ANTÓNIO, CASTRO MARIM E ALCOUTIM;PATRONALCOMERCIANTES;PATRONALCOMERCIANTES;recurso;ASSOCIAÇÃO DE EMPREGADORES;empregadores;TAVIRA;FARO;Extinta;1977-07-08;1980-06-29
5.566.0;ASSOCIAÇÃO PORTUGESA DOS EMPRESARIOS DOS ESTABELECIMENTOS DE BEBIDAS COM DIVERSAO NOCTURNA;APEBN;APEBN;registo;ASSOCIAÇÃO DE EMPREGADORES;empregadores;PORTO;PORTO;Extinta;2005-03-08;2011-07-22
5.88.1;ASSOCIAÇÃO PORTUGUESA DA HOSPITALIZAÇÃO PRIVADA;APHP;APHP;registo;ASSOCIAÇÃO DE EMPREGADORES;empregadores;LISBOA;LISBOA;Activa;1981-07-30;2026-06-15
5.511.0;ASSOCIAÇÃO PORTUGUESA DA INDÚSTRIA DE CERÂMICA;APICER;APICER;registo;ASSOCIAÇÃO DE EMPREGADORES;empregadores;;COIMBRA;Activa;1997-02-15;2013-06-15
5.511.2;ASSOCIAÇÃO PORTUGUESA DA INDÚSTRIA DE CERÃMICA;APICER;APICER;registo;ASSOCIAÇÃO DE EMPREGADORES;empregadores;;COIMBRA;Activa;2023-05-22;2023-12-29
5.351.0;ASSOCIAÇÃO PORTUGUESA DA INDÚSTRIA DE FOTOGRAMETRIA, CARTOGRAFIA E TOPOGRAFIA;AFOCARTO;AFOCARTO;registo;ASSOCIAÇÃO DE EMPREGADORES;empregadores;LISBOA;LISBOA;Extinta;1982-04-30;2012-04-22
5.446.0;ASSOCIAÇÃO PORTUGUESA DA INDÚSTRIA DE MOAGEM;APIM;APIM;registo;ASSOCIAÇÃO DE EMPREGADORES;empregadores;LISBOA;LISBOA;Activa;1990-11-30;1998-08-15
5.446.1;ASSOCIAÇÃO PORTUGUESA DA INDÚSTRIA DE MOAGEM E MASSAS;APIM;APIM;registo;ASSOCIAÇÃO DE EMPREGADORES;empregadores;LISBOA;LISBOA;Activa;1999-07-29;2017-06-08
5.446.2;ASSOCIAÇÃO PORTUGUESA DA INDÚSTRIA DE MOAGEM, MASSAS, BOLACHAS E CEREAIS DE PEQUENO-ALMOÇO - APIM;APIM;APIM;registo;ASSOCIAÇÃO DE EMPREGADORES;empregadores;LISBOA;LISBOA;Activa;2017-06-23;2026-07-22
5.64.1;ASSOCIAÇÃO PORTUGUESA DA INDÚSTRIA DE OURIVESARIA;APIO;APIO;registo;ASSOCIAÇÃO DE EMPREGADORES;empregadores;LISBOA;LISBOA;Activa;2009-05-29;2024-05-08
5.72.0;ASSOCIAÇÃO PORTUGUESA DA INDÚSTRIA DE PLÁSTICOS;APIP;APIP;registo;ASSOCIAÇÃO DE EMPREGADORES;empregadores;LISBOA;LISBOA;Activa;1975-09-10;2025-05-08
5.10.1;ASSOCIAÇÃO PORTUGUESA DA INDÚSTRIA DE REFRIGERAÇÃO E AR CONDICIONADO;APIRAC;APIRAC;registo;ASSOCIAÇÃO DE EMPREGADORES;empregadores;LISBOA;LISBOA;Activa;1991-08-30;2014-05-22
5.124.1;ASSOCIAÇÃO PORTUGUESA DA INDÚSTRIA DOS RECURSOS MINERAIS (ASSIMAGRA);ASSIMAGRA;ASSIMAGRA;registo;ASSOCIAÇÃO DE EMPREGADORES;empregadores;PORTO DE MÓS;LISBOA;Activa;2020-07-27;2024-03-15
5.444.0;ASSOCIAÇÃO PORTUGUESA DA INDÚSTRIA E DO COMERCIO DOS PRODUTOS IRRECUPERÁVEIS DE USO CLINICO NÃO FARMACÊUTICOS;APORMED;APORMED;registo;ASSOCIAÇÃO DE EMPREGADORES;empregadores;LISBOA;LISBOA;Activa;1990-11-15;1990-11-15
5.50.5;ASSOCIAÇÃO PORTUGUESA DA INDÚSTRIA ELETRODIGITAL;AGEFE;AGEFE;registo;ASSOCIAÇÃO DE EMPREGADORES;empregadores;LISBOA;LISBOA;Activa;2025-10-08;2025-10-08
5.76.0;ASSOCIAÇÃO PORTUGUESA DA INDÚSTRIA FARMACÊUTICA;INDUSTRIA;INDUSTRIA;recurso;ASSOCIAÇÃO DE EMPREGADORES;empregadores;;LISBOA;Activa;1975-09-11;2015-02-28
5.76.1;ASSOCIAÇÃO PORTUGUESA DA INDÚSTRIA FARMACÊUTICA (APIFARMA);APIFARMA;APIFARMA;registo;ASSOCIAÇÃO DE EMPREGADORES;empregadores;LISBOA;LISBOA;Activa;2001-04-19;2025-12-29
5.616.0;ASSOCIAÇÃO PORTUGUESA DA INDÚSTRIA FARMACEUTICA DE MEDICAMENTOS VETERINARIOS;APIFVET;APIFVET;registo;ASSOCIAÇÃO DE EMPREGADORES;empregadores;OEIRAS;;Activa;2018-05-29;2024-04-08
5.51.1;ASSOCIAÇÃO PORTUGUESA DA INDÚSTRIA MINERAL;APIMINERAL;APIMINERAL;registo;ASSOCIAÇÃO DE EMPREGADORES;empregadores;LISBOA;LISBOA;Extinta;1991-03-15;2005-12-08
5.273.2;ASSOCIAÇÃO PORTUGUESA DA MEDIAÇAO PROFISSIONAL DE SEGUROS;APROSE;APROSE;registo;ASSOCIAÇÃO DE EMPREGADORES;empregadores;PORTO;PORTO;Activa;2014-03-15;2015-04-15
5.86.2;ASSOCIAÇÃO PORTUGUESA DA QUIMICA PETROQUIMICA E REFINAÇAO;APQUIMICA;APQUIMICA;registo;ASSOCIAÇÃO DE EMPREGADORES;empregadores;LISBOA;LISBOA;Activa;2018-05-29;2026-04-15
5.153.0;ASSOCIAÇÃO PORTUGUESA DAS ACTIVIDADES PUBLICITÁRIAS;ACTIVIDADES;ACTIVIDADES;recurso;ASSOCIAÇÃO DE EMPREGADORES;empregadores;LISBOA;LISBOA;Activa;1975-09-24;2000-05-29
5.522.0;ASSOCIAÇÃO PORTUGUESA DAS AGÊNCIAS DE LEILÕES;APAL;APAL;registo;ASSOCIAÇÃO DE EMPREGADORES;empregadores;LISBOA;LISBOA;Extinta;1998-04-15;2018-10-29
5.153.1;ASSOCIAÇÃO PORTUGUESA DAS AGENCIAS DE PUBLICIDADE;APAP;APAP;registo;ASSOCIAÇÃO DE EMPREGADORES;empregadores;LISBOA;LISBOA;Activa;1977-12-08;1983-04-30
5.153.3;ASSOCIAÇÃO PORTUGUESA DAS AGÊNCIAS DE PUBLICIDADE, COMUNICAÇÃO E MARKETING;APAP;APAP;registo;ASSOCIAÇÃO DE EMPREGADORES;empregadores;LISBOA;LISBOA;Activa;2010-05-22;2025-01-08
5.132.0;ASSOCIAÇÃO PORTUGUESA DAS AGÊNCIAS DE VIAGENS E TURISMO;APAVT;APAVT;registo;ASSOCIAÇÃO DE EMPREGADORES;empregadores;LISBOA;LISBOA;Activa;1975-10-01;2026-06-15
5.118.1;ASSOCIAÇÃO PORTUGUESA DAS BEBIDAS REFRESCANTES NÃO ALCOÓLICAS;PROBEB;PROBEB;registo;ASSOCIAÇÃO DE EMPREGADORES;empregadores;LISBOA;LISBOA;Activa;2011-06-29;2025-09-15
5.493.0;ASSOCIAÇÃO PORTUGUESA DAS DISTRIBUIDORAS DE PUBLICAÇÕES;DISTRIBUIDORAS;DISTRIBUIDORAS;recurso;ASSOCIAÇÃO DE EMPREGADORES;empregadores;SINTRA;LISBOA;Extinta;1996-09-30;2012-05-22
5.110.0;ASSOCIAÇÃO PORTUGUESA DAS EMPRESAS CINEMATOGRÁFICAS;EMPRESAS;EMPRESAS;recurso;ASSOCIAÇÃO DE EMPREGADORES;empregadores;LISBOA;LISBOA;Activa;1975-09-20;2024-04-29
5.316.0;ASSOCIAÇÃO PORTUGUESA DAS EMPRESAS CONCESSIONÁRIAS DAS ZONAS DE JOGO;EMPRESASConcessionar;EMPRESAS;recurso+desambiguada;ASSOCIAÇÃO DE EMPREGADORES;empregadores;LISBOA;LISBOA;Activa;1978-12-15;1999-07-29
5.434.0;ASSOCIAÇÃO PORTUGUESA DAS EMPRESAS CONSTRUTORAS DE STANDS;APECS;APECS;registo;ASSOCIAÇÃO DE EMPREGADORES;empregadores;LISBOA;LISBOA;Extinta;1989-11-30;1989-11-30
5.392.0;ASSOCIAÇÃO PORTUGUESA DAS EMPRESAS DE BETÃO PRONTO;APEB;APEB;registo;ASSOCIAÇÃO DE EMPREGADORES;empregadores;AMADORA;LISBOA;Activa;1986-01-30;2023-03-22
5.597.1;ASSOCIAÇÃO PORTUGUESA DAS EMPRESAS DE CHAVES E SISTEMAS DE SEGURANÇA;APECSS;APECSS;registo;ASSOCIAÇÃO DE EMPREGADORES;empregadores;;LISBOA;Activa;2009-03-08;2010-03-29
5.597.2;ASSOCIAÇÃO PORTUGUESA DAS EMPRESAS DE CHAVES E SISTEMAS DE SEGURANÇA;APECSS;APECSS;registo;ASSOCIAÇÃO DE EMPREGADORES;empregadores;PORTO;PORTO;Activa;2010-02-06;2018-03-22
5.419.0;ASSOCIAÇÃO PORTUGUESA DAS EMPRESAS DE CONTABILIDADE E ADMINISTRAÇAO;APECA;APECA;registo;ASSOCIAÇÃO DE EMPREGADORES;empregadores;PORTO;PORTO;Activa;1988-08-15;2000-01-15
5.419.2;ASSOCIAÇÃO PORTUGUESA DAS EMPRESAS DE CONTABILIDADE E ADMINISTRAÇÃO;APECA;APECA;registo;ASSOCIAÇÃO DE EMPREGADORES;empregadores;PORTO;PORTO;Activa;2005-06-29;2024-01-22
5.419.1;ASSOCIAÇÃO PORTUGUESA DAS EMPRESAS DE CONTABILIDADE, AUDITORIA E ADMINISTRAÇÃO;APECA;APECA;registo;ASSOCIAÇÃO DE EMPREGADORES;empregadores;MAIA;PORTO;Activa;1994-12-30;2003-11-15
5.444.1;ASSOCIAÇÃO PORTUGUESA DAS EMPRESAS DE DISPOSITIVOS MÉDICOS;APORMED;APORMED;registo;ASSOCIAÇÃO DE EMPREGADORES;empregadores;OEIRAS;LISBOA;Activa;2006-07-08;2023-07-15
5.429.0;ASSOCIAÇÃO PORTUGUESA DAS EMPRESAS DE FACTORING;EMPRESASFACTORING;EMPRESASFACTORING;recurso;ASSOCIAÇÃO DE EMPREGADORES;empregadores;LISBOA;LISBOA;Extinta;1989-09-30;2005-09-22
5.314.0;ASSOCIAÇÃO PORTUGUESA DAS EMPRESAS DE MEDIAÇÃO IMOBILIÁRIA;APEMI;APEMI;registo;ASSOCIAÇÃO DE EMPREGADORES;empregadores;LISBOA;LISBOA;Activa;1978-06-29;2003-01-08
5.326.0;ASSOCIAÇÃO PORTUGUESA DAS EMPRESAS DE PREFABRICAÇÃO;EMPRESASPrefabricaca;EMPRESAS;recurso+desambiguada;ASSOCIAÇÃO DE EMPREGADORES;empregadores;LISBOA;LISBOA;Extinta;1979-09-15;2012-11-15
5.153.2;ASSOCIAÇÃO PORTUGUESA DAS EMPRESAS DE PUBLICIDADE E COMUNICAÇÃO;APAP;APAP;registo;ASSOCIAÇÃO DE EMPREGADORES;empregadores;LISBOA;LISBOA;Activa;1991-04-30;2009-06-08
5.377.0;ASSOCIAÇÃO PORTUGUESA DAS EMPRESAS DE PUBLICIDADE EXTERIOR;APEPE;APEPE;registo;ASSOCIAÇÃO DE EMPREGADORES;empregadores;ODIVELAS;LISBOA;Activa;1985-01-30;2024-05-22
5.462.1;ASSOCIAÇÃO PORTUGUESA DAS EMPRESAS DE TECNOLOGIAS DE INFORMAÇÃO E COMUNICAÇÕES;APESI;APESI;registo;ASSOCIAÇÃO DE EMPREGADORES;empregadores;LISBOA;LISBOA;Extinta;1996-05-15;2014-04-22
5.413.0;ASSOCIAÇÃO PORTUGUESA DAS EMPRESAS DE TRABALHO TEMPORÁRIO;APETT;APETT;registo;ASSOCIAÇÃO DE EMPREGADORES;empregadores;LISBOA;LISBOA;Activa;1988-03-15;2006-07-22
5.68.1;ASSOCIAÇÃO PORTUGUESA DAS EMPRESAS DO SECTOR ELÉCTRICO E ELECTRÓNICO;EMPRESASSECTOR;EMPRESASSECTOR;recurso;ASSOCIAÇÃO DE EMPREGADORES;empregadores;LISBOA;LISBOA;Activa;2002-12-18;2025-12-20
5.413.1;ASSOCIAÇÃO PORTUGUESA DAS EMPRESAS DO SECTOR PRIVADO DE EMPREGO;APESPE;APESPE;registo;ASSOCIAÇÃO DE EMPREGADORES;empregadores;LISBOA;LISBOA;Activa;2006-04-08;2014-08-08
5.413.2;ASSOCIAÇÃO PORTUGUESA DAS EMPRESAS DO SETOR PRIVADO DE EMPREGO E DOS RECURSOS HUMANOS - APESPE-RH;APESPE;APESPE;registo;ASSOCIAÇÃO DE EMPREGADORES;empregadores;LISBOA;LISBOA;Activa;2015-07-29;2026-05-15
5.10.2;ASSOCIAÇÃO PORTUGUESA DAS EMPRESAS DOS SECTORES TERMICO, ENERGETICO, ELECTRONICO E DO AMBIENTE;APIRAC;APIRAC;registo;ASSOCIAÇÃO DE EMPREGADORES;empregadores;LISBOA;LISBOA;Activa;2014-08-29;2023-05-15
5.605.0;ASSOCIAÇÃO PORTUGUESA DAS EMPRESAS GESTORAS DE INVESTIMENTO PUBLICITÁRIOS;APEIP;APEIP;registo;ASSOCIAÇÃO DE EMPREGADORES;empregadores;LISBOA;LISBOA;Activa;2013-10-08;2014-06-22
5.86.1;ASSOCIAÇÃO PORTUGUESA DAS EMPRESAS QUIMICAS;APEQ;APEQ;registo;ASSOCIAÇÃO DE EMPREGADORES;empregadores;LISBOA;LISBOA;Activa;1994-07-30;2017-07-08
5.511.1;ASSOCIAÇÃO PORTUGUESA DAS INDÚSTRIAS DE CERÃMICA E DE CRISTALARIA;APICER;APICER;registo;ASSOCIAÇÃO DE EMPREGADORES;empregadores;;COIMBRA;Activa;2013-11-29;2022-10-29
5.511.3;ASSOCIAÇÃO PORTUGUESA DAS INDÚSTRIAS DE CERÃMICA E DE CRISTALARIA;APICER;APICER;registo;ASSOCIAÇÃO DE EMPREGADORES;empregadores;;COIMBRA;Activa;2023-12-29;2025-08-08
5.102.0;ASSOCIAÇÃO PORTUGUESA DAS INDÚSTRIAS DE MALHA;INDUSTRIASMALHA;INDUSTRIASMALHA;recurso;ASSOCIAÇÃO DE EMPREGADORES;empregadores;PORTO;PORTO;Activa;1975-09-02;1990-08-15
5.102.1;ASSOCIAÇÃO PORTUGUESA DAS INDÚSTRIAS DE MALHA E CONFECÇÃO;INDUSTRIASMALHA;INDUSTRIASMALHA;recurso;ASSOCIAÇÃO DE EMPREGADORES;empregadores;PORTO;PORTO;Activa;1993-08-30;2001-10-29
5.388.0;ASSOCIAÇÃO PORTUGUESA DAS INDÚSTRIAS DE MOBILIÁRIO E AFINS;APIMA;APIMA;registo;ASSOCIAÇÃO DE EMPREGADORES;empregadores;PORTO;PORTO;Activa;1985-08-30;2025-03-08
5.117.0;ASSOCIAÇÃO PORTUGUESA DAS INDÚSTRIAS GRÁFICAS E TRANSFORMADORAS DO PAPEL;APIGTP;APIGTP;registo;ASSOCIAÇÃO DE EMPREGADORES;empregadores;LISBOA;LISBOA;Activa;1975-08-27;2001-04-15
5.117.1;ASSOCIAÇÃO PORTUGUESA DAS INDÚSTRIAS GRÁFICAS, DE COMUNICAÇÃO VISUAL E TRANSFORMADORAS DO PAPEL;APIGRAF;APIGRAF;registo;ASSOCIAÇÃO DE EMPREGADORES;empregadores;LISBOA;LISBOA;Activa;2001-06-15;2014-09-08
5.117.3;ASSOCIAÇÃO PORTUGUESA DAS INDÚSTRIAS GRÁFICAS, DE EMBALAGEM E DE COMUNICAÇÃO DIGITAL;APIGRAF;APIGRAF;registo;ASSOCIAÇÃO DE EMPREGADORES;empregadores;LISBOA;LISBOA;Activa;2024-06-08;2026-03-22
5.117.2;ASSOCIAÇÃO PORTUGUESA DAS INDÚSTRIAS GRÁFICAS, E TRANSFORMADORAS DO PAPEL;APIGRAF;APIGRAF;registo;ASSOCIAÇÃO DE EMPREGADORES;empregadores;LISBOA;LISBOA;Activa;2015-01-21;2019-11-29
5.51.0;ASSOCIAÇÃO PORTUGUESA DAS INDÚSTRIAS MINEIRAS;INDUSTRIASMINEIRAS;INDUSTRIASMINEIRAS;recurso;ASSOCIAÇÃO DE EMPREGADORES;empregadores;LISBOA;LISBOA;Extinta;1975-08-27;1990-08-30
5.489.0;ASSOCIAÇÃO PORTUGUESA DE ACUPUNCTURA SU JOK;ACUPUNCTURASUJOK;ACUPUNCTURASUJOK;recurso;ASSOCIAÇÃO DE EMPREGADORES;empregadores;LISBOA;LISBOA;Extinta;1994-12-15;2012-02-08
5.380.0;ASSOCIAÇÃO PORTUGUESA DE ADMINISTRADORES DE CONSÓRCIOS DE COMPRA EM GRUPO (EXTINTA);EXTINTA;EXTINTA;derivada;ASSOCIAÇÃO DE EMPREGADORES;empregadores;LISBOA;LISBOA;Extinta;1985-03-30;1997-04-15
5.600.0;ASSOCIAÇÃO PORTUGUESA DE AGENCIAS DE MEIOS;APAME;APAME;registo;ASSOCIAÇÃO DE EMPREGADORES;empregadores;LISBOA;LISBOA;Activa;2010-05-18;2026-08-15
5.533.0;ASSOCIAÇÃO PORTUGUESA DE AGENTES E REPRESENTANTES DE AUTOMÓVEIS DA UNIÃO EUROPEIA;LOSANGO;LOSANGO;registo;ASSOCIAÇÃO DE EMPREGADORES;empregadores;CASCAIS;LISBOA;Extinta;2000-06-17;2012-04-08
5.403.0;ASSOCIAÇÃO PORTUGUESA DE ALIMENTAÇÃO RACIONAL E DIETÉTICA;APARD;APARD;registo;ASSOCIAÇÃO DE EMPREGADORES;empregadores;LISBOA;LISBOA;Activa;1986-10-30;2007-11-29
5.299.1;ASSOCIAÇÃO PORTUGUESA DE ANALISTAS CLINICOS;APAC;APAC;registo;ASSOCIAÇÃO DE EMPREGADORES;empregadores;LISBOA;LISBOA;Activa;1983-03-30;2023-04-29
5.582.0;ASSOCIAÇÃO PORTUGUESA DE ARMAZENISTAS DE TABACOS;ARMAZENISTASTABPorto;ARMAZENISTASTABACOS;recurso+desambiguada;ASSOCIAÇÃO DE EMPREGADORES;empregadores;PORTO;PORTO;Activa;2006-05-22;2008-01-22
5.384.0;ASSOCIAÇÃO PORTUGUESA DE BANCOS;BANCOS;BANCOS;recurso;ASSOCIAÇÃO DE EMPREGADORES;empregadores;LISBOA;LISBOA;Extinta;1985-06-30;2020-11-15
5.125.1;ASSOCIAÇÃO PORTUGUESA DE BARBEARIAS, CABELEIREIROS E INSTITUTOS DE BELEZA;BARBEARIAS;BARBEARIAS;recurso;ASSOCIAÇÃO DE EMPREGADORES;empregadores;LISBOA;LISBOA;Activa;1988-11-30;2024-06-08
5.495.0;ASSOCIAÇÃO PORTUGUESA DE BIOTECNOLOGIA;BIOTECNOLOGIA;BIOTECNOLOGIA;recurso;ASSOCIAÇÃO DE EMPREGADORES;empregadores;ALMADA;SETÚBAL;Extinta;1995-06-30;2021-03-08
5.216.1;ASSOCIAÇÃO PORTUGUESA DE CABELEIREIRO E ESTÉTICA DE BRAGA;CABELEIREIROESTETICA;CABELEIREIROESTETICA;recurso;ASSOCIAÇÃO DE EMPREGADORES;empregadores;BRAGA;BRAGA;Activa;2012-09-08;2023-09-29
5.316.1;ASSOCIAÇÃO PORTUGUESA DE CASINOS;CASINOS;CASINOS;recurso;ASSOCIAÇÃO DE EMPREGADORES;empregadores;LISBOA;LISBOA;Activa;1997-04-03;2023-02-22
5.59.0;ASSOCIAÇÃO PORTUGUESA DE CERÂMICA;APC;APC;registo;ASSOCIAÇÃO DE EMPREGADORES;empregadores;LISBOA;LISBOA;Extinta;1975-12-13;2011-06-29
5.465.0;ASSOCIAÇÃO PORTUGUESA DE CLINICAS PRIVADAS DE HEMODIÁLISE;CLINICASPRIVADAS;CLINICASPRIVADAS;recurso;ASSOCIAÇÃO DE EMPREGADORES;empregadores;VILA FRANCA DE XIRA;LISBOA;Extinta;1993-04-15;1996-08-30
5.154.3;ASSOCIAÇÃO PORTUGUESA DE COLAS, ADESIVOS E SELANTES;APCAS;APCAS;registo;ASSOCIAÇÃO DE EMPREGADORES;empregadores;LISBOA;LISBOA;Activa;2019-11-08;2025-04-29
5.19.0;ASSOCIAÇÃO PORTUGUESA DE COMÉRCIO E INDÚSTRIA DE MADEIRAS;APCIM;APCIM;registo;ASSOCIAÇÃO DE EMPREGADORES;empregadores;PORTO;PORTO;Extinta;1975-08-09;1997-05-15
5.424.0;ASSOCIAÇÃO PORTUGUESA DE COMÉRCIO INTERNACIONAL;APCI;APCI;registo;ASSOCIAÇÃO DE EMPREGADORES;empregadores;LISBOA;LISBOA;Extinta;1989-01-15;1994-08-30
5.310.0;ASSOCIAÇÃO PORTUGUESA DE CONSTRUTORES DE ALUMINIO;CONSTRUTORESALUMINIO;CONSTRUTORESALUMINIO;recurso;ASSOCIAÇÃO DE EMPREGADORES;empregadores;LISBOA;LISBOA;Extinta;1978-02-28;2012-12-29
5.568.0;ASSOCIAÇÃO PORTUGUESA DE CONTACT CENTERS;APCC;APCC;registo;ASSOCIAÇÃO DE EMPREGADORES;empregadores;OEIRAS;LISBOA;Extinta;2005-05-08;2021-08-08
5.167.3;ASSOCIAÇÃO PORTUGUESA DE CORTIÇA;APCOR;APCOR;registo;ASSOCIAÇÃO DE EMPREGADORES;empregadores;;AVEIRO;Activa;1999-05-15;2026-09-22
5.438.0;ASSOCIAÇÃO PORTUGUESA DE COURIERS;APOC;APOC;registo;ASSOCIAÇÃO DE EMPREGADORES;empregadores;;LISBOA;Extinta;1990-05-15;2013-03-08
5.127.0;ASSOCIAÇÃO PORTUGUESA DE EDITORES E LIVREIROS;EDITORESLIVREIROS;EDITORESLIVREIROS;recurso;ASSOCIAÇÃO DE EMPREGADORES;empregadores;LISBOA;LISBOA;Activa;1975-09-18;2022-10-29
5.415.0;ASSOCIAÇÃO PORTUGUESA DE ELECTROENCEFALOGRAFIA E NEUROFISIOLOGIA CLINICA;ELECTROENCEFALOGRAFI;ELECTROENCEFALOGRAFI;recurso;ASSOCIAÇÃO DE EMPREGADORES;empregadores;PORTO;PORTO;Activa;1988-04-15;2021-08-22
5.529.0;ASSOCIAÇÃO PORTUGUESA DE EMPREITEIROS DE ACABAMENTOS DE INTERIORES;EMPREITEIROS;EMPREITEIROS;recurso;ASSOCIAÇÃO DE EMPREGADORES;empregadores;LISBOA;LISBOA;Extinta;2000-07-08;2013-02-22
5.82.0;ASSOCIAÇÃO PORTUGUESA DE EMPRESÁRIOS DE ESPECTÁCULOS;EMPRESARIOS;EMPRESARIOS;recurso;ASSOCIAÇÃO DE EMPREGADORES;empregadores;LISBOA;LISBOA;Extinta;1975-11-29;2011-11-22
5.614.0;ASSOCIAÇÃO PORTUGUESA DE EMPRESAS DE AMBULANCIA;APEA;APEA;registo;ASSOCIAÇÃO DE EMPREGADORES;empregadores;GONDOMAR;PORTO;Extinta;2017-11-27;2020-07-15
5.524.0;ASSOCIAÇÃO PORTUGUESA DE EMPRESAS DE ANIMAÇÃO CULTURAL E TURISMO DE NATUREZA E AVENTURA;PACTA;PACTA;registo;ASSOCIAÇÃO DE EMPREGADORES;empregadores;LISBOA;LISBOA;Extinta;1998-07-30;2009-06-08
5.347.1;ASSOCIAÇÃO PORTUGUESA DE EMPRESAS DE DISTRIBUIÇÃO;APED;APED;registo;ASSOCIAÇÃO DE EMPREGADORES;empregadores;LISBOA;LISBOA;Activa;1994-07-15;2024-05-15
5.96.0;ASSOCIAÇÃO PORTUGUESA DE EMPRESAS DE DIVERSÕES;EMPRESASDIVERSOES;EMPRESASDIVERSOES;recurso;ASSOCIAÇÃO DE EMPREGADORES;empregadores;LISBOA;LISBOA;Activa;1975-10-01;2026-06-08
5.467.0;ASSOCIAÇÃO PORTUGUESA DE EMPRESAS DE ESTUDOS DE MERCADO E OPINIÃO;APODEMO;APODEMO;registo;ASSOCIAÇÃO DE EMPREGADORES;empregadores;LISBOA;LISBOA;Activa;1993-05-15;2021-07-29
5.556.0;ASSOCIAÇÃO PORTUGUESA DE EMPRESAS DE GESTÃO E RECUPERAÇÃO DE CRÉDITOS;APERC;APERC;registo;ASSOCIAÇÃO DE EMPREGADORES;empregadores;LISBOA;LISBOA;Activa;2004-02-15;2023-09-22
5.472.0;ASSOCIAÇÃO PORTUGUESA DE EMPRESAS DE INFORMAÇÃO DE NEGÓCIOS;APEIN;APEIN;registo;ASSOCIAÇÃO DE EMPREGADORES;empregadores;LISBOA;LISBOA;Extinta;1994-02-15;2011-06-08
5.474.1;ASSOCIAÇÃO PORTUGUESA DE EMPRESAS DE INVESTIMENTO;APCInvestimento;APC;registo+desambiguada;ASSOCIAÇÃO DE EMPREGADORES;empregadores;LISBOA;LISBOA;Extinta;2006-07-15;2019-07-15
5.462.0;ASSOCIAÇÃO PORTUGUESA DE EMPRESAS DE SERVIÇOS DE INFORMÁTICA;APESI;APESI;registo;ASSOCIAÇÃO DE EMPREGADORES;empregadores;LISBOA;LISBOA;Extinta;1993-01-15;1993-01-15
5.434.1;ASSOCIAÇÃO PORTUGUESA DE EMPRESAS DE SERVIÇOS PARA FEIRAS E EXPOSIÇÕES;APECS;APECS;registo;ASSOCIAÇÃO DE EMPREGADORES;empregadores;LISBOA;LISBOA;Extinta;1993-12-15;2012-02-22
5.451.0;ASSOCIAÇÃO PORTUGUESA DE EMPRESAS DE TECNOLOGIAS AMBIENTAIS;APEMETA;APEMETA;registo;ASSOCIAÇÃO DE EMPREGADORES;empregadores;PORTO;BRAGA;Activa;1991-04-30;2026-07-08
5.86.0;ASSOCIAÇÃO PORTUGUESA DE EMPRESAS INDÚSTRIAIS DE PRODUTOS QUIMICOS;EMPRESASINDUSTRIAIS;EMPRESASINDUSTRIAIS;recurso;ASSOCIAÇÃO DE EMPREGADORES;empregadores;LISBOA;LISBOA;Activa;1975-09-11;1986-03-15
5.420.0;ASSOCIAÇÃO PORTUGUESA DE EMPRESAS PARA A FORMAÇÃO E APERFEIÇOAMENTO EM GESTÃO, EM NOVAS TECNOLOGIAS E NOUTRAS TÉCNICAS PROFISSIONAIS DOS SECTORES DE PLÁSTICOS, MADEIRAS E MOBILIÁRIOS, CERÂMICAS, ROCHAS ORNAMENTAIS E SERVIÇOS DOS DISTRITOS DE LEIRIA, COIMBRA E SANTARÉM;FORMAPE;FORMAPE;registo;ASSOCIAÇÃO DE EMPREGADORES;empregadores;LEIRIA;LEIRIA;Activa;1988-07-15;1988-07-15
5.431.0;ASSOCIAÇÃO PORTUGUESA DE ESCOLAS DE CABELEIREIRO, ESTÉTICA E MASSAGEM;APECEM;APECEM;registo;ASSOCIAÇÃO DE EMPREGADORES;empregadores;LISBOA;LISBOA;Extinta;1989-11-15;2014-01-08
5.463.0;ASSOCIAÇÃO PORTUGUESA DE ESCOLAS DE CONDUÇÃO;APEC;APEC;registo;ASSOCIAÇÃO DE EMPREGADORES;empregadores;LISBOA;LISBOA;Activa;1993-02-28;2026-09-08
5.382.0;ASSOCIAÇÃO PORTUGUESA DE ESTÉTICA APLICADA E PROFISSÕES AFINS;APEP;APEP;registo;ASSOCIAÇÃO DE EMPREGADORES;empregadores;LISBOA;LISBOA;Extinta;1985-07-30;2013-05-08
5.282.1;ASSOCIAÇÃO PORTUGUESA DE FABRICANTES DE PAPEL E CARTÃO;FAPEL;FAPEL;registo;ASSOCIAÇÃO DE EMPREGADORES;empregadores;LISBOA;LISBOA;Activa;1979-09-15;2023-04-08
5.274.1;ASSOCIAÇÃO PORTUGUESA DE FACILITY SERVICES;APFS;APFS;registo;ASSOCIAÇÃO DE EMPREGADORES;empregadores;LISBOA;LISBOA;Activa;2008-01-15;2025-02-28
5.67.0;ASSOCIAÇÃO PORTUGUESA DE GROSSISTAS TÊXTEIS;GROSSISTASTEXTEIS;GROSSISTASTEXTEIS;recurso;ASSOCIAÇÃO DE EMPREGADORES;empregadores;PORTO;PORTO;Extinta;1975-09-01;1995-08-15
5.374.0;ASSOCIAÇÃO PORTUGUESA DE HOMEOPATIA;APHomeopatia;APH;registo+desambiguada;ASSOCIAÇÃO DE EMPREGADORES;empregadores;OEIRAS;LISBOA;Activa;1984-08-15;2023-02-22
5.134.1;ASSOCIAÇÃO PORTUGUESA DE HOTEIS;APH;APH;registo;ASSOCIAÇÃO DE EMPREGADORES;empregadores;LISBOA;LISBOA;Extinta;1990-08-30;2002-01-08
5.578.1;ASSOCIAÇÃO PORTUGUESA DE HOTELARIA, RESTAURAÇÃO E TURISMO;APHORT;APHORT;registo;ASSOCIAÇÃO DE EMPREGADORES;empregadores;PORTO;PORTO;Activa;2008-01-08;2025-08-08
5.139.1;ASSOCIAÇÃO PORTUGUESA DE IMPRENSA;AIND;AIND;registo;ASSOCIAÇÃO DE EMPREGADORES;empregadores;LISBOA;LISBOA;Activa;2001-02-15;2010-11-29
5.139.2;ASSOCIAÇÃO PORTUGUESA DE IMPRENSA;APIMPRENSA;APIMPRENSA;registo;ASSOCIAÇÃO DE EMPREGADORES;empregadores;LISBOA;LISBOA;Activa;2013-04-16;2025-02-28
5.254.1;ASSOCIAÇÃO PORTUGUESA DE INDÚSTRIA E IMPORTAÇAO DE ESPECIALIDADES FARMACÊUTICAS;FARMAPORTUGUESA;FARMAPORTUGUESA;registo;ASSOCIAÇÃO DE EMPREGADORES;empregadores;LISBOA;LISBOA;Extinta;1985-08-15;1987-07-30
5.21.0;ASSOCIAÇÃO PORTUGUESA DE INDÚSTRIAIS DE CERÂMICA DE CONSTRUÇÃO;APICC;APICC;registo;ASSOCIAÇÃO DE EMPREGADORES;empregadores;COIMBRA;COIMBRA;Extinta;1975-09-10;2002-02-08
5.336.0;ASSOCIAÇÃO PORTUGUESA DE INDÚSTRIAIS DE TOMATE;INDUSTRIAISTOMATE;INDUSTRIAISTOMATE;recurso;ASSOCIAÇÃO DE EMPREGADORES;empregadores;LISBOA;LISBOA;Extinta;1980-10-15;2012-05-22
5.450.0;ASSOCIAÇÃO PORTUGUESA DE MATADOUROS REGIONAIS;APMR;APMR;registo;ASSOCIAÇÃO DE EMPREGADORES;empregadores;VILA NOVA DE FAMALICÃO;BRAGA;Activa;1991-04-30;1991-04-30
5.443.0;ASSOCIAÇÃO PORTUGUESA DE MEDIADORES DE MERCADO DE CAPITAIS;MEDIADORESMediadores;MEDIADORESMERCADO;recurso+desambiguada;ASSOCIAÇÃO DE EMPREGADORES;empregadores;LISBOA;LISBOA;Extinta;1990-09-30;2012-02-08
5.423.0;ASSOCIAÇÃO PORTUGUESA DE MEDIADORES DO MERCADO DE CAPITAIS;MEDIADORESMERCADO;MEDIADORESMERCADO;recurso;ASSOCIAÇÃO DE EMPREGADORES;empregadores;LISBOA;LISBOA;Extinta;1988-12-30;1990-05-30
5.344.1;ASSOCIAÇÃO PORTUGUESA DE MEDICAMENTOS DE VENDA LIVRE E PARAFARMÁCIA;MEDICAMENTOSVENDA;MEDICAMENTOSVENDA;recurso;ASSOCIAÇÃO DE EMPREGADORES;empregadores;LISBOA;LISBOA;Extinta;1989-08-30;2013-02-08
5.355.0;ASSOCIAÇÃO PORTUGUESA DE MEDICINA ACUPUNCTURAL;APMA;APMA;registo;ASSOCIAÇÃO DE EMPREGADORES;empregadores;LISBOA;LISBOA;Activa;1982-08-14;2010-10-29
5.327.1;ASSOCIAÇÃO PORTUGUESA DE MEDICINA FÍSICA E DE REABILITAÇÃO;APMFR;APMFR;registo;ASSOCIAÇÃO DE EMPREGADORES;empregadores;LISBOA;LISBOA;Activa;2014-05-23;2025-06-29
5.367.0;ASSOCIAÇÃO PORTUGUESA DE MEDICINA PRIVADA;MEDICINAPRIVADA;MEDICINAPRIVADA;recurso;ASSOCIAÇÃO DE EMPREGADORES;empregadores;LISBOA;LISBOA;Extinta;1984-09-30;2013-03-22
5.527.0;ASSOCIAÇÃO PORTUGUESA DE MEDICINA TRADICIONAL;APMT;APMT;registo;ASSOCIAÇÃO DE EMPREGADORES;empregadores;LISBOA;LISBOA;Extinta;2000-05-22;2010-10-22
5.520.0;ASSOCIAÇÃO PORTUGUESA DE MÉDICOS DE FAMÍLIA INDEPENDENTES;APMF;APMF;registo;ASSOCIAÇÃO DE EMPREGADORES;empregadores;LISBOA;LISBOA;Extinta;1998-02-15;2011-10-29
5.352.0;ASSOCIAÇÃO PORTUGUESA DE NATUROPATIA;APNA;APNA;registo;ASSOCIAÇÃO DE EMPREGADORES;empregadores;LISBOA;LISBOA;Extinta;1982-05-29;2018-08-15
5.323.0;ASSOCIAÇÃO PORTUGUESA DE ODONTOLOGIA;APOdontologia;APO;registo+desambiguada;ASSOCIAÇÃO DE EMPREGADORES;empregadores;LISBOA;LISBOA;Extinta;1979-04-15;2013-06-22
5.268.0;ASSOCIAÇÃO PORTUGUESA DE ODONTOLOGISTAS;APO;APO;registo;ASSOCIAÇÃO DE EMPREGADORES;empregadores;LISBOA;LISBOA;Extinta;1976-08-19;1977-03-11
5.426.1;ASSOCIAÇÃO PORTUGUESA DE ÓLEOS E GORDURAS VEGETAIS, MARGARINAS E DERIVADOS;OLEOSGORDURAS;OLEOSGORDURAS;recurso;ASSOCIAÇÃO DE EMPREGADORES;empregadores;LISBOA;LISBOA;Extinta;2004-06-29;2012-05-29
5.544.0;ASSOCIAÇÃO PORTUGUESA DE OSTEOPATAS;APOsteopatas;APO;registo+desambiguada;ASSOCIAÇÃO DE EMPREGADORES;empregadores;LISBOA;LISBOA;Extinta;2003-02-15;2012-05-29
5.543.0;ASSOCIAÇÃO PORTUGUESA DE PARAFARMÁCIAS;PARAFARMACIAS;PARAFARMACIAS;recurso;ASSOCIAÇÃO DE EMPREGADORES;empregadores;VILA NOVA DE GAIA;PORTO;Extinta;2002-03-15;2013-05-08
5.437.0;ASSOCIAÇÃO PORTUGUESA DE PARQUES AQUÁTICOS E DE LAZER;APPAL;APPAL;registo;ASSOCIAÇÃO DE EMPREGADORES;empregadores;ALMADA;SETÚBAL;Extinta;1990-04-16;2014-04-15
5.284.1;ASSOCIAÇÃO PORTUGUESA DE PISCINAS;APP;APP;registo;ASSOCIAÇÃO DE EMPREGADORES;empregadores;LISBOA;LISBOA;Activa;2020-07-08;2020-11-29
5.512.0;ASSOCIAÇÃO PORTUGUESA DE PRODUTORES DE FLOCOS DE CEREAIS;AFLOC;AFLOC;registo;ASSOCIAÇÃO DE EMPREGADORES;empregadores;LISBOA;PORTO;Activa;1997-05-30;2026-08-08
5.418.0;ASSOCIAÇÃO PORTUGUESA DE PRODUTORES DE PLANTAS E FLORES NATURAIS;PRODUTORESPLANTAS;PRODUTORESPLANTAS;recurso;ASSOCIAÇÃO DE EMPREGADORES;empregadores;SANTARÉM;LISBOA;Activa;1988-06-15;2025-04-15
5.273.0;ASSOCIAÇÃO PORTUGUESA DE PRODUTORES DE SEGUROS;APROSE;APROSE;registo;ASSOCIAÇÃO DE EMPREGADORES;empregadores;PORTO;PORTO;Activa;1976-08-11;1976-08-17
5.284.0;ASSOCIAÇÃO PORTUGUESA DE PROFISSIONAIS DE PISCINAS,INSTALAÇÕES DESPORTIVAS E LAZER;APP;APP;registo;ASSOCIAÇÃO DE EMPREGADORES;empregadores;LISBOA;LISBOA;Activa;1999-07-29;2019-11-29
5.152.0;ASSOCIAÇÃO PORTUGUESA DE PROPRIETÁRIOS DE ESTABELECIMENTOS DE ENSINO PARTICULAR;PROPRIETARIOS;PROPRIETARIOS;recurso;ASSOCIAÇÃO DE EMPREGADORES;empregadores;LISBOA;LISBOA;Extinta;1977-06-29;1987-05-27
5.502.0;ASSOCIAÇÃO PORTUGUESA DE RADIODIFUSÃO;APR;APR;registo;ASSOCIAÇÃO DE EMPREGADORES;empregadores;LISBOA;LISBOA;Activa;1996-08-30;2025-03-29
5.448.0;ASSOCIAÇÃO PORTUGUESA DE SEGURADORES;APSeguradores;APS;registo+desambiguada;ASSOCIAÇÃO DE EMPREGADORES;empregadores;LISBOA;LISBOA;Extinta;1991-02-15;2015-11-29
5.572.2;ASSOCIAÇÃO PORTUGUESA DE SEGURANÇA;APSEI;APSEI;registo;ASSOCIAÇÃO DE EMPREGADORES;empregadores;LISBOA;LISBOA;Activa;2012-03-08;2025-08-22
5.572.1;ASSOCIAÇÃO PORTUGUESA DE SEGURANÇA ELETRÓNICA E DE PROTECÇÃO INCÊNDIO;APSEI;APSEI;registo;ASSOCIAÇÃO DE EMPREGADORES;empregadores;VILA FRANCA DE XIRA;LISBOA;Activa;2005-12-15;2009-05-29
5.474.0;ASSOCIAÇÃO PORTUGUESA DE SOCIEDADES CORRETORAS E FINANCEIRAS DE CORRETAGEM;APCInvestimento;APC;registo+desambiguada;ASSOCIAÇÃO DE EMPREGADORES;empregadores;LISBOA;LISBOA;Extinta;1994-05-15;2005-12-15
5.623.0;ASSOCIAÇÃO PORTUGUESA DE SPAS;SPASpas;SPAS;recurso+desambiguada;ASSOCIAÇÃO DE EMPREGADORES;empregadores;OEIRAS;LISBOA;Extinta;2022-08-04;2022-09-22
5.623.1;ASSOCIAÇÃO PORTUGUESA DE SPAS;APSPT;APSPT;registo;ASSOCIAÇÃO DE EMPREGADORES;empregadores;OEIRAS;LISBOA;Extinta;2022-12-29;2025-12-22
5.295.0;ASSOCIAÇÃO PORTUGUESA DE SUINICULTORES;APS;APS;registo;ASSOCIAÇÃO DE EMPREGADORES;empregadores;LISBOA;LISBOA;Extinta;1977-07-15;2014-12-08
5.403.1;ASSOCIAÇÃO PORTUGUESA DE SUPLEMENTOS ALIMENTARES;APSA;APSA;registo;ASSOCIAÇÃO DE EMPREGADORES;empregadores;LISBOA;LISBOA;Activa;2009-09-22;2009-09-22
5.403.2;ASSOCIAÇÃO PORTUGUESA DE SUPLEMENTOS ALIMENTARES;APARD;APARD;registo;ASSOCIAÇÃO DE EMPREGADORES;empregadores;LISBOA;LISBOA;Activa;2009-12-15;2024-01-29
5.597.0;ASSOCIAÇÃO PORTUGUESA DE TÉCNICOS DE CHAVES E SISTEMAS DE SEGURANÇA;APTCSS;APTCSS;registo;ASSOCIAÇÃO DE EMPREGADORES;empregadores;;LISBOA;Activa;2008-12-22;2008-12-22
5.161.1;ASSOCIAÇÃO PORTUGUESA DE TÊXTEIS E VESTUÁRIO;TEXTEISVESTUARIO;TEXTEISVESTUARIO;recurso;ASSOCIAÇÃO DE EMPREGADORES;empregadores;PORTO;PORTO;Extinta;1994-12-15;2003-06-08
5.71.1;ASSOCIAÇÃO PORTUGUESA DE TINTAS;TINTAS;TINTAS;recurso;ASSOCIAÇÃO DE EMPREGADORES;empregadores;LISBOA;LISBOA;Activa;2008-08-08;2026-08-08
5.366.0;ASSOCIAÇÃO PORTUGUESA DE TRANSPORTADORES RODOVIÁRIOS INTERNACIONAIS DE MERCADORIAS;APORTIR;APORTIR;registo;ASSOCIAÇÃO DE EMPREGADORES;empregadores;LISBOA;LISBOA;Extinta;1984-05-15;1987-04-07
5.528.0;ASSOCIAÇÃO PORTUGUESA DE TRICOLOGOS;APT;APT;registo;ASSOCIAÇÃO DE EMPREGADORES;empregadores;LISBOA;LISBOA;Extinta;2000-05-29;2001-05-22
5.288.0;ASSOCIAÇÃO PORTUGUESA DE VENDA AUTOMÁTICA;APVA;APVA;registo;ASSOCIAÇÃO DE EMPREGADORES;empregadores;LISBOA;LISBOA;Extinta;2002-08-08;2012-07-29
5.503.1;ASSOCIAÇÃO PORTUGUESA DO ENSINO SUPERIOR PARTICULAR;APESP;APESP;registo;ASSOCIAÇÃO DE EMPREGADORES;empregadores;LISBOA;LISBOA;Activa;1998-07-15;2000-03-15
5.503.0;ASSOCIAÇÃO PORTUGUESA DO ENSINO SUPERIOR PRIVADO;APESP;APESP;registo;ASSOCIAÇÃO DE EMPREGADORES;empregadores;LISBOA;LISBOA;Activa;1997-11-15;1997-11-15
5.503.2;ASSOCIAÇÃO PORTUGUESA DO ENSINO SUPERIOR PRIVADO;APESP;APESP;registo;ASSOCIAÇÃO DE EMPREGADORES;empregadores;LISBOA;LISBOA;Activa;2002-11-22;2024-12-29
5.298.0;ASSOCIAÇÃO PORTUGUESA DOS AGENTES ARTISTICOS;AGENTESARTISTICOS;AGENTESARTISTICOS;recurso;ASSOCIAÇÃO DE EMPREGADORES;empregadores;LISBOA;LISBOA;Extinta;1977-06-29;2013-07-29
5.63.1;ASSOCIAÇÃO PORTUGUESA DOS AGENTES DE NAVEGAÇÃO;APAN;APAN;registo;ASSOCIAÇÃO DE EMPREGADORES;empregadores;LISBOA;LISBOA;Extinta;1992-12-30;1992-12-30
5.57.0;ASSOCIAÇÃO PORTUGUESA DOS AGENTES TRANSITÁRIOS;APAT;APAT;registo;ASSOCIAÇÃO DE EMPREGADORES;empregadores;LISBOA;LISBOA;Activa;1975-09-01;2003-07-08
5.340.0;ASSOCIAÇÃO PORTUGUESA DOS ARMADORES DA MARINHA MERCANTE;ARMADORESMARINHA;ARMADORESMARINHA;recurso;ASSOCIAÇÃO DE EMPREGADORES;empregadores;LISBOA;LISBOA;Extinta;1981-09-30;1991-01-30
5.79.0;ASSOCIAÇÃO PORTUGUESA DOS ARMAZENISTAS DE FERRAGENS, FERRAMENTAS E EQUIPAMENTOS INDÚSTRIAIS;ARMAZENISTAS;ARMAZENISTAS;recurso;ASSOCIAÇÃO DE EMPREGADORES;empregadores;LISBOA;LISBOA;Extinta;1975-10-16;1994-07-30
5.80.0;ASSOCIAÇÃO PORTUGUESA DOS ARMAZENISTAS E IMPORTADORES DE AÇOS TUBOS E METAIS;ARMAZENIArmazenistas;ARMAZENISTAS;recurso+desambiguada;ASSOCIAÇÃO DE EMPREGADORES;empregadores;LISBOA;LISBOA;Activa;1975-09-10;1998-01-30
5.99.1;ASSOCIAÇÃO PORTUGUESA DOS COMERCIANTES DE MATERIAIS DE CONSTRUÇÃO;COMERCIAComerciantes;COMERCIANTES;recurso+desambiguada;ASSOCIAÇÃO DE EMPREGADORES;empregadores;PORTO;PORTO;Activa;1983-04-30;2026-06-22
5.534.1;ASSOCIAÇÃO PORTUGUESA DOS COMERCIANTES DE VENDA AO DOMICÍLIO (APCVD);APCVDComerciantes;APCVD;registo+desambiguada;ASSOCIAÇÃO DE EMPREGADORES;empregadores;LOURES;LISBOA;Activa;2001-06-26;2025-07-29
5.534.0;ASSOCIAÇÃO PORTUGUESA DOS COMERCIANTES DE VENDA DIRECTA;APCVDComerciantes;APCVD;registo+desambiguada;ASSOCIAÇÃO DE EMPREGADORES;empregadores;LOURES;LISBOA;Activa;2000-10-22;2000-10-22
5.510.0;ASSOCIAÇÃO PORTUGUESA DOS COMERCIANTES DE VENDA DIRECTA (EXTINTA);APCVD;APCVD;registo;ASSOCIAÇÃO DE EMPREGADORES;empregadores;SINTRA;LISBOA;Extinta;1997-08-15;1998-06-15
5.589.0;ASSOCIAÇÃO PORTUGUESA DOS EMPREGADORES DE RESÍDUOS E LIMPEZA URBANA;APERLU;APERLU;registo;ASSOCIAÇÃO DE EMPREGADORES;empregadores;MATOSINHOS;LISBOA;Activa;2007-05-10;2025-04-08
5.183.0;ASSOCIAÇÃO PORTUGUESA DOS EXPORTADORES DE TÊXTEIS;EXPORTADORESTEXTEIS;EXPORTADORESTEXTEIS;recurso;ASSOCIAÇÃO DE EMPREGADORES;empregadores;PORTO;PORTO;Extinta;1975-10-28;1995-04-15
5.221.1;ASSOCIAÇÃO PORTUGUESA DOS FABRICANTES DE CANDEEIROS E ARTIGOS DE MENAGE;FABRICANTES;FABRICANTES;recurso;ASSOCIAÇÃO DE EMPREGADORES;empregadores;PORTO;PORTO;Extinta;1978-02-08;2011-07-29
5.71.0;ASSOCIAÇÃO PORTUGUESA DOS FABRICANTES DE TINTAS E VERNIZES;FABRICANTESTINTAS;FABRICANTESTINTAS;recurso;ASSOCIAÇÃO DE EMPREGADORES;empregadores;LISBOA;LISBOA;Activa;1975-09-26;2008-08-08
5.248.0;ASSOCIAÇÃO PORTUGUESA DOS FORNECEDORES DE ARTIGOS DE ÓPTICA;APFAO;APFAO;registo;ASSOCIAÇÃO DE EMPREGADORES;empregadores;LISBOA;LISBOA;Extinta;1975-12-22;2014-06-29
5.349.0;ASSOCIAÇÃO PORTUGUESA DOS GELADEIROS ARTESANAIS;ARTOGEL;ARTOGEL;registo;ASSOCIAÇÃO DE EMPREGADORES;empregadores;LISBOA;LISBOA;Extinta;1982-02-15;2011-10-29
5.50.2;ASSOCIAÇÃO PORTUGUESA DOS GROSISTAS E IMPORTADORES DE MATERIAL ELÉCTRICO, ELECTRÓNICO, ELECTRODOMÉSTICO E FOTOGRÁFICO E DE RELOJOARIA;AGEFE;AGEFE;registo;ASSOCIAÇÃO DE EMPREGADORES;empregadores;LISBOA;LISBOA;Activa;1989-06-15;2002-01-22
5.80.1;ASSOCIAÇÃO PORTUGUESA DOS GROSSISTAS DE AÇOS, METAIS E FERRAMENTAS;ACOMEFER;ACOMEFER;registo;ASSOCIAÇÃO DE EMPREGADORES;empregadores;LISBOA;LISBOA;Activa;1994-07-30;2024-07-22
5.31.1;ASSOCIAÇÃO PORTUGUESA DOS GROSSISTAS DE HORTOFRUTÍCOLAS E DOS OPERADORES DOS MERCADOS ABASTECEDORES;ANAIEF;ANAIEF;registo;ASSOCIAÇÃO DE EMPREGADORES;empregadores;LOURES;LISBOA;Activa;1996-04-30;2021-07-15
5.50.0;ASSOCIAÇÃO PORTUGUESA DOS GROSSISTAS DE MATERIAL ELÉCTRICO, FOTOGRÁFICO E ELECTRÓNICO;GROSSISTASMATERIAL;GROSSISTASMATERIAL;recurso;ASSOCIAÇÃO DE EMPREGADORES;empregadores;LISBOA;LISBOA;Activa;1975-10-15;1981-03-28
5.50.1;ASSOCIAÇÃO PORTUGUESA DOS GROSSISTAS E IMPORTADORES DE MATERIAL ELÉCTRICO, FOTOGRÁFICO E ELECTRÓNICO,;AGEFE;AGEFE;registo;ASSOCIAÇÃO DE EMPREGADORES;empregadores;LISBOA;LISBOA;Activa;1984-01-15;2015-07-08
5.103.0;ASSOCIAÇÃO PORTUGUESA DOS IMPORTADORES DE ALGODÃO EM RAMA;IMPORTADORESALGODAO;IMPORTADORESALGODAO;recurso;ASSOCIAÇÃO DE EMPREGADORES;empregadores;;PORTO;Extinta;1975-09-18;1997-12-30
5.254.0;ASSOCIAÇÃO PORTUGUESA DOS IMPORTADORES DE PRODUTOS FARMACÊUTICOS;IMPORTADORESPRODUTOS;IMPORTADORESPRODUTOS;recurso;ASSOCIAÇÃO DE EMPREGADORES;empregadores;LISBOA;LISBOA;Extinta;1976-01-22;1979-12-15
5.119.1;ASSOCIAÇÃO PORTUGUESA DOS INDÚSTRIAIS DE ÁGUAS MINERAIS NATURAIS E DE NASCENTE;APIAM;APIAM;registo;ASSOCIAÇÃO DE EMPREGADORES;empregadores;LISBOA;LISBOA;Activa;1996-12-16;2018-05-15
5.119.3;ASSOCIAÇÃO PORTUGUESA DOS INDÚSTRIAIS DE ÁGUAS MINERAIS NATURAIS E DE NASCENTE (APIAM) ÁGUAS MINERAIS E DE NASCENTE DE PORTUGAL;APIAM;APIAM;registo;ASSOCIAÇÃO DE EMPREGADORES;empregadores;LISBOA;LISBOA;Activa;2019-11-15;2024-06-08
5.65.0;ASSOCIAÇÃO PORTUGUESA DOS INDÚSTRIAIS DE ALIMENTOS COMPOSTOS PARA ANIMAIS;IACA;IACA;registo;ASSOCIAÇÃO DE EMPREGADORES;empregadores;LISBOA;LISBOA;Activa;1975-12-16;2025-07-08
5.60.0;ASSOCIAÇÃO PORTUGUESA DOS INDÚSTRIAIS DE ARTIGOS DE PELE E SEUS SUCEDÂNEOS;INDUSTRIAISARTIGOS;INDUSTRIAISARTIGOS;recurso;ASSOCIAÇÃO DE EMPREGADORES;empregadores;PORTO;PORTO;Extinta;1975-12-12;1977-12-29
5.105.0;ASSOCIAÇÃO PORTUGUESA DOS INDÚSTRIAIS DE BORRACHA;APIB;APIB;registo;ASSOCIAÇÃO DE EMPREGADORES;empregadores;MATOSINHOS;PORTO;Activa;1975-12-16;2026-02-28
5.121.0;ASSOCIAÇÃO PORTUGUESA DOS INDÚSTRIAIS DE CALÇADO;INDUSTRIAISCALCADO;INDUSTRIAISCALCADO;recurso;ASSOCIAÇÃO DE EMPREGADORES;empregadores;PORTO;PORTO;Extinta;1975-09-22;1977-12-29
5.301.0;ASSOCIAÇÃO PORTUGUESA DOS INDÚSTRIAIS DE CALÇADO, COMPONENTES E ARTIGOS DE PELE E SEUS SUCEDÂNEOS;APICCAPS;APICCAPS;registo;ASSOCIAÇÃO DE EMPREGADORES;empregadores;;PORTO;Activa;1977-12-29;2021-04-15
5.14.1;ASSOCIAÇÃO PORTUGUESA DOS INDÚSTRIAIS DE CARNES;APIC;APIC;registo;ASSOCIAÇÃO DE EMPREGADORES;empregadores;MONTIJO;LISBOA;Activa;2008-02-15;2024-05-22
5.172.0;ASSOCIAÇÃO PORTUGUESA DOS INDÚSTRIAIS DE CURTUMES;INDUSTRIAISCURTUMES;INDUSTRIAISCURTUMES;recurso;ASSOCIAÇÃO DE EMPREGADORES;empregadores;;PORTO;Activa;1975-09-24;2023-08-08
5.501.0;ASSOCIAÇÃO PORTUGUESA DOS INDÚSTRIAIS DE ENGENHARIA ELÉCTRICA;APIEE;APIEE;registo;ASSOCIAÇÃO DE EMPREGADORES;empregadores;LISBOA;LISBOA;Activa;1996-01-15;2002-01-22
5.501.1;ASSOCIAÇÃO PORTUGUESA DOS INDÚSTRIAIS DE ENGENHARIA ENERGÉTICA;APIEE;APIEE;registo;ASSOCIAÇÃO DE EMPREGADORES;empregadores;LISBOA;LISBOA;Activa;2002-04-22;2024-07-22
5.20.0;ASSOCIAÇÃO PORTUGUESA DOS INDÚSTRIAIS DE FERRAGENS;INDUSTRIAISFERRAGENS;INDUSTRIAISFERRAGENS;recurso;ASSOCIAÇÃO DE EMPREGADORES;empregadores;;AVEIRO;Extinta;1975-08-14;2000-08-15
5.20.1;ASSOCIAÇÃO PORTUGUESA DOS INDÚSTRIAIS DE FERRAGENS;INDUSTRIAISFERRAGENS;INDUSTRIAISFERRAGENS;recurso;ASSOCIAÇÃO DE EMPREGADORES;empregadores;;AVEIRO;Extinta;2012-03-08;2012-03-08
5.264.0;ASSOCIAÇÃO PORTUGUESA DOS INDÚSTRIAIS DE MADEIRA;INDUSTRIAISMADEIRA;INDUSTRIAISMADEIRA;recurso;ASSOCIAÇÃO DE EMPREGADORES;empregadores;LISBOA;LISBOA;Extinta;1976-06-09;2012-03-15
5.124.0;ASSOCIAÇÃO PORTUGUESA DOS INDÚSTRIAIS DE MÁRMORES, GRANITOS E RAMOS AFINS;ASSIMAGRA;ASSIMAGRA;registo;ASSOCIAÇÃO DE EMPREGADORES;empregadores;PORTO DE MÓS;LISBOA;Activa;1975-09-11;2013-07-08
5.10.0;ASSOCIAÇÃO PORTUGUESA DOS INDÚSTRIAIS DE REFRIGERAÇÃO E AR CONDICIONADO;APIRAC;APIRAC;registo;ASSOCIAÇÃO DE EMPREGADORES;empregadores;LISBOA;LISBOA;Activa;1975-08-14;1985-02-15
5.312.0;ASSOCIAÇÃO PORTUGUESA DOS INDÚSTRIAIS DE TRIPAS E AFINS;ITA;ITA;registo;ASSOCIAÇÃO DE EMPREGADORES;empregadores;PORTO;PORTO;Activa;1978-02-28;2026-01-23
5.37.1;ASSOCIAÇÃO PORTUGUESA DOS INDÚSTRIAIS DE VESTUÁRIO;APIV;APIV;registo;ASSOCIAÇÃO DE EMPREGADORES;empregadores;LISBOA;LISBOA;Extinta;1981-09-15;2003-02-28
5.383.0;ASSOCIAÇÃO PORTUGUESA DOS LABORATÓRIOS PRIVADOS DE ANÁLISES;APOLAPA;APOLAPA;registo;ASSOCIAÇÃO DE EMPREGADORES;empregadores;LISBOA;LISBOA;Extinta;1985-06-15;2012-10-29
5.344.0;ASSOCIAÇÃO PORTUGUESA DOS MEDICAMENTOS DE VENDA LIVRE;MEDICAMENTOSVENDA;MEDICAMENTOSVENDA;recurso;ASSOCIAÇÃO DE EMPREGADORES;empregadores;LISBOA;LISBOA;Extinta;1981-11-30;1984-04-30
5.370.0;ASSOCIAÇÃO PORTUGUESA DOS MÉDICOS CARDIOLOGISTAS;APOC0R;APOC0R;registo;ASSOCIAÇÃO DE EMPREGADORES;empregadores;LISBOA;LISBOA;Extinta;1984-07-15;2013-06-08
5.327.0;ASSOCIAÇÃO PORTUGUESA DOS MÉDICOS FISIATRAS;MEDICOSFISIATRAS;MEDICOSFISIATRAS;recurso;ASSOCIAÇÃO DE EMPREGADORES;empregadores;LISBOA;LISBOA;Activa;1979-09-22;2010-02-22
5.230.1;ASSOCIAÇÃO PORTUGUESA DOS MÉDICOS PATOLOGISTAS;APOMEPA;APOMEPA;registo;ASSOCIAÇÃO DE EMPREGADORES;empregadores;LISBOA;LISBOA;Extinta;1981-05-30;2018-08-22
5.289.1;ASSOCIAÇÃO PORTUGUESA DOS MÉDICOS RADIOLOGISTAS;APOMERA;APOMERA;registo;ASSOCIAÇÃO DE EMPREGADORES;empregadores;LISBOA;LISBOA;Extinta;1981-03-21;2011-05-08
5.530.0;ASSOCIAÇÃO PORTUGUESA DOS PRESTADORES DE SERVIÇOS;APPS;APPS;registo;ASSOCIAÇÃO DE EMPREGADORES;empregadores;LISBOA;LISBOA;Activa;2000-06-08;2023-07-22
5.453.1;ASSOCIAÇÃO PORTUGUESA DOS PRODUTORES DE CERVEJA;APCV;APCV;registo;ASSOCIAÇÃO DE EMPREGADORES;empregadores;LISBOA;LISBOA;Activa;2011-04-08;2014-07-29
5.273.1;ASSOCIAÇÃO PORTUGUESA DOS PRODUTORES PROFISSIONAIS DE SEGUROS;APROSE;APROSE;registo;ASSOCIAÇÃO DE EMPREGADORES;empregadores;PORTO;PORTO;Activa;1992-05-15;2011-07-08
5.602.0;ASSOCIAÇÃO PORTUGUESA DOS PROFISSIONAIS DA IMAGEM;APPIMAGEM;APPIMAGEM;registo;ASSOCIAÇÃO DE EMPREGADORES;empregadores;PAÇOS DE FERREIRA;PORTO;Activa;2013-08-08;2014-11-15
5.576.0;ASSOCIAÇÃO PORTUGUESA FORNECEDORES DE NAVIOS;FORNECEDORESNAVIOS;FORNECEDORESNAVIOS;recurso;ASSOCIAÇÃO DE EMPREGADORES;empregadores;LISBOA;LISBOA;Activa;2006-02-08;2019-04-08
5.457.0;ASSOCIAÇÃO REGEONAL DOS UTENTES DE TERRENOS E ARMAZÉNS LICENCIADOS OU CONCESSIONADOS PELA ADMINISTRAÇÃO DO PORTO DE LISBOA;ARUP;ARUP;registo;ASSOCIAÇÃO DE EMPREGADORES;empregadores;LISBOA;LISBOA;Extinta;1992-06-30;2012-05-08
5.386.0;ASSOCIAÇÃO REGIONAL DE SUINICULTORES DO NORDESTE;REGIONALSuinicultore;REGIONAL;recurso+desambiguada;ASSOCIAÇÃO DE EMPREGADORES;empregadores;MIRANDELA;BRAGANÇA;Extinta;1985-08-15;2014-02-22
5.158.0;ASSOCIAÇÃO REGIONAL DO NORTE DA INDÚSTRIA E COMERCIO ALIMENTAR;ARNICA;ARNICA;registo;ASSOCIAÇÃO DE EMPREGADORES;empregadores;PORTO;PORTO;Extinta;2000-02-29;2010-12-08
5.369.0;ASSOCIAÇÃO REGIONAL DOS INDÚSTRIAIS DE CARNES DO NORDESTE TRANSMONTANO;ARICANT;ARICANT;registo;ASSOCIAÇÃO DE EMPREGADORES;empregadores;MIRANDELA;BRAGANÇA;Extinta;1984-04-15;2014-11-15
5.303.1;ASSOCIAÇÃO REGIONAL DOS INDÚSTRIAIS DE CONSTRUÇAO E OBRAS PÚBLICAS DE LEIRIA;ARICOP;ARICOP;registo;ASSOCIAÇÃO DE EMPREGADORES;empregadores;LEIRIA;LEIRIA;Activa;2005-07-22;2020-07-29
5.303.2;ASSOCIAÇÃO REGIONAL DOS INDÚSTRIAIS DE CONSTRUÇÃO E OBRAS PÚBLICAS DE LEIRIA E OURÉM (ARICOP);ARICOP;ARICOP;registo;ASSOCIAÇÃO DE EMPREGADORES;empregadores;LEIRIA;LEIRIA;Activa;2020-11-08;2024-04-22
5.303.0;ASSOCIAÇÃO REGIONAL DOS INDÚSTRIAIS DE CONSTRUÇÃO E OBRAS PÚBLICAS DO DISTRITO DE LEIRIA;ARICOP;ARICOP;registo;ASSOCIAÇÃO DE EMPREGADORES;empregadores;LEIRIA;LEIRIA;Activa;1977-11-29;2004-04-22
5.253.0;ASSOCIAÇÃO REGIONAL DOS PANIFICADORES DO BAIXO ALENTEJO E ALGARVE;REGIONAL;REGIONAL;recurso;ASSOCIAÇÃO DE EMPREGADORES;empregadores;;FARO;Extinta;1976-02-21;2009-09-22
5.546.0;ASSOCIAÇÃO REPRESENTATIVA DAS EMPRESAS DE NAVEGAÇÃO AÉREA;RENA;RENA;registo;ASSOCIAÇÃO DE EMPREGADORES;empregadores;LISBOA;LISBOA;Activa;2002-05-22;2017-05-29
5.569.0;ASSOCIAÇÃO RODOVIÁRIA DE TRANSPORTADORES PESADOS DE PASSAGEIROS;ARPRodoviaria;ARP;registo+desambiguada;ASSOCIAÇÃO DE EMPREGADORES;empregadores;PORTO;PORTO;Activa;2005-05-15;2026-08-08
5.102.2;ASSOCIAÇÃO TÊXTIL E VESTUÁRIO DE PORTUGAL;ATP;ATP;registo;ASSOCIAÇÃO DE EMPREGADORES;empregadores;VILA NOVA DE FAMALICÃO;PORTO;Activa;2003-06-08;2025-10-08
5.498.0;ASSOCIAÇÃO TURISTICA DAS TERRAS VERDES;TUTEVE;TUTEVE;registo;ASSOCIAÇÃO DE EMPREGADORES;empregadores;LOUSADA;PORTO;Extinta;1995-10-15;2024-01-08
5.26.0;ASSOCIAÇÃO VOLUNTÁRIA DOS COMERCIANTES RETALHISTAS DO CONCELHO DE ALENQUER;VOLUNTARIA;VOLUNTARIA;recurso;ASSOCIAÇÃO DE EMPREGADORES;empregadores;ALENQUER;LISBOA;Activa;1975-08-26;1975-08-26
5.94.1;ASSOCIÇAO DOS COMERCIANTES DE PESCADO;ACOPE;ACOPE;registo;ASSOCIAÇÃO DE EMPREGADORES;empregadores;LISBOA;LISBOA;Extinta;2014-05-29;2021-04-29
5.262.0;ASSOCIÇAO DOS INDÚSTRIAIS DE MOAGEM DO CENTRO;ASSOCICAOINDUSTRIAIS;ASSOCICAOINDUSTRIAIS;recurso;ASSOCIAÇÃO DE EMPREGADORES;empregadores;LISBOA;LISBOA;Extinta;1976-02-24;2013-03-15
5.538.0;ASSOCOCIAÇAO DOS OPERADORES DO MERCADO ABASTECEDOR DA REGIÃO DE COIMBRA;ASSOMAC;ASSOMAC;registo;ASSOCIAÇÃO DE EMPREGADORES;empregadores;;COIMBRA;Extinta;2001-02-08;2012-01-22
5.314.1;ASSOCOCIAÇAO DOS PROFISSIONAIS E EMPRESAS DE MEDIAÇÃO IMOBILIÁRIA DE PORTUGAL;APEMIP;APEMIP;registo;ASSOCIAÇÃO DE EMPREGADORES;empregadores;LISBOA;LISBOA;Activa;2005-01-08;2026-05-22
5.542.1;ATTIMA ASSOCIAÇÃO DE TRANSPORTADORES DE TERRAS INERTES MADEIRAS E AFINS;ATTIMA;ATTIMA;registo;ASSOCIAÇÃO DE EMPREGADORES;empregadores;SINTRA;LISBOA;Extinta;2007-11-20;2024-06-08
5.283.1;CASA DO AZEITE - ASSOCIAÇÃO DO AZEITE DE PORTUGAL;CASADOAZEITE;CASADOAZEITE;derivada;ASSOCIAÇÃO DE EMPREGADORES;empregadores;MOURA;LISBOA;Activa;1994-11-30;2026-06-22
5.260.1;CENTRO) - ASSOCIAÇÃO DOS INDÚSTRIAIS DE HOTELARIA E RESTAURAÇÃO DO CENTRO;HR;HR;registo;ASSOCIAÇÃO DE EMPREGADORES;empregadores;COIMBRA;COIMBRA;Extinta;1999-04-29;2009-04-22
8.1.1;CONFEDERAÇÃO DA INDÚSTRIA PORTUGUESA ( CIP );CIP;CIP;registo;CONFEDERAÇÃO DE EMPREGADORES;empregadores;LISBOA;LISBOA;Activa;1999-12-08;2008-03-29
8.1.0;CONFEDERAÇÃO DA INDÚSTRIA PORTUGUESA( CIP );CIP;CIP;registo;CONFEDERAÇÃO DE EMPREGADORES;empregadores;LISBOA;LISBOA;Activa;1975-06-21;2010-02-15
8.8.0;CONFEDERAÇÃO DAS ORGANIZAÇÕES REPRESENTATIVAS DA PESCA ARTESANAL - ASSOCIAÇÕES E ORGANIZAÇÕES DE PRODUTORES;CORPA;CORPA;registo;CONFEDERAÇÃO DE EMPREGADORES;empregadores;SESIMBRA;SETÚBAL;Extinta;2000-07-08;2013-06-15
8.10.0;CONFEDERAÇÃO DE EMPREGADORES DOS SERVIÇOS DE PORTUGAL;CSP;CSP;registo;CONFEDERAÇÃO DE EMPREGADORES;empregadores;LISBOA;LISBOA;Activa;2011-07-14;2012-03-22
8.10.1;CONFEDERAÇÃO DE EMPREGADORES DOS SERVIÇOS DE PORTUGAL;CONFESP;CONFESP;registo;CONFEDERAÇÃO DE EMPREGADORES;empregadores;LISBOA;LISBOA;Activa;2012-06-08;2012-06-08
8.10.2;CONFEDERAÇÃO DE EMPREGADORES DOS SERVIÇOS DE PORTUGAL;CSP;CSP;registo;CONFEDERAÇÃO DE EMPREGADORES;empregadores;LISBOA;LISBOA;Activa;2012-09-08;2012-09-08
8.2.1;CONFEDERAÇÃO DO COMERCIO E SERVIÇOS DE PORTUGAL(CCP);CCP;CCP;registo;CONFEDERAÇÃO DE EMPREGADORES;empregadores;LISBOA;LISBOA;Activa;1995-01-30;2026-05-29
8.2.0;CONFEDERAÇÃO DO COMERCIO PORTUGUÊS(CCP);CCP;CCP;registo;CONFEDERAÇÃO DE EMPREGADORES;empregadores;LISBOA;LISBOA;Activa;1977-02-11;2007-07-08
8.5.1;CONFEDERAÇÃO DO TURISMO PORTUGAL (CTP);CTP;CTP;registo;CONFEDERAÇÃO DE EMPREGADORES;empregadores;LISBOA;LISBOA;Activa;2018-03-26;2024-12-22
8.5.0;CONFEDERAÇÃO DO TURISMO PORTUGUÊS (CTP);CTP;CTP;registo;CONFEDERAÇÃO DE EMPREGADORES;empregadores;LISBOA;LISBOA;Activa;1996-06-15;2016-10-15
8.3.0;CONFEDERAÇÃO DOS AGRICULTORES DE PORTUGAL;CAP;CAP;registo;CONFEDERAÇÃO DE EMPREGADORES;empregadores;LISBOA;LISBOA;Activa;1985-05-30;2026-06-08
8.1.2;CONFEDERAÇÃO EMPRESARIAL DE PORTUGAL;CIP;CIP;registo;CONFEDERAÇÃO DE EMPREGADORES;empregadores;LISBOA;LISBOA;Activa;2010-08-22;2023-07-15
8.4.0;CONFEDERAÇÃO NACIONAL DA AGRICULTURA;CNA;CNA;registo;CONFEDERAÇÃO DE EMPREGADORES;empregadores;COIMBRA;COIMBRA;Activa;1995-02-28;2023-11-22
8.11.0;CONFEDERAÇÃO NACIONAL DA EDUCAÇÃO E FORMAÇÃO (CNEF);CNEF;CNEF;registo;CONFEDERAÇÃO DE EMPREGADORES;empregadores;LISBOA;LISBOA;Activa;2013-01-15;2024-07-22
8.9.0;CONFEDERAÇÃO PORTUGUESA DA CONSTRUÇÃO E DO IMOBILIÁRIO;CPCI;CPCI;registo;CONFEDERAÇÃO DE EMPREGADORES;empregadores;LISBOA;LISBOA;Activa;2009-08-15;2009-10-15
8.9.1;CONFEDERAÇÃO PORTUGUESA DA CONSTRUÇÃO E DO IMOBILIÁRIO;CPCI;CPCI;registo;CONFEDERAÇÃO DE EMPREGADORES;empregadores;LISBOA;LISBOA;Activa;2010-01-19;2022-06-15
8.6.1;CONFEDERAÇÃO PORTUGUESA DAS MICRO, PEQUENAS E MÉDIAS EMPRESAS;CPPME;CPPME;registo;CONFEDERAÇÃO DE EMPREGADORES;empregadores;SEIXAL;LISBOA;Activa;2003-03-29;2026-04-10
8.6.0;CONFEDERAÇÃO PORTUGUESA DAS PEQUENAS E MÉDIAS EMPRESAS;CPME;CPME;registo;CONFEDERAÇÃO DE EMPREGADORES;empregadores;LISBOA;LISBOA;Activa;1996-05-05;1999-02-28
5.461.1;CROPLIFE PORTUGAL - ASSOCIAÇÃO DA INDÚSTRIA DA CIÊNCIA PARA A PROTEÇÃO DAS PLANTAS;CROPLIFEPORTUGAL;CROPLIFEPORTUGAL;derivada;ASSOCIAÇÃO DE EMPREGADORES;empregadores;OEIRAS;LISBOA;Activa;2024-02-15;2025-04-15
6.14.1;FEDERAÇÃO DA INDÚSTRIA HOTELEIRA E DA RESTAURAÇAO DE PORTUGAL;FIHSP;FIHSP;registo;FEDERAÇÃO DE EMPREGADORES;empregadores;LISBOA;LISBOA;Extinta;2000-02-15;2010-03-15
6.2.0;FEDERAÇÃO DA INDÚSTRIA HOTELEIRA E DO ALOJAMENTO TURÍSTICO DE PORTUGAL;FIHOTEL;FIHOTEL;registo;FEDERAÇÃO DE EMPREGADORES;empregadores;PORTO;PORTO;Extinta;1998-11-30;2005-01-15
6.14.0;FEDERAÇÃO DA INDÚSTRIA HOTELEIRA E SIMILARES DE PORTUGAL;FIHSP;FIHSP;registo;FEDERAÇÃO DE EMPREGADORES;empregadores;LISBOA;LISBOA;Extinta;1991-01-15;2002-12-29
6.23.0;FEDERAÇÃO DA INDÚSTRIA TÊXTIL E DO VESTUÁRIO DE PORTUGAL;INDUSTRIATEXTIL;INDUSTRIATEXTIL;recurso;FEDERAÇÃO DE EMPREGADORES;empregadores;PORTO;PORTO;Activa;2000-06-07;2010-02-22
6.23.1;FEDERAÇÃO DA INDÚSTRIA TÊXTIL E DO VESTUÁRIO DE PORTUGAL;FITVEP;FITVEP;registo;FEDERAÇÃO DE EMPREGADORES;empregadores;PORTO;PORTO;Activa;2014-07-22;2015-04-29
6.22.0;FEDERAÇÃO DA RESTAURAÇÃO, CAFÉS, PASTELARIAS E SIMILARES DE PORTUGAL;FERECA;FERECA;registo;FEDERAÇÃO DE EMPREGADORES;empregadores;PORTO;PORTO;Extinta;1996-11-30;2009-11-08
6.10.0;FEDERAÇÃO DAS ACTIVIDADES TURISTICAS E DE ANIMAÇÃO DE PORTUGAL;FATAP;FATAP;registo;FEDERAÇÃO DE EMPREGADORES;empregadores;LISBOA;LISBOA;Extinta;1989-04-30;2013-04-15
6.16.0;FEDERAÇÃO DAS ASSOCIAÇÕES DE BARBEIROS CABELEIREIROS E INSTITUTOS DE BELEZA;BARBEIROSLisboa;BARBEIROS;recurso+desambiguada;FEDERAÇÃO DE EMPREGADORES;empregadores;LISBOA;LISBOA;Extinta;1995-01-30;2013-03-08
6.13.0;FEDERAÇÃO DAS INDÚSTRIAS DE ÓLEOS E GORDURAS ALIMENTARES;FIOGA;FIOGA;registo;FEDERAÇÃO DE EMPREGADORES;empregadores;LISBOA;LISBOA;Extinta;1990-12-31;2011-07-08
6.4.0;FEDERAÇÃO DAS INDÚSTRIAS DE ÓLEOS VEGETAIS, DERIVADOS E EQUIPARADOS;INDUSTRIASOLEOS;INDUSTRIASOLEOS;recurso;FEDERAÇÃO DE EMPREGADORES;empregadores;LISBOA;LISBOA;Activa;1976-01-19;2024-12-15
6.9.0;FEDERAÇÃO DAS INDÚSTRIAS PORTUGUESAS AGRO-ALIMENTARES;FIPA;FIPA;registo;FEDERAÇÃO DE EMPREGADORES;empregadores;LISBOA;LISBOA;Activa;1987-09-30;2024-06-08
6.5.0;FEDERAÇÃO DO COMÉRCIO GROSSISTA PORTUGUÊS;COMERCIOGROSSISTA;COMERCIOGROSSISTA;recurso;FEDERAÇÃO DE EMPREGADORES;empregadores;LISBOA;LISBOA;Extinta;1976-04-19;2012-11-08
6.1.0;FEDERAÇÃO DO COMÉRCIO RETALHISTA PORTUGUÊS;FCRP;FCRP;registo;FEDERAÇÃO DE EMPREGADORES;empregadores;LISBOA;LISBOA;Extinta;1976-10-28;2011-10-29
6.29.2;FEDERAÇÃO EMPRESARIAL PARA O PEQUENO COMÉRCIO E SERVIÇOS PORTUGUES;FEP;FEP;registo;FEDERAÇÃO DE EMPREGADORES;empregadores;ESPINHO;LISBOA;Activa;2013-12-29;2024-09-08
6.29.0;FEDERAÇÃO EMPRESARIAL PORTUGUESA;FEP;FEP;registo;FEDERAÇÃO DE EMPREGADORES;empregadores;LISBOA;LISBOA;Activa;2010-05-08;2011-07-29
6.29.1;FEDERAÇÃO EMPRESARIAL PORTUGUESA;FEP;FEP;registo;FEDERAÇÃO DE EMPREGADORES;empregadores;LISBOA;LISBOA;Activa;;
6.3.0;FEDERAÇÃO INTERTÊXTIL PORTUGUESA;FIP;FIP;registo;FEDERAÇÃO DE EMPREGADORES;empregadores;PORTO;PORTO;Extinta;1977-01-03;2011-03-29
6.18.1;FEDERAÇÃO NACIONAL CORTICEIRA;FENACOR;FENACOR;registo;FEDERAÇÃO DE EMPREGADORES;empregadores;LISBOA;LISBOA;Extinta;1995-11-30;2011-10-29
6.7.0;FEDERAÇÃO NACIONAL DAS ASSOCIAÇÕES DOS COMERCIANTES DE CARNES;COMERCIANTESCARNE670;COMERCIANTESCARNES;recurso+desambiguada;FEDERAÇÃO DE EMPREGADORES;empregadores;LISBOA;LISBOA;Extinta;1980-05-29;2026-05-22
5.177.1;FEDERAÇÃO NACIONAL DAS ORGANIZAÇÕES DE PRODUTORES DE FRUTAS E HORTÍCOLAS;FNOP;FNOP;registo;ASSOCIAÇÃO DE EMPREGADORES;empregadores;LISBOA;LISBOA;Activa;2007-12-29;2023-03-08
6.12.0;FEDERAÇÃO NACIONAL DE ASSOCIAÇÕES DE MEDICINAS ALTERNATIVAS NATURAIS;FENAMAN;FENAMAN;registo;FEDERAÇÃO DE EMPREGADORES;empregadores;LISBOA;LISBOA;Extinta;1990-11-30;2021-03-08
6.28.0;FEDERAÇÃO NACIONAL DO COMÉRCIO;FNC;FNC;registo;FEDERAÇÃO DE EMPREGADORES;empregadores;BARCELOS;BRAGA;Extinta;2006-08-29;2019-04-22
6.8.0;FEDERAÇÃO NACIONAL DO METAL;FENAMEtal;FENAME;registo+desambiguada;FEDERAÇÃO DE EMPREGADORES;empregadores;LISBOA;LISBOA;Activa;1981-03-21;2024-11-15
6.19.0;FEDERAÇÃO NACIONAL DOS PRESTADORES DE CUIDADOS DE SAÚDE;FNS;FNS;registo;FEDERAÇÃO DE EMPREGADORES;empregadores;LISBOA;LISBOA;Activa;1996-03-15;2026-07-15
6.20.0;FEDERAÇÃO PORTUGUESA DA INDÚSTRIA DA CONSTRUÇÃO E OBRAS PÚBLICAS;FEPICOP;FEPICOP;registo;FEDERAÇÃO DE EMPREGADORES;empregadores;LISBOA;LISBOA;Extinta;1996-04-30;2025-07-15
6.15.0;FEDERAÇÃO PORTUGUESA DE ASSOCIAÇÕES DE SUINICULTORES;FPAS;FPAS;registo;FEDERAÇÃO DE EMPREGADORES;empregadores;LISBOA;LISBOA;Activa;1993-06-15;2025-09-29
6.11.0;FEDERAÇÃO PORTUGUESA DE TRANSPORTES;TRANSPORTES6110;TRANSPORTES;recurso+desambiguada;FEDERAÇÃO DE EMPREGADORES;empregadores;LISBOA;LISBOA;Extinta;1990-08-30;2011-10-08
6.17.0;FEDERAÇÃO PORTUGUESA DO TAXI;FPT;FPT;registo;FEDERAÇÃO DE EMPREGADORES;empregadores;LISBOA;LISBOA;Activa;1995-04-15;2025-11-15
6.6.0;FEDERAÇÃO PORTUGUESA DOS INDÚSTRIAIS DE MOAGEM;INDUSTRIAISMOAMoagem;INDUSTRIAISMOAGEM;recurso+desambiguada;FEDERAÇÃO DE EMPREGADORES;empregadores;LISBOA;LISBOA;Extinta;1977-01-24;2001-11-08
6.25.0;FEDERAÇÃO PORTUGUESA DOS TRANSPORTADORES RODOVIÁRIOS;FPTR;FPTR;registo;FEDERAÇÃO DE EMPREGADORES;empregadores;LISBOA;LISBOA;Activa;2001-01-16;2012-07-22
5.319.1;LIGA PORTUGUESA DE FUTEBOL PROFISSIONAL;LIGAFUTEBOL;LIGAFUTEBOL;recurso;ASSOCIAÇÃO DE EMPREGADORES;empregadores;PORTO;PORTO;Activa;1991-05-30;2026-02-22
5.319.0;LIGA PORTUGUESA DOS CLUBES DE FUTEBOL PROFISSIONAL;LIGACLUBESFUTEBOL;LIGACLUBESFUTEBOL;recurso;ASSOCIAÇÃO DE EMPREGADORES;empregadores;PORTO;PORTO;Activa;1979-01-15;1983-02-15
5.579.0;NOVA ASSOCIAÇÃO DE TRANSPORTADORES;NAT;NAT;registo;ASSOCIAÇÃO DE EMPREGADORES;empregadores;ALENQUER;LISBOA;Extinta;2006-04-08;2014-12-08
5.535.1;PORTUGAL ACTIVO - ASSOCIAÇÕES DE CLUBES DE FITNESS E SAÚDE-(PAACFS);AGAP;AGAP;registo;ASSOCIAÇÃO DE EMPREGADORES;empregadores;LISBOA;LISBOA;Activa;2026-03-26;2026-05-22
5.615.0;PORTUGAL T - ASSOCIAÇÃO DE AUTOMOVEIS DE TURISMO E ACTIVIDADES TURISTICAS DO ALGARVE;PORTUGALT;PORTUGALT;registo;ASSOCIAÇÃO DE EMPREGADORES;empregadores;LOULÉ;FARO;Activa;2017-12-19;2018-01-22
5.615.1;PORTUGAL T - ASSOCIAÇÃO NACIONAL DE INDÚSTRIAIS DE TÁXIS DE TURISMO;PORTUGALT;PORTUGALT;registo;ASSOCIAÇÃO DE EMPREGADORES;empregadores;LOULÉ;FARO;Activa;2020-11-29;2020-11-29
5.615.2;PORTUGAL T - ASSOCIAÇÃO NACIONAL DE INDÚSTRIAIS DE TÁXIS E SERVIÇOS DE TURISMO, PORTUGAL T);PORTUGALT;PORTUGALT;registo;ASSOCIAÇÃO DE EMPREGADORES;empregadores;LOULÉ;FARO;Activa;2022-04-08;2026-02-08
5.621.0;TICET - ASSOCIAÇÃO EMPRESARIAL DE PORTUGAL DOS AGENTES DE SERVIÇOS DAS TECNOLOGIAS DE INFORMAÇÃO COMUNICAÇÃO ENERGÉTICOS E TELECOMUNICAÇÕES;AEPTicet;AEP;registo+desambiguada;ASSOCIAÇÃO DE EMPREGADORES;empregadores;CABECEIRAS DE BASTO;;Activa;2022-04-13;2024-02-22
7.8.0;UNIÃO DAS ASSOCIAÇÕES COMERCIAIS DO DISTRITO DO PORTO;COMERCIAISDISTRITO;COMERCIAISDISTRITO;recurso;UNIÃO DE EMPREGADORES;empregadores;PENAFIEL;PORTO;Extinta;1979-07-08;1979-07-08
7.3.4;UNIÃO DAS ASSOCIAÇÕES DA HOTELARIA E RESTAURAÇÃO DO NORTE DE PORTUGAL;UNIHSNORHotelaria;UNIHSNOR;registo+desambiguada;UNIÃO DE EMPREGADORES;empregadores;PORTO;PORTO;Extinta;1998-06-30;2008-06-15
7.1.0;UNIÃO DAS ASSOCIAÇÕES DA INDÚSTRIA HOTELEIRA E SIMILARES DO CENTRO SUL DE PORTUGAL;INDUSTRIAHOTELEIR710;INDUSTRIAHOTELEIRA;recurso+desambiguada;UNIÃO DE EMPREGADORES;empregadores;LISBOA;LISBOA;Extinta;1976-01-22;1991-01-15
7.3.0;UNIÃO DAS ASSOCIAÇÕES DA INDÚSTRIA HOTELEIRA E SIMILARES DO NORTE;INDUSTRIAHOTELEIR731;INDUSTRIAHOTELEIRA;recurso+desambiguada;UNIÃO DE EMPREGADORES;empregadores;PORTO;PORTO;Extinta;1976-04-30;1976-04-30
7.3.1;UNIÃO DAS ASSOCIAÇÕES DA INDÚSTRIA HOTELEIRA E SIMILARES DO NORTE DE PORTUGAL;INDUSTRIAHOTELEIR731;INDUSTRIAHOTELEIRA;recurso+desambiguada;UNIÃO DE EMPREGADORES;empregadores;PORTO;PORTO;Extinta;1980-12-30;1994-08-15
7.3.3;UNIÃO DAS ASSOCIAÇÕES DA INDÚSTRIA HOTELEIRA, RESTAURAÇÃO, CAFÉS, PASTELARIAS E SIMILARES DO NORTE DE PORTUGAL;UNIHSNORHotelaria;UNIHSNOR;registo+desambiguada;UNIÃO DE EMPREGADORES;empregadores;PORTO;PORTO;Extinta;1997-10-15;1997-10-15
7.4.0;UNIÃO DAS ASSOCIAÇÕES DE COMERCIANTES DO DISTRITO DE AVEIRO;COMERCIANTESDIAveiro;COMERCIANTESDISTRITO;recurso+desambiguada;UNIÃO DE EMPREGADORES;empregadores;AVEIRO;AVEIRO;Activa;1976-04-24;1991-05-15
7.2.0;UNIÃO DAS ASSOCIAÇÕES DE COMERCIANTES DO DISTRITO DE LISBOA;COMERCIANTESDILisboa;COMERCIANTESDISTRITO;recurso+desambiguada;UNIÃO DE EMPREGADORES;empregadores;LISBOA;LISBOA;Activa;1975-09-18;1999-02-08
7.6.0;UNIÃO DAS ASSOCIAÇÕES DE COMERCIANTES DOS CONCELHOS LIMÍTROFES DE LISBOA E OUTROS;UNACOL;UNACOL;registo;UNIÃO DE EMPREGADORES;empregadores;OEIRAS;LISBOA;Extinta;1977-07-15;2013-03-08
7.2.1;UNIÃO DAS ASSOCIAÇÕES DE COMERCIO E SERVIÇOS;COMERCIOComercioServ;COMERCIOSERVICOS;recurso+desambiguada;UNIÃO DE EMPREGADORES;empregadores;LISBOA;LISBOA;Activa;2001-08-08;2010-10-15
7.5.0;UNIÃO DAS ASSOCIAÇÕES DE ESPECTÁCULOS E DIVERSÕES;ESPECTACEspectaculos;ESPECTACULOS;recurso+desambiguada;UNIÃO DE EMPREGADORES;empregadores;LISBOA;LISBOA;Extinta;1976-09-08;2012-02-08
7.7.0;UNIÃO DAS ASSOCIAÇÕES DO COMÉRCIO RETALHISTA DO DISTRITO DE LEIRIA;UACRDL;UACRDL;registo;UNIÃO DE EMPREGADORES;empregadores;LEIRIA;LEIRIA;Extinta;1979-02-28;1979-02-28
7.9.0;UNIÃO DAS ASSOCIAÇÕES DO COMÉRCIO RETALHISTA DO DISTRITO DE SANTAREM;COMERCIORETALHISTA;COMERCIORETALHISTA;recurso;UNIÃO DE EMPREGADORES;empregadores;TORRES NOVAS;SANTARÉM;Extinta;0011-12-03;2005-03-15
7.7.1;UNIÃO DAS ASSOCIAÇÕES EMPRESARIAIS DA REGIÃO DE LEIRIA;UAERL;UAERL;registo;UNIÃO DE EMPREGADORES;empregadores;LEIRIA;LEIRIA;Extinta;1998-09-30;2012-11-15
7.9.1;UNIÃO DAS ASSOCIAÇÕES EMPRESARIAIS DO DISTRITO DE SANTAREM;EMPRESARIAISDISTRITO;EMPRESARIAISDISTRITO;recurso;UNIÃO DE EMPREGADORES;empregadores;TORRES NOVAS;SANTARÉM;Extinta;2001-06-08;2020-02-15
7.11.0;UNIÃO DAS ASSOCIAÇÕES EMPRESARIAIS DO VALE DO AVE;UNAVE;UNAVE;registo;UNIÃO DE EMPREGADORES;empregadores;GUIMARÃES;BRAGA;Activa;1993-01-15;1993-04-15
5.458.0;UNIÃO DAS INSTITUIÇÕES PARTICULARES DE SOLIDARIEDADE SOCIAL;UIPSS;UIPSS;registo;ASSOCIAÇÃO DE EMPREGADORES;empregadores;PORTO;PORTO;Extinta;1992-07-30;1992-09-30
5.471.0;UNIÃO DAS INSTITUIÇÕES PARTICULARES DE SOLIDARIEDADE SOCIAL;UIPSSInstituicoes;UIPSS;registo+desambiguada;ASSOCIAÇÃO DE EMPREGADORES;empregadores;PORTO;PORTO;Extinta;1993-12-30;1994-06-30
7.2.2;UNIÃO DE ASSOCIAÇÕES DO COMERCIO E SERVIÇOS DA REGIAO DE LISBOA E VALE DO TEJO;UACS;UACS;registo;UNIÃO DE EMPREGADORES;empregadores;LISBOA;LISBOA;Activa;2005-02-03;2026-02-08
7.3.2;UNIÃO DOS INDÚSTRIAIS DE HOTELARIA E SIMILARES DO NORTE DE PORTUGAL;UNIHSNORHotelaria;UNIHSNOR;registo+desambiguada;UNIÃO DE EMPREGADORES;empregadores;PORTO;PORTO;Extinta;1996-06-15;1996-06-15
7.8.1;UNIÃO EMPRESARIAL DO DISTRITO DO PORTO;UEP;UEP;registo;UNIÃO DE EMPREGADORES;empregadores;PENAFIEL;PORTO;Extinta;1990-09-15;2012-01-15
5.341.2;UNIÃO EMPRESARIAL DO VALE DO MINHO;EMPRESARIALVALEMINHO;EMPRESARIALVALEMINHO;recurso;ASSOCIAÇÃO DE EMPREGADORES;empregadores;VALENÇA;VIANA DO CASTELO;Activa;1998-11-15;2014-08-15
7.10.0;UNIÃO PORTUGUESA DE GROSSISTAS, IMPORTADORES E EXPORTADORES DE TABACOS;GROSSISTAS;GROSSISTAS;recurso;UNIÃO DE EMPREGADORES;empregadores;LISBOA;LISBOA;Extinta;1989-11-30;1991-01-03
5.578.0;UNIHSNOR PORTUGAL - UNIÃO DAS EMPRESAS DE HOTELARIA, DE RESTAURAÇÃO E DE TURISMO DE PORTUGAL;UNIHSNOR;UNIHSNOR;registo;ASSOCIAÇÃO DE EMPREGADORES;empregadores;PORTO;PORTO;Activa;2006-03-29;2007-01-22
1.325.2;ASINDICATO NACIONAL DOS TRABALHADORES DAS ADMINISTRAÇÕES PORTUÁRIAS;SNTAP;SNTAP;registo;SINDICATO;trabalhadores;LISBOA;LISBOA;Activa;2024-10-08;2026-01-15
1.572.0;ASSOCIAÇÃO DE CLASSE INTERPROFISSIONAL;CLASSE;CLASSE;recurso;SINDICATO;trabalhadores;CASCAIS;LISBOA;Extinta;2006-11-29;2010-05-08
1.426.0;ASSOCIAÇÃO DE DIRECTORES E SUBDIRECTORES ESCOLARES;ADESE;ADESE;registo;SINDICATO;trabalhadores;FARO;FARO;Extinta;1985-11-30;2024-12-29
1.585.0;ASSOCIAÇÃO DE MOTORISTAS DIGNOS AMD;AMD;AMD;registo;SINDICATO;trabalhadores;MATOSINHOS;PORTO;Activa;2009-11-02;2010-02-08
1.581.0;ASSOCIAÇÃO DOS OFICIAIS DE JUSTIÇA;AOJ;AOJ;registo;SINDICATO;trabalhadores;;LISBOA;Activa;2009-01-08;2010-05-29
1.590.0;ASSOCIAÇÃO DOS PROFISSIONAIS DA INSPECÇÃO TRIBUTÁRIA;APIT;APIT;registo;SINDICATO;trabalhadores;;LISBOA;Activa;2009-07-20;2013-08-08
1.466.0;ASSOCIAÇÃO DOS PROFISSIONAIS DO ENSINO DE CONDUÇÃO AUTOMÓVEL;ENSINOCONDUCAO;ENSINOCONDUCAO;recurso;SINDICATO;trabalhadores;PORTO;PORTO;Extinta;1990-05-30;2011-10-08
1.510.0;ASSOCIAÇÃO DOS TRABALHADORES DA EDUCAÇÃO;ATE;ATE;registo;SINDICATO;trabalhadores;PORTO;PORTO;Activa;1997-05-24;2012-08-29
1.510.1;ASSOCIAÇÃO DOS TRABALHADORES DA EDUCAÇÃO DO ESTADO E DE ENTIDADES COM FINS PÚBLICOS;ATE;ATE;registo;SINDICATO;trabalhadores;PORTO;PORTO;Activa;2013-04-08;2025-02-22
1.459.0;ASSOCIAÇÃO DOS TRABALHADORES DA ESCOLA SUPERIOR DE MEDICINA DENTÁRIA DE LISBOA;ATESMDL;ATESMDL;registo;SINDICATO;trabalhadores;LISBOA;LISBOA;Extinta;1989-08-15;2025-06-15
1.63.1;ASSOCIAÇÃO NACIONAL DE DENTISTAS PORTUGUESES;ANDEP;ANDEP;registo;SINDICATO;trabalhadores;LISBOA;LISBOA;Extinta;1990-04-16;2011-08-08
1.63.2;ASSOCIAÇÃO NACIONAL DE DENTISTAS PORTUGUESES;ANDEP;ANDEP;registo;SINDICATO;trabalhadores;OEIRAS;LISBOA;Extinta;2011-07-26;2020-11-29
1.420.0;ASSOCIAÇÃO NACIONAL DE OSTEOPATAS;ANO;ANO;registo;SINDICATO;trabalhadores;LISBOA;LISBOA;Activa;1984-02-15;1985-09-30
1.527.0;ASSOCIAÇÃO NACIONAL DOS INSPECTORES DE QUALIDADE ALIMENTAR;ANIQA;ANIQA;registo;SINDICATO;trabalhadores;AVEIRO;LISBOA;Extinta;2000-04-08;2007-02-22
1.527.1;ASSOCIAÇÃO NACIONAL DOS INSPECTORES DE QUALIDADE ALIMENTAR E ECONÓMICA;ANIQAE;ANIQAE;registo;SINDICATO;trabalhadores;AVEIRO;AVEIRO;Extinta;2007-04-16;2011-02-22
1.423.0;ASSOCIAÇÃO NACIONAL DOS PROFISSIONAIS DA ADMINISTRAÇÃO ESCOLAR REGIONAL;ANPAER;ANPAER;registo;SINDICATO;trabalhadores;PORTO;PORTO;Extinta;1985-04-30;2023-01-08
1.429.0;ASSOCIAÇÃO NACIONAL DOS TREINADORES DE FUTEBOL;TREINADORTreinadores;TREINADORESFUTEBOL;recurso+desambiguada;SINDICATO;trabalhadores;PORTO;PORTO;Activa;1986-03-15;2025-07-22
1.579.1;ASSOCIAÇÃO NACIONAL SINDICAL DA ADMINISTRAÇÃO PÚBLICA,DE ESCRITÓRIOS, DE SEGURANÇA PRIVADA, DE RESTAURAÇÃO, DE LIMPEZA E DE TÉCNICOS DE VENDAS DO NORTE, SUL E ILHAS;ASERT;ASERT;registo;SINDICATO;trabalhadores;;LISBOA;Extinta;2011-04-16;2015-10-29
1.660.0;ASSOCIAÇÃO PORTUGUESA DOS EMPREGADOS DE BANCA DE CASINO;APEBC;APEBC;registo;SINDICATO;trabalhadores;VILA FRANCA DE XIRA;LISBOA;Activa;2020-09-15;2021-05-22
1.505.0;ASSOCIAÇÃO PROFISSIONAL DOS SEGURANÇAS DA POLÍCIA JUDICIÁRIA;APSPJ;APSPJ;registo;SINDICATO;trabalhadores;PORTO;PORTO;Activa;1999-05-15;2002-03-22
1.444.1;ASSOCIAÇÃO PROFISSIONAL DOS TÉCNICOS ADJUNTOS E AUXILIARES TÉCNICOS DE PECUÁRIA;APTAPRAPECUAR;APTAPRAPECUAR;registo;SINDICATO;trabalhadores;BRAGANÇA;BRAGANÇA;Activa;1995-07-30;1997-08-30
1.444.0;ASSOCIAÇÃO PROFISSIONAL DOS TÉCNICOS AUXILIARES E AUXILIARES TÉCNICOS DE PECUÁRIA;APTAPRAPECUAR;APTAPRAPECUAR;registo;SINDICATO;trabalhadores;BRAGANÇA;BRAGANÇA;Activa;1988-08-30;1988-08-30
1.677.0;ASSOCIAÇÃO REPRESENTATIVA DOS POLICIAS;ARP;ARP;registo;SINDICATO;trabalhadores;CASCAIS;LISBOA;Extinta;2022-04-09;2024-12-15
1.597.0;ASSOCIAÇÃO SINDICAL AUTONOMA DE POLÍCIAS (ASAP);ASAP;ASAP;derivada;SINDICATO;trabalhadores;;LISBOA;Activa;2012-05-05;2012-06-08
1.597.1;ASSOCIAÇÃO SINDICAL AUTONOMA DE POLÍCIAS (ASAPOL);ASAPOL;ASAPOL;derivada;SINDICATO;trabalhadores;LISBOA;LISBOA;Activa;2012-08-29;2026-05-08
1.647.0;ASSOCIAÇÃO SINDICAL DA SEGURANÇA PRIVADA;ASSP;ASSP;registo;SINDICATO;trabalhadores;SEIXAL;SETÚBAL;Activa;2019-02-06;2025-03-15
1.511.0;ASSOCIAÇÃO SINDICAL DAS CHEFIAS DE EXPLORAÇÃO FERROVIÁRIA;ASCEF;ASCEF;registo;SINDICATO;trabalhadores;LISBOA;LISBOA;Activa;1997-07-30;2000-12-15
1.511.1;ASSOCIAÇÃO SINDICAL DAS CHEFIAS INTERMÉDIAS DE EXPLORAÇÃO FERROVIÁRIA;ASCEF;ASCEF;registo;SINDICATO;trabalhadores;LISBOA;LISBOA;Activa;1998-02-15;2023-10-22
1.604.0;ASSOCIAÇÃO SINDICAL DE CHEFIAS DO CORPO DA GUARDA PRISIONAL;ASCCGP;ASCCGP;registo;SINDICATO;trabalhadores;LISBOA;LISBOA;Activa;2013-08-22;2017-07-22
1.604.1;ASSOCIAÇÃO SINDICAL DE CHEFIAS DO CORPO DA GUARDA PRISIONAL;ASCCGP;ASCCGP;registo;SINDICATO;trabalhadores;SINTRA;LISBOA;Activa;2018-12-29;2023-06-15
1.473.0;ASSOCIAÇÃO SINDICAL DE EMPREGADOS E TÉCNICOS;ASIET;ASIET;registo;SINDICATO;trabalhadores;PORTO;PORTO;Extinta;1990-08-15;1991-05-15
1.484.0;ASSOCIAÇÃO SINDICAL DE PROFESSORES LICENCIADOS;ASPL;ASPL;registo;SINDICATO;trabalhadores;LISBOA;LISBOA;Activa;1992-08-30;2006-07-22
1.484.2;ASSOCIAÇÃO SINDICAL DE PROFESSORES LICENCIADOS;ASPL;ASPL;registo;SINDICATO;trabalhadores;;LISBOA;Activa;2007-06-08;2025-08-29
1.484.1;ASSOCIAÇÃO SINDICAL DE PROFESSORES LICENCIADOS/SINDICATO DE PROFISSIONAIS DA EDUCAÇÃO;ASPLSPE;ASPLSPE;registo;SINDICATO;trabalhadores;LISBOA;LISBOA;Activa;2004-02-22;2005-01-08
1.585.3;ASSOCIAÇÃO SINDICAL DE TRABALHADORES DOS TRANSPORTES COLECTIVOS DO PORTO (SMTP);SMTP;SMTP;registo;SINDICATO;trabalhadores;MATOSINHOS;PORTO;Activa;2017-02-22;2023-09-08
1.534.0;ASSOCIAÇÃO SINDICAL DO CORPO ESPECIAL DE FISCALIZAÇÃO E CONTROLO DA DIREÇÃO-GERAL DO TRIBUNAL DE CONTAS - DGTC E DOS SERVIÇOS DE APOIO ÀS SEÇÕES REGIONAIS DOS AÇORES E DA MADEIRA;ACTVS;ACTVS;registo;SINDICATO;trabalhadores;LISBOA;LISBOA;Activa;2001-01-15;2024-12-15
1.483.0;ASSOCIAÇÃO SINDICAL DO PESSOAL ADMINISTRATIVO DA SAÚDE;ASPAS;ASPAS;registo;SINDICATO;trabalhadores;VILA NOVA DE GAIA;PORTO;Activa;1992-08-15;2019-08-08
1.522.1;ASSOCIAÇÃO SINDICAL DO PESSOAL DE TRÁFEGO (ASPTC);ASPTC;ASPTC;registo;SINDICATO;trabalhadores;LISBOA;LISBOA;Activa;2015-09-15;2015-09-15
1.522.0;ASSOCIAÇÃO SINDICAL DO PESSOAL DE TRÁFEGO DA CARRIS;ASPTC;ASPTC;registo;SINDICATO;trabalhadores;LISBOA;LISBOA;Activa;1999-04-28;2013-11-22
1.472.0;ASSOCIAÇÃO SINDICAL DOS CONSERVADORES DOS REGISTOS;ASCR;ASCR;registo;SINDICATO;trabalhadores;LISBOA;LISBOA;Activa;0205-06-23;2025-07-15
1.461.0;ASSOCIAÇÃO SINDICAL DOS DIPLOMATAS PORTUGUESES;ASDP;ASDP;registo;SINDICATO;trabalhadores;LISBOA;LISBOA;Activa;1989-10-16;2026-04-08
1.682.0;ASSOCIAÇÃO SINDICAL DOS DIRETORES TÉCNICOS DE DESPORTO;ASDITED;ASDITED;registo;SINDICATO;trabalhadores;LAMEGO;VISEU;Activa;2023-01-15;2026-02-15
1.669.0;ASSOCIAÇÃO SINDICAL DOS FIEIS DEPOSITARIOS DE PORTUGAL;SINAFID;SINAFID;registo;SINDICATO;trabalhadores;SANTO TIRSO;PORTO;Activa;2021-05-28;2021-08-29
1.189.1;ASSOCIAÇÃO SINDICAL DOS FUNCIONÁRIOS DA AUTORIDADE DE SEGURANÇA ALIMENTAR E ECONÓMICA;ASFASAE;ASFASAE;registo;SINDICATO;trabalhadores;COIMBRA;COIMBRA;Activa;2007-08-29;2025-02-28
1.485.0;ASSOCIAÇÃO SINDICAL DOS FUNCIONÁRIOS DA CARREIRA DE INVESTIGAÇÃO E FISCALIZAÇÃO DO SERVIÇOS DE ESTRANGEIROS E FRONTEIRAS;FUNCIONARIOSCARREIRA;FUNCIONARIOSCARREIRA;recurso;SINDICATO;trabalhadores;OEIRAS;LISBOA;Activa;1993-01-15;1993-01-15
1.189.0;ASSOCIAÇÃO SINDICAL DOS FUNCIONÁRIOS DA INSPECÇÃO GERAL DAS ACTIVIDADES ECONÓMICAS;ASFIE;ASFIE;registo;SINDICATO;trabalhadores;COIMBRA;COIMBRA;Activa;1997-10-18;2000-02-29
1.415.0;ASSOCIAÇÃO SINDICAL DOS FUNCIONÁRIOS DE INVESTIGAÇÃO CRIMINAL DA POLÍCIA JUDICIÁRIA;ASFICPJ;ASFICPJ;registo;SINDICATO;trabalhadores;LISBOA;LISBOA;Activa;1983-04-15;2008-05-15
1.415.1;ASSOCIAÇÃO SINDICAL DOS FUNCIONÁRIOS DE INVESTIGAÇÃO CRIMINAL DA POLÍCIA JUDICIÁRIA;ASFICPJ;ASFICPJ;registo;SINDICATO;trabalhadores;LISBOA;LISBOA;Activa;2000-11-29;2025-11-15
1.432.0;ASSOCIAÇÃO SINDICAL DOS FUNCIONÁRIOS TÉCNICOS, ADMINISTRATIVOS, AUXILIARES E OPERÁRIOS DA POLÍCIA JUDICIÁRIA;ASFTAOPJ;ASFTAOPJ;registo;SINDICATO;trabalhadores;LISBOA;LISBOA;Activa;1986-06-15;1987-03-15
1.656.0;ASSOCIAÇÃO SINDICAL DOS INSTRUTORES DE CONDUÇAO AUTOMOVEL;SINCONDUCAO;SINCONDUCAO;registo;SINDICATO;trabalhadores;COVILHÃ;CASTELO BRANCO;Extinta;2019-08-29;2025-02-15
1.332.1;ASSOCIAÇÃO SINDICAL DOS JUÍZES PORTUGUESES (ASJP);ASJP;ASJP;registo;SINDICATO;trabalhadores;LISBOA;LISBOA;Activa;2000-03-25;2024-12-22
1.332.0;ASSOCIAÇÃO SINDICAL DOS MAGISTRADOS JUDICIAIS PORTUGUESES;ASJP;ASJP;registo;SINDICATO;trabalhadores;LISBOA;LISBOA;Activa;1977-08-15;1977-08-15
1.585.1;ASSOCIAÇÃO SINDICAL DOS MOTORISTAS DOS TRANSPORTES COLECTIVOS DO PORTO;SMTP;SMTP;registo;SINDICATO;trabalhadores;MATOSINHOS;PORTO;Activa;2011-04-08;2015-09-22
1.585.2;ASSOCIAÇÃO SINDICAL DOS MOTORISTAS DOS TRANSPORTES COLECTIVOS DO PORTO;SMTP;SMTP;registo;SINDICATO;trabalhadores;MATOSINHOS;PORTO;Activa;2016-09-12;2016-10-29
1.531.0;ASSOCIAÇÃO SINDICAL DOS NOTÁRIOS PORTUGUESES;ASNP;ASNP;registo;SINDICATO;trabalhadores;LISBOA;LISBOA;Extinta;2000-08-08;2011-10-22
1.546.0;ASSOCIAÇÃO SINDICAL DOS OFICIAIS DE JUSTIÇA;ASOJ;ASOJ;registo;SINDICATO;trabalhadores;;LISBOA;Extinta;2003-02-22;2005-06-22
1.539.0;ASSOCIAÇÃO SINDICAL DOS OFICIAIS DE POLICIA;ASOPPSP;ASOPPSP;registo;SINDICATO;trabalhadores;TORRES NOVAS;LISBOA;Extinta;2002-06-29;2011-05-08
1.529.0;ASSOCIAÇÃO SINDICAL DOS OFICIAIS DOS REGISTOS;ASOR;ASOR;registo;SINDICATO;trabalhadores;LISBOA;LISBOA;Activa;2000-05-06;2000-11-08
1.529.1;ASSOCIAÇÃO SINDICAL DOS OFICIAIS DOS REGISTOS E DO NOTARIADO (ASOR);ASOR;ASOR;registo;SINDICATO;trabalhadores;LISBOA;LISBOA;Activa;2004-03-06;2012-07-08
1.644.0;ASSOCIAÇÃO SINDICAL DOS PERITOS FORENSES DA POLICIA JUDICIARIA;ASPFPJ;ASPFPJ;registo;SINDICATO;trabalhadores;LISBOA;LISBOA;Activa;2019-01-04;2025-02-15
1.489.0;ASSOCIAÇÃO SINDICAL DOS PROFESSORES LICENCIADOS PELOS INSTITUTOS POLITÉCNICOS E PELAS UNIVERSIDADES;ASPLIU;ASPLIU;registo;SINDICATO;trabalhadores;LISBOA;LISBOA;Activa;1994-04-30;1994-04-30
1.494.0;ASSOCIAÇÃO SINDICAL DOS PROFESSORES PRÓ-ORDEM;PROORDEM;PROORDEM;registo;SINDICATO;trabalhadores;LISBOA;LISBOA;Activa;1995-05-30;2003-08-15
1.494.1;ASSOCIAÇÃO SINDICAL DOS PROFESSORES PRÓ-ORDEM;PROORDEM;PROORDEM;registo;SINDICATO;trabalhadores;LISBOA;LISBOA;Activa;2006-05-05;2023-11-08
1.538.0;ASSOCIAÇÃO SINDICAL DOS PROFISSIONAIS DA POLICIA;ASPPPSP;ASPPPSP;registo;SINDICATO;trabalhadores;LISBOA;LISBOA;Activa;2002-06-15;2025-02-22
1.590.1;ASSOCIAÇÃO SINDICAL DOS PROFISSIONAIS DE INSPECÇÃO TRIBUTÁRIA E ADUANEIRA;APIT;APIT;registo;SINDICATO;trabalhadores;PORTO;LISBOA;Activa;2013-12-08;2024-03-22
1.577.0;ASSOCIAÇÃO SINDICAL DOS PROFISSIONAIS DO COMANDO E CONTROLO FERROVIÁRIO;APROFER;APROFER;registo;SINDICATO;trabalhadores;;LISBOA;Activa;2008-03-15;2021-08-22
1.688.0;ASSOCIAÇÃO SINDICAL DOS PROFISSIONAIS DO CORPO DA GUARDA PRISIONAL (ASP/CGP);ASPCGP;ASPCGP;registo;SINDICATO;trabalhadores;MATOSINHOS;PORTO;Activa;2024-10-15;2025-07-08
1.505.1;ASSOCIAÇÃO SINDICAL DOS SEGURANÇAS DA POLÍCIA JUDICIÁRIA;ASSPJ;ASSPJ;registo;SINDICATO;trabalhadores;LISBOA;LISBOA;Activa;2003-07-22;2024-07-10
1.522.2;ASSOCIAÇÃO SINDICAL DOS TRABALHADORES DA CARRIS (ASPTC);ASPTC;ASPTC;registo;SINDICATO;trabalhadores;LISBOA;LISBOA;Activa;2019-09-16;2019-10-08
1.522.3;ASSOCIAÇÃO SINDICAL DOS TRABALHADORES DA CARRIS E PARTICIPADAS (ASPTC);ASPTC;ASPTC;registo;SINDICATO;trabalhadores;LISBOA;LISBOA;Activa;2020-08-15;2023-11-22
1.496.0;ASSOCIAÇÃO SINDICAL DOS TRABALHADORES DA CENEL;ASOSICENEL;ASOSICENEL;registo;SINDICATO;trabalhadores;COIMBRA;COIMBRA;Activa;1995-12-15;1995-12-15
1.610.0;ASSOCIAÇÃO SINDICAL DOS TRABALHADORES DA EUROCER;ASTE;ASTE;registo;SINDICATO;trabalhadores;ALENQUER;LISBOA;Activa;2014-04-22;2020-09-08
1.496.2;ASSOCIAÇÃO SINDICAL DOS TRABALHADORES DO SECTOR ENERGÉTICO E TELECOMUNICAÇÕES;ASOSI;ASOSI;registo;SINDICATO;trabalhadores;LOUSÃ;COIMBRA;Activa;2001-02-15;2026-08-29
1.467.0;ASSOCIAÇÃO SINDICAL DOS TRABALHADORES DOS SERVIÇOS PRISIONAIS;ASTSP;ASTSP;registo;SINDICATO;trabalhadores;LISBOA;LISBOA;Activa;1990-06-15;2021-09-08
1.523.0;ASSOCIAÇÃO SINDICAL INDEPENDENTE DE AGENTES DA POLÍCIA DE SEGURANÇA PÚBLICA - ASG;ASG;ASG;registo;SINDICATO;trabalhadores;LISBOA;LISBOA;Activa;2002-06-29;2008-03-05
1.528.3;ASSOCIAÇÃO SINDICAL INDEPENDENTE DO SERVIÇO COMERCIAL;ASSIFECO;ASSIFECO;registo;SINDICATO;trabalhadores;COIMBRA;AVEIRO;Activa;2023-01-29;2023-01-29
1.528.4;ASSOCIAÇÃO SINDICAL INDEPENDENTE DO SERVIÇO, TRANSPORTES E COMERCIO;ASSIFECO;ASSIFECO;registo;SINDICATO;trabalhadores;COIMBRA;AVEIRO;Activa;2023-09-29;2025-03-08
1.528.0;ASSOCIAÇÃO SINDICAL INDEPENDENTE DOS FERROVIÁRIOS DA CARREIRA COMERCIAL;ASSIFECO;ASSIFECO;registo;SINDICATO;trabalhadores;AVEIRO;AVEIRO;Activa;2000-06-03;2010-11-22
1.528.1;ASSOCIAÇÃO SINDICAL INDEPENDENTE DOS FERROVIÁRIOS DA CARREIRA COMERCIAL;ASSIFECO;ASSIFECO;registo;SINDICATO;trabalhadores;AVEIRO;AVEIRO;Activa;;
1.528.2;ASSOCIAÇÃO SINDICAL INDEPENDENTE DOS FERROVIÁRIOS DA CARREIRA COMERCIAL;ASSIFECO;ASSIFECO;registo;SINDICATO;trabalhadores;COIMBRA;AVEIRO;Activa;2013-06-01;2021-11-22
1.629.0;ASSOCIAÇÃO SINDICAL PORTUGUESA DOS ENFERMEIROS ( ASPE);ASPE;ASPE;registo;SINDICATO;trabalhadores;OVAR;AVEIRO;Activa;2017-06-29;2023-01-22
1.579.0;ASSOCIAÇÃO SINDICATO DE ESCRITÓRIOS,RESTAURAÇÃO, TÉCNICOS COMERCIAIS, SEGURANÇA ADMINISTAÇÃO PÚBLICA E AFINS;ASERT;ASERT;registo;SINDICATO;trabalhadores;;LISBOA;Extinta;2008-06-15;2010-10-22
1.578.0;ASSOCIAÇÃO SÓCIO-PROFISSIONAL DOS TÉCNICOS E OPERADORES DE HANDLING;ASPTOH;ASPTOH;registo;SINDICATO;trabalhadores;;SETÚBAL;Extinta;2008-06-08;2011-08-15
1.496.1;ASSOCIAÇÃO SÓCIO-SINDICAL DOS TRABALHADORES DE ELECTRICIDADE DA REGIÃO CENTRO;ASOSI;ASOSI;registo;SINDICATO;trabalhadores;COIMBRA;COIMBRA;Activa;1997-06-14;2001-02-15
1.279.2;BISINDICATO DOS TRABALHADORES TÊXTEIS, LANIFÍCIOS E CALÇADO DA DA BEIRA INTERIOR;SINTTELVEC;SINTTELVEC;registo;SINDICATO;trabalhadores;COVILHÃ;CASTELO BRANCO;Activa;2024-02-08;2024-05-15
4.11.0;CONFEDERAÇAO DE PAISES DE LINGUA PORTUGUESA - SINDICAL DA EDUCAÇAO (CPLP-SE);CPLPSE;CPLPSE;registo;CONFEDERAÇÃO SINDICAL;trabalhadores;LISBOA;LISBOA;Activa;2018-10-20;2019-02-08
4.9.0;CONFEDERAÇÃO DE SINDICATOS DA INDÚSTRIA, ENERGIA E TRANSPORTES;FESINT;FESINT;registo;CONFEDERAÇÃO SINDICAL;trabalhadores;LISBOA;LISBOA;Activa;2013-11-08;2013-11-08
4.9.1;CONFEDERAÇÃO DE SINDICATOS DA INDÚSTRIA, ENERGIA E TRANSPORTES;COFESINT;COFESINT;registo;CONFEDERAÇÃO SINDICAL;trabalhadores;LISBOA;LISBOA;Activa;2013-12-13;2014-01-22
4.10.0;CONFEDERAÇAO DOS SINDICATOS MARITIMOS E PORTUARIOS;FEDPORMAR;FEDPORMAR;registo;CONFEDERAÇÃO SINDICAL;trabalhadores;LISBOA;LISBOA;Activa;2018-06-23;2023-05-29
4.8.0;CONFEDERAÇÃO DOS SINDICATOS MARÍTIMOS E PORTUÁRIOS;FESMARPOR;FESMARPOR;registo;CONFEDERAÇÃO SINDICAL;trabalhadores;LISBOA;LISBOA;Extinta;2006-04-08;2019-03-22
4.6.0;CONFEDERAÇÃO GERAL DE SINDICATOS INDEPENDENTES;CGSI;CGSI;registo;CONFEDERAÇÃO SINDICAL;trabalhadores;LISBOA;LISBOA;Activa;2001-04-20;2018-05-22
4.1.1;CONFEDERAÇÃO GERAL DOS TRABALHADORES PORTUGUESES - INTERSINDICAL NACIONAL;CGTPINtersindical;CGTPIN;registo+desambiguada;CONFEDERAÇÃO SINDICAL;trabalhadores;;LISBOA;Activa;1978-09-22;2024-04-15
4.5.0;CONFEDERAÇÃO NACIONAL DE SINDICATOS DE QUADROS;FENSIQuadros;FENSIQ;registo+desambiguada;CONFEDERAÇÃO SINDICAL;trabalhadores;LISBOA;LISBOA;Extinta;1992-08-15;2011-07-08
4.3.0;CONFEDERAÇÃO PORTUGUESA DE QUADROS TÉCNICOS E CIENTÍFICOS;QUADROSTECNICOS430;QUADROSTECNICOS;recurso+desambiguada;CONFEDERAÇÃO SINDICAL;trabalhadores;LISBOA;LISBOA;Activa;1988-07-15;2019-01-22
4.11.1;CONFEDERAÇAO SINDICAL DA EDUCAÇAO DOS PAISES DE LINGUA PORTUGUESA;EDUCACAOPAISESLINGUA;EDUCACAOPAISESLINGUA;recurso;CONFEDERAÇÃO SINDICAL;trabalhadores;LISBOA;LISBOA;Activa;2020-07-22;2024-01-29
4.4.0;CONVENÇÃO SINDICAL INDEPENDENTE;CSI;CSI;registo;CONFEDERAÇÃO SINDICAL;trabalhadores;LISBOA;LISBOA;Extinta;1990-07-30;2013-03-08
2.3.0;FEDERAÇÃO DE SINDICATO DOS TRABALHADORES DAS INDÚSTRIAS DE CELULOSE, PAPEL, CARTONAGEM E AFINS;INDUSTRIASCELULOS231;INDUSTRIASCELULOSE;recurso+desambiguada;FEDERAÇÃO SINDICAL;trabalhadores;;LISBOA;Extinta;1975-08-07;1976-07-16
4.9.2;FEDERAÇÃO DE SINDICATOS DA INDÚSTRIA, ENERGIA E TRANSPORTES;COFESINT;COFESINT;registo;CONFEDERAÇÃO SINDICAL;trabalhadores;LISBOA;LISBOA;Activa;2014-12-29;2025-06-22
2.36.0;FEDERAÇAO DE SINDICATOS DOS TRABALHADORES DO MAR;FESMAR;FESMAR;registo;FEDERAÇÃO SINDICAL;trabalhadores;LISBOA;LISBOA;Activa;1991-09-30;2023-10-08
2.51.0;FEDERAÇÃO DO SECTOR FINANCEIRO;FEBASE;FEBASE;registo;FEDERAÇÃO SINDICAL;trabalhadores;LISBOA;LISBOA;Activa;2008-02-22;2026-08-22
2.47.0;FEDERAÇÃO DOS ENGENHEIROS;FE;FE;registo;FEDERAÇÃO SINDICAL;trabalhadores;LISBOA;LISBOA;Activa;2006-12-08;2025-08-15
2.56.0;FEDERAÇÃO DOS SINDICATOS DA ADMINISTRAÇÃO PÚBLICA;FESAP;FESAP;registo;FEDERAÇÃO SINDICAL;trabalhadores;LISBOA;LISBOA;Activa;2012-09-22;2013-02-28
2.56.1;FEDERAÇÃO DOS SINDICATOS DA ADMINISTRAÇÃO PÚBLICA E DE ENTIDADES COM FINS PUBLICOS;FESAP;FESAP;registo;FEDERAÇÃO SINDICAL;trabalhadores;LISBOA;LISBOA;Activa;2013-02-28;2025-12-15
2.40.1;FEDERAÇAO DOS SINDICATOS DA AGRICULTURA, ALIMENTAÇÃO, BEBIDAS, HOTELARIA E TURISMO DE PORTUGAL;FESAHT;FESAHT;registo;FEDERAÇÃO SINDICAL;trabalhadores;LISBOA;LISBOA;Extinta;2004-07-08;2014-06-08
2.40.0;FEDERAÇÃO DOS SINDICATOS DA ALIMENTAÇÃO, BEBIDAS, HOTELARIA E TURISMO DE PORTUGAL;FESAHT;FESAHT;registo;FEDERAÇÃO SINDICAL;trabalhadores;LISBOA;LISBOA;Extinta;1999-10-08;2004-07-08
2.17.0;FEDERAÇÃO DOS SINDICATOS DA CONSTRUÇÃO CIVIL CANCELADAINTEGROU-SE NA FEDCONS MAD/0 (CE023);CE023;CE023;derivada;FEDERAÇÃO SINDICAL;trabalhadores;LISBOA;LISBOA;Extinta;1977-03-01;1977-03-01
2.10.3;FEDERAÇAO DOS SINDICATOS DA HOTELARIA E TURISMO DE PORTUGAL;FESHOT;FESHOT;registo;FEDERAÇÃO SINDICAL;trabalhadores;LISBOA;LISBOA;Extinta;1988-04-30;1999-10-08
2.10.2;FEDERAÇÃO DOS SINDICATOS DA INDÚSTRIA DE HOTELARIA E TURISMO DE PORTUGAL;INDUSTRIAHOTELLisboa;INDUSTRIAHOTELARIA;recurso+desambiguada;FEDERAÇÃO SINDICAL;trabalhadores;LISBOA;LISBOA;Extinta;1982-03-30;1985-04-30
2.10.0;FEDERAÇÃO DOS SINDICATOS DA INDÚSTRIA DE HOTELARIA, RESTAURANTES E SIMILARES DO SUL;INDUSTRIAHOTELLisboa;INDUSTRIAHOTELARIA;recurso+desambiguada;FEDERAÇÃO SINDICAL;trabalhadores;LISBOA;LISBOA;Extinta;1975-09-03;1975-09-03
2.26.2;FEDERAÇÃO DOS SINDICATOS DA INDÚSTRIA E SERVIÇOS;FETESE;FETESE;registo;FEDERAÇÃO SINDICAL;trabalhadores;LISBOA;LISBOA;Activa;;
2.26.3;FEDERAÇÃO DOS SINDICATOS DA INDÚSTRIA E SERVIÇOS;FETESE;FETESE;registo;FEDERAÇÃO SINDICAL;trabalhadores;LISBOA;LISBOA;Activa;2011-04-27;2015-07-15
2.26.4;FEDERAÇÃO DOS SINDICATOS DA INDÚSTRIA E SERVIÇOS;FETESE;FETESE;registo;FEDERAÇÃO SINDICAL;trabalhadores;LISBOA;LISBOA;Activa;2016-12-08;2019-04-08
2.4.1;FEDERAÇAO DOS SINDICATOS DA METALURGIA, METALOMECÂNICA E MINAS DE PORTUGAL;FSMMMP;FSMMMP;registo;FEDERAÇÃO SINDICAL;trabalhadores;LISBOA;LISBOA;Extinta;1979-03-15;1998-12-30
2.61.0;FEDERAÇAO DOS SINDICATOS DA POLICIA;FESPOLSINAPOL;FESPOLSINAPOL;registo;FEDERAÇÃO SINDICAL;trabalhadores;LISBOA;LISBOA;Activa;2018-11-08;2018-11-08
2.61.1;FEDERAÇAO DOS SINDICATOS DA POLICIA;FESPOL;FESPOL;registo;FEDERAÇÃO SINDICAL;trabalhadores;LISBOA;LISBOA;Activa;2019-10-15;2019-10-15
2.22.2;FEDERAÇAO DOS SINDICATOS DA QUÍMICA, FARMACÊUTICA, PETRÓLEO E GÁS;FEQUIFA;FEQUIFA;registo;FEDERAÇÃO SINDICAL;trabalhadores;LISBOA;LISBOA;Extinta;1990-03-15;1998-12-30
2.12.2;FEDERAÇAO DOS SINDICATOS DAS INDÚSTRIA DE CERÂMICA, CIMENTO E VIDRO DE PORTUGAL;INDUSTRIACERAMLisboa;INDUSTRIACERAMICA;recurso+desambiguada;FEDERAÇÃO SINDICAL;trabalhadores;LISBOA;LISBOA;Extinta;1980-01-15;2004-07-08
2.5.0;FEDERAÇAO DOS SINDICATOS DAS INDÚSTRIAIS DE PANIFICAÇÃO, PRODUTOS ALIMENTARES E AFINS;INDUSTRIAIS;INDUSTRIAIS;recurso;FEDERAÇÃO SINDICAL;trabalhadores;LISBOA;LISBOA;Extinta;1975-08-03;1983-09-15
2.29.2;FEDERAÇÃO DOS SINDICATOS DAS INDÚSTRIAS DE ALIMENT., BEBIDAS E TABACOS;FSIABTN;FSIABTN;registo;FEDERAÇÃO SINDICAL;trabalhadores;LISBOA;LISBOA;Extinta;1988-01-30;1988-01-30
2.29.3;FEDERAÇÃO DOS SINDICATOS DAS INDÚSTRIAS DE ALIMENT., BEBIDAS E TABACOS / CGTP;INDUSTRIASALIMENT;INDUSTRIASALIMENT;recurso;FEDERAÇÃO SINDICAL;trabalhadores;LISBOA;LISBOA;Extinta;1991-03-30;1991-03-30
2.29.0;FEDERAÇÃO DOS SINDICATOS DAS INDÚSTRIAS DE ALIMENTAÇÃO, BEBIDAS E TABACOS;INDUSTRIAS2291;INDUSTRIAS;recurso+desambiguada;FEDERAÇÃO SINDICAL;trabalhadores;LISBOA;LISBOA;Extinta;1981-09-15;1981-09-15
2.29.1;FEDERAÇÃO DOS SINDICATOS DAS INDÚSTRIAS DE ALIMENTAÇÃO, BEBIDAS E TABACOS / CGTP;INDUSTRIAS2291;INDUSTRIAS;recurso+desambiguada;FEDERAÇÃO SINDICAL;trabalhadores;LISBOA;LISBOA;Extinta;1985-01-30;1985-01-30
2.1.0;FEDERAÇAO DOS SINDICATOS DAS INDÚSTRIAS DE MADEIRA;INDUSTRIIndustriasMa;INDUSTRIASMADEIRA;recurso+desambiguada;FEDERAÇÃO SINDICAL;trabalhadores;;PORTO;Extinta;1975-08-04;1978-06-22
2.58.0;FEDERAÇAO DOS SINDICATOS DE AGRICULTURA, ALIMENTAÇAO, BEBIDAS, HOTELARIA E TURISMO DE PORTUGAL;FESAHTAgricultura;FESAHT;registo+desambiguada;FEDERAÇÃO SINDICAL;trabalhadores;LISBOA;LISBOA;Activa;2014-07-22;2024-06-29
2.18.0;FEDERAÇAO DOS SINDICATOS DE SEGUROS DE PORTUGAL;SEGUROS;SEGUROS;recurso;FEDERAÇÃO SINDICAL;trabalhadores;PORTO;PORTO;Extinta;1977-06-22;2011-02-08
2.50.0;FEDERAÇÃO DOS SINDICATOS DE TRANSPORTES E COMUNICAÇÕES;FECTRANS;FECTRANS;registo;FEDERAÇÃO SINDICAL;trabalhadores;LISBOA;LISBOA;Activa;2007-11-17;2023-04-22
2.15.0;FEDERAÇÃO DOS SINDICATOS DE TRANSPORTES RODOVIÁRIOS;TRANSPORTES2151;TRANSPORTES;recurso+desambiguada;FEDERAÇÃO SINDICAL;trabalhadores;LISBOA;LISBOA;Extinta;1976-03-23;1979-10-29
2.15.1;FEDERAÇÃO DOS SINDICATOS DE TRANSPORTES RODOVIÁRIOS E URBANOS;TRANSPORTES2151;TRANSPORTES;recurso+desambiguada;FEDERAÇÃO SINDICAL;trabalhadores;LISBOA;LISBOA;Extinta;1980-07-15;1980-07-15
2.15.2;FEDERAÇAO DOS SINDICATOS DE TRANSPORTES RODOVIÁRIOS E URBANOS/CGTP-IN;FESTRU;FESTRU;registo;FEDERAÇÃO SINDICAL;trabalhadores;LISBOA;LISBOA;Extinta;1983-05-15;2007-12-22
2.11.0;FEDERAÇAO DOS SINDICATOS DO MAR;FSM;FSM;registo;FEDERAÇÃO SINDICAL;trabalhadores;LISBOA;LISBOA;Extinta;1976-02-24;2007-12-22
2.30.0;FEDERAÇAO DOS SINDICATOS DO SECTOR DA PESCA;SECTORPESCA;SECTORPESCA;recurso;FEDERAÇÃO SINDICAL;trabalhadores;LISBOA;LISBOA;Activa;1981-11-14;2025-07-15
2.28.0;FEDERAÇAO DOS SINDICATOS DO SECTOR DE ESPECTÁCULOS;SECTORESPECTACULOS;SECTORESPECTACULOS;recurso;FEDERAÇÃO SINDICAL;trabalhadores;LISBOA;LISBOA;Extinta;1980-06-29;1980-06-29
2.28.1;FEDERAÇAO DOS SINDICATOS DO SECTOR DE ESPECTÁCULOS;SECTORESPECTACULOS;SECTORESPECTACULOS;recurso;FEDERAÇÃO SINDICAL;trabalhadores;LISBOA;LISBOA;Extinta;2011-06-08;2011-06-08
2.8.0;FEDERAÇAO DOS SINDICATOS DOS OPERÁRIOS DA CONSTRUÇÃO CIVIL DO NORTE;OPERARIOSCONSTRPorto;OPERARIOSCONSTRUCAO;recurso+desambiguada;FEDERAÇÃO SINDICAL;trabalhadores;PORTO;PORTO;Extinta;1975-09-22;1977-05-28
2.6.0;FEDERAÇÃO DOS SINDICATOS DOS TRAB.DO COMÉRCIO;TRABCOMERCIO;TRABCOMERCIO;recurso;FEDERAÇÃO SINDICAL;trabalhadores;LISBOA;LISBOA;Activa;1975-09-29;1975-09-29
2.24.0;FEDERAÇAO DOS SINDICATOS DOS TRABALHADORES AGRÍCOLAS DO SUL;AGRICOLASSUL;AGRICOLASSUL;recurso;FEDERAÇÃO SINDICAL;trabalhadores;ÉVORA;ÉVORA;Extinta;1984-08-15;2012-03-08
2.38.0;FEDERAÇAO DOS SINDICATOS DOS TRABALHADORES AGRICOLAS DO SUL;AGRICOLASSUAgricolas;AGRICOLASSUL;recurso+desambiguada;FEDERAÇÃO SINDICAL;trabalhadores;ÉVORA;ÉVORA;Extinta;1978-10-08;1985-01-15
2.14.0;FEDERAÇAO DOS SINDICATOS DOS TRABALHADORES DA INDÚSTRIA HOTELEIRA DO NORTE;INDUSTRIIndustriaHot;INDUSTRIAHOTELEIRA;recurso+desambiguada;FEDERAÇÃO SINDICAL;trabalhadores;PORTO;PORTO;Extinta;1975-12-04;1978-01-04
2.29.4;FEDERAÇAO DOS SINDICATOS DOS TRABALHADORES DAS INDÚSTRIAS DE ALIMENTAÇÃO, BEBIDAS E TABACOS;FSIABTN;FSIABTN;registo;FEDERAÇÃO SINDICAL;trabalhadores;LISBOA;LISBOA;Extinta;1995-01-30;1999-10-08
2.3.1;FEDERAÇAO DOS SINDICATOS DOS TRABALHADORES DAS INDÚSTRIAS DE CELULOSE, PAPEL, GRÁFICA E CARTONAGEM;INDUSTRIASCELULOS231;INDUSTRIASCELULOSE;recurso+desambiguada;FEDERAÇÃO SINDICAL;trabalhadores;;LISBOA;Extinta;1978-10-08;1978-10-08
2.12.0;FEDERAÇÃO DOS SINDICATOS DOS TRABALHADORES DAS INDÚSTRIAS DE CERÂMICA, CIMENTOS E SIMILARES;INDUSTRIASCERAMI2121;INDUSTRIASCERAMICA;recurso+desambiguada;FEDERAÇÃO SINDICAL;trabalhadores;LISBOA;LISBOA;Extinta;1976-07-06;1976-07-06
2.21.0;FEDERAÇÃO DOS SINDICATOS DOS TRABALHADORES DAS INDÚSTRIAS ELÉCTRICAS;INDUSTRIASELECLisboa;INDUSTRIASELECTRICAS;recurso+desambiguada;FEDERAÇÃO SINDICAL;trabalhadores;LISBOA;LISBOA;Extinta;1977-09-08;1998-12-30
2.21.1;FEDERAÇÃO DOS SINDICATOS DOS TRABALHADORES DAS INDÚSTRIAS ELÉCTRICAS DE PORTUGAL;FSTIEP;FSTIEP;registo;FEDERAÇÃO SINDICAL;trabalhadores;LISBOA;LISBOA;Extinta;1986-12-30;2007-06-22
2.22.0;FEDERAÇÃO DOS SINDICATOS DOS TRABALHADORES DAS INDÚSTRIAS QUÍMICAS;INDUSTRIASQUIMLisboa;INDUSTRIASQUIMICAS;recurso+desambiguada;FEDERAÇÃO SINDICAL;trabalhadores;LISBOA;LISBOA;Extinta;1977-12-29;1977-12-29
2.22.1;FEDERAÇÃO DOS SINDICATOS DOS TRABALHADORES DAS INDÚSTRIAS QUÍMICAS E FARMACÊUTICA DE PORTUGAL;INDUSTRIASQUIMLisboa;INDUSTRIASQUIMICAS;recurso+desambiguada;FEDERAÇÃO SINDICAL;trabalhadores;LISBOA;LISBOA;Extinta;1979-05-15;1986-12-30
2.2.1;FEDERAÇAO DOS SINDICATOS DOS TRABALHADORES DE ESCRITÓRIO E SERVIÇOS;FESINTES;FESINTES;registo;FEDERAÇÃO SINDICAL;trabalhadores;PORTO;PORTO;Extinta;1979-08-22;2011-09-08
2.26.0;FEDERAÇÃO DOS SINDICATOS DOS TRABALHADORES DE ESCRITÓRIO E SERVIÇOS;FETESE;FETESE;registo;FEDERAÇÃO SINDICAL;trabalhadores;LISBOA;LISBOA;Activa;1979-06-15;1984-08-30
2.26.1;FEDERAÇÃO DOS SINDICATOS DOS TRABALHADORES DE SERVIÇOS;FETESE;FETESE;registo;FEDERAÇÃO SINDICAL;trabalhadores;LISBOA;LISBOA;Activa;1996-04-19;2007-05-29
2.55.0;FEDERAÇÃO DOS SINDICATOS DOS TRABALHADORES DO ESTADO E DE ENTIDADES DO SECTOR PÚBLICO;ESTADOENTIDADES;ESTADOENTIDADES;recurso;FEDERAÇÃO SINDICAL;trabalhadores;PORTO;PORTO;Activa;2010-01-29;2010-05-22
2.16.1;FEDERAÇAO DOS SINDICATOS DOS TRABALHADORES FERROVIÁRIOS PORTUGUESES;FERROVIARIOS;FERROVIARIOS;recurso;FEDERAÇÃO SINDICAL;trabalhadores;LISBOA;LISBOA;Extinta;1984-07-30;1999-10-15
2.13.0;FEDERAÇAO DOS SINDICATOS DOS TRABALHADORES TEXTEIS DE PORTUGAL;TEXTEIS;TEXTEIS;recurso;FEDERAÇÃO SINDICAL;trabalhadores;PORTO;PORTO;Extinta;1975-11-19;1977-08-15
2.20.0;FEDERAÇÃO DOS SINDICATOS DOS TRABALHADORES TÊXTEIS, LANIFÍCIOS E VESTUÁRIO DE PORTUGAL;TEXTEISLANIFICIPorto;TEXTEISLANIFICIOS;recurso+desambiguada;FEDERAÇÃO SINDICAL;trabalhadores;PORTO;PORTO;Activa;1977-08-15;1978-10-29
2.20.2;FEDERAÇÃO DOS SINDICATOS DOS TRABALHADORES TÊXTEIS, LANIFÍCIOS, VESTUÁRIO, CALÇADO E PELES DE PORTUGAL;FESETE;FESETE;registo;FEDERAÇÃO SINDICAL;trabalhadores;PORTO;PORTO;Activa;1985-09-15;2026-04-29
2.20.1;FEDERAÇÃO DOS SINDICATOS DOS TRABALHADORES TÊXTEIS, LANIFÍCIOS, VESTUÁRIO, COUROS E PELES DE PORTUGAL;FESETE;FESETE;registo;FEDERAÇÃO SINDICAL;trabalhadores;PORTO;PORTO;Activa;1982-01-15;1982-01-15
2.9.0;FEDERAÇAO DOS SINDICATOS DOS TRABALHADORES. DOS LANIFÍCIOS E VESTUÁRIO DE PORTUGAL;LANIFICIOSVESTUARIO;LANIFICIOSVESTUARIO;recurso;FEDERAÇÃO SINDICAL;trabalhadores;LISBOA;LISBOA;Extinta;1976-06-18;1977-08-15
2.16.0;FEDERAÇÃO DOS SINDICATOS FERROVIÁRIOS;FERROVIARIOS;FERROVIARIOS;recurso;FEDERAÇÃO SINDICAL;trabalhadores;LISBOA;LISBOA;Extinta;1976-03-21;1984-04-15
2.43.0;FEDERAÇÃO DOS SINDICATOS INDEPENDENTES DA BANCA;FSIB;FSIB;registo;FEDERAÇÃO SINDICAL;trabalhadores;LISBOA;LISBOA;Extinta;2001-04-29;2026-03-22
2.32.0;FEDERAÇAO DOS TRABALHADORES DAS INDÚSTRIAS CERÂMICA, VIDREIRA, EXTRACTIVA, ENERGIA E QUIMICA;FETICEQ;FETICEQ;registo;FEDERAÇÃO SINDICAL;trabalhadores;LISBOA;LISBOA;Extinta;1983-06-15;2012-06-08
2.64.0;FEDERAÇÃO EUROPEIA DE SINDICATOS DE INSPETORES DA EDUCAÇÃO;FESIE;FESIE;registo;FEDERAÇÃO SINDICAL;trabalhadores;PORTO;PORTO;Activa;2024-06-15;2026-04-08
2.39.0;FEDERAÇÃO INTERSINDICAL DA METALURGIA, METALOMECANICA, MINAS, QUIMICA, FARMCEUTICA, PETRÓLEO E GAS;FEQUIMETAL;FEQUIMETAL;registo;FEDERAÇÃO SINDICAL;trabalhadores;LISBOA;LISBOA;Extinta;1998-11-06;2007-06-22
2.48.0;FEDERAÇÃO INTERSINDICAL DAS INDÚSTRIAS METALÚRGICA, QUÍMICA, FARMACÊUTICA, ELECTRICA, ENERGIAS E MINAS;FIEQUIMETAL;FIEQUIMETAL;registo;FEDERAÇÃO SINDICAL;trabalhadores;LISBOA;LISBOA;Activa;2007-06-22;2008-01-08
2.48.1;FEDERAÇÃO INTERSINDICAL DAS INDÚSTRIAS METALÚRGICAS, QUÍMICAS, ELÉTRICAS, FARMACÊUTICA, CELULOSE, PAPEL GRÁFICA, IMPRENSA, ENERGIA E MINAS;FIEQUIMETAL;FIEQUIMETAL;registo;FEDERAÇÃO SINDICAL;trabalhadores;LISBOA;LISBOA;Activa;2011-10-21;2024-01-08
2.54.0;FEDERAÇÃO NACIONAL DA EDUCAÇÃO;FNEducacao;FNE;registo+desambiguada;FEDERAÇÃO SINDICAL;trabalhadores;PORTO;;Activa;2010-03-22;2023-06-15
2.45.0;FEDERAÇÃO NACIONAL DE FERROVIÁRIOS;FNF;FNF;registo;FEDERAÇÃO SINDICAL;trabalhadores;LISBOA;LISBOA;Activa;2001-11-10;2020-02-22
2.19.0;FEDERAÇAO NACIONAL DE SINDICATOS DE QUADROS;FENSIQ;FENSIQ;registo;FEDERAÇÃO SINDICAL;trabalhadores;LISBOA;LISBOA;Extinta;1977-08-22;1992-08-15
2.62.0;FEDERAÇAO NACIONAL DE SINDICATOS INDEPENDENTES DA ADMINISTRAÇAO PUBLICA E DE ENTIDADES COM FINS PUBLICOS;FESINAP;FESINAP;registo;FEDERAÇÃO SINDICAL;trabalhadores;VIANA DO CASTELO;VIANA DO CASTELO;Activa;2020-09-25;2024-04-08
2.41.0;FEDERAÇAO NACIONAL DO ENSINO E INVESTIGAÇAO;FENEI;FENEI;registo;FEDERAÇÃO SINDICAL;trabalhadores;LISBOA;LISBOA;Activa;1999-12-08;2026-06-29
2.57.0;FEDERAÇAO NACIONAL DOS INSPETORES DO ESTADO (FNIE);FNIE;FNIE;registo;FEDERAÇÃO SINDICAL;trabalhadores;LISBOA;;Activa;2014-07-08;2019-11-08
2.34.0;FEDERAÇÃO NACIONAL DOS MÉDICOS;FENAME;FENAME;registo;FEDERAÇÃO SINDICAL;trabalhadores;COIMBRA;COIMBRA;Activa;1989-03-15;2007-08-15
2.34.1;FEDERAÇÃO NACIONAL DOS MÉDICOS;FNAM;FNAM;registo;FEDERAÇÃO SINDICAL;trabalhadores;COIMBRA;COIMBRA;Activa;2011-01-08;2026-05-08
2.33.0;FEDERAÇÃO NACIONAL DOS PROFESSORES;FENPROF;FENPROF;registo;FEDERAÇÃO SINDICAL;trabalhadores;LISBOA;LISBOA;Activa;1983-07-15;2025-06-22
2.17.1;FEDERAÇAO NACIONAL DOS SINDICATOS DA CONSTRUÇÃO CIVIL;CONSTRUCAOCIVIL2171;CONSTRUCAOCIVIL;recurso+desambiguada;FEDERAÇÃO SINDICAL;trabalhadores;;LISBOA;Extinta;1977-08-15;1978-06-22
2.23.1;FEDERAÇÃO NACIONAL DOS SINDICATOS DA CONSTRUÇÃO, MADEIRAS E MÁRMORES;CONSTRUCConstrucaoMa;CONSTRUCAOMADEIRAS;recurso+desambiguada;FEDERAÇÃO SINDICAL;trabalhadores;LISBOA;LISBOA;Extinta;1982-01-30;1991-02-15
2.23.2;FEDERAÇAO NACIONAL DOS SINDICATOS DA CONSTRUÇÃO, MADEIRAS, MÁRMORES E MATERIAIS DE CONSTRUÇÃO;CONSTRUCConstrucaoMa;CONSTRUCAOMADEIRAS;recurso+desambiguada;FEDERAÇÃO SINDICAL;trabalhadores;LISBOA;LISBOA;Extinta;1994-05-15;2004-07-08
2.31.1;FEDERAÇAO NACIONAL DOS SINDICATOS DA EDUCAÇÃO;FNE;FNE;registo;FEDERAÇÃO SINDICAL;trabalhadores;PORTO;PORTO;Extinta;1989-10-16;2010-02-22
2.25.1;FEDERAÇÃO NACIONAL DOS SINDICATOS DA FUNÇÃO PÚBLICA;FUNCAOPUBLICA;FUNCAOPUBLICA;recurso;FEDERAÇÃO SINDICAL;trabalhadores;LISBOA;LISBOA;Activa;1985-06-30;2012-07-08
2.10.1;FEDERAÇÃO NACIONAL DOS SINDICATOS DA INDÚSTRIA DE HOTELARIA E TURISMO;INDUSTRIAHOTELLisboa;INDUSTRIAHOTELARIA;recurso+desambiguada;FEDERAÇÃO SINDICAL;trabalhadores;LISBOA;LISBOA;Extinta;1978-05-08;1979-04-15
2.27.0;FEDERAÇÃO NACIONAL DOS SINDICATOS DAS COMUNICAÇÕES E TELECOMUNICAÇÕES;FCT;FCT;registo;FEDERAÇÃO SINDICAL;trabalhadores;LISBOA;LISBOA;Extinta;1980-02-15;1988-10-30
2.27.1;FEDERAÇAO NACIONAL DOS SINDICATOS DAS COMUNICAÇÕES, TELECOMUNICAÇÕES E AUDIOVISUAL;FCTA;FCTA;registo;FEDERAÇÃO SINDICAL;trabalhadores;LISBOA;LISBOA;Extinta;1992-04-30;1996-09-30
2.12.1;FEDERAÇÃO NACIONAL DOS SINDICATOS DAS INDÚSTRIAS DE CERÂMICA, CIMENTO E VIDRO;INDUSTRIASCERAMI2121;INDUSTRIASCERAMICA;recurso+desambiguada;FEDERAÇÃO SINDICAL;trabalhadores;LISBOA;LISBOA;Extinta;1978-09-15;1979-10-08
2.63.0;FEDERAÇÃO NACIONAL DOS SINDICATOS DE ENFERMEIROS;FENSE;FENSE;registo;FEDERAÇÃO SINDICAL;trabalhadores;COIMBRA;LISBOA;Activa;2022-07-29;2023-09-15
2.53.0;FEDERAÇÃO NACIONAL DOS SINDICATOS DE POLICIA;FENPOL;FENPOL;registo;FEDERAÇÃO SINDICAL;trabalhadores;;LISBOA;Activa;2010-03-02;2018-07-22
2.31.0;FEDERAÇÃO NACIONAL DOS SINDICATOS DE PROFESSORES;FNSP;FNSP;registo;FEDERAÇÃO SINDICAL;trabalhadores;LISBOA;LISBOA;Extinta;1982-11-30;1986-02-15
2.23.0;FEDERAÇÃO NACIONAL DOS SINDICATOS DOS TRABALHADORES DA CONSTRUÇÃO CIVIL E MADEIRAS;CONSTRUCAOCIVIL2230;CONSTRUCAOCIVIL;recurso+desambiguada;FEDERAÇÃO SINDICAL;trabalhadores;LISBOA;LISBOA;Extinta;1978-06-22;1978-06-22
2.25.0;FEDERAÇÃO NACIONAL DOS SINDICATOS DOS TRABALHADORES DA FUNÇÃO PÚBLICA;FUNCAOPUBLICA;FUNCAOPUBLICA;recurso;FEDERAÇÃO SINDICAL;trabalhadores;LISBOA;LISBOA;Activa;1978-11-08;1997-08-15
2.25.2;FEDERAÇÃO NACIONAL DOS SINDICATOS DOS TRABALHADORES EM FUNÇÕES PÚBLICAS E SOCIAIS;FNSTFPS;FNSTFPS;registo;FEDERAÇÃO SINDICAL;trabalhadores;LISBOA;LISBOA;Activa;2012-07-08;2024-02-22
2.35.0;FEDERAÇAO NACIONAL DOS SINDICATOS DOS TRANSPORTES;FETRANS;FETRANS;registo;FEDERAÇÃO SINDICAL;trabalhadores;LISBOA;LISBOA;Extinta;1990-07-30;2011-11-15
2.4.0;FEDERAÇÃO NACIONAL DOS SINDICATOS METALÚRGICOS;METALURGICOS;METALURGICOS;recurso;FEDERAÇÃO SINDICAL;trabalhadores;LISBOA;LISBOA;Extinta;1975-08-13;1979-02-15
2.37.0;FEDERAÇAO NACIONAL DOS TRANSPORTES, COMUNICAÇÕES E OBRAS PÚBLICAS;FENTCOPTransportes;FENTCOP;registo+desambiguada;FEDERAÇÃO SINDICAL;trabalhadores;BARREIRO;SETÚBAL;Extinta;1993-04-30;2001-10-22
2.44.0;FEDERAÇAO NACIONAL DOS TRANSPORTES, INDÚSTRIA E ENERGIA;TRANSPORTESINDUSTRIA;TRANSPORTESINDUSTRIA;recurso;FEDERAÇÃO SINDICAL;trabalhadores;LISBOA;LISBOA;Activa;2001-01-12;2023-10-15
2.7.0;FEDERAÇAO NACIONAL. DOS SINDICATOS DE TRABALHADORES PORTUÁRIOS;FSP;FSP;registo;FEDERAÇÃO SINDICAL;trabalhadores;MATOSINHOS;PORTO;Activa;1975-12-03;2026-08-29
2.60.0;FEDERAÇAO PORTUGUESA DA EDUCAÇAO, DO ESTADO E DE ENTIDADES COM FINS PUBLICOS;FPE;FPE;registo;FEDERAÇÃO SINDICAL;trabalhadores;PORTO;PORTO;Activa;2016-12-15;2016-12-15
2.49.0;FEDERAÇÃO PORTUGUESA DE PROFESSORES;PROFESSORES;PROFESSORES;recurso;FEDERAÇÃO SINDICAL;trabalhadores;LISBOA;LISBOA;Extinta;2007-07-22;2011-07-08
2.59.0;FEDERAÇAO PORTUGUESA DE PROFESSORES;FPP;FPP;registo;FEDERAÇÃO SINDICAL;trabalhadores;LISBOA;;Activa;2015-07-29;2024-01-08
2.42.0;FEDERAÇAO PORTUGUESA DOS PROFISSIONAIS DA EDUCAÇÃO, ENSINO, CULTURA E INVESTIGAÇÃO;FEPECI;FEPECI;registo;FEDERAÇÃO SINDICAL;trabalhadores;LISBOA;LISBOA;Activa;2001-01-30;2023-03-15
2.3.2;FEDERAÇAO PORTUGUESA DOS SINDICATO DAS INDÚSTRIAS DE CELULOSE, PAPEL, GRÁFICA E IMPRENSA;FPSICPGI;FPSICPGI;registo;FEDERAÇÃO SINDICAL;trabalhadores;;LISBOA;Extinta;1981-10-30;1996-07-15
2.46.0;FEDERAÇÃO PORTUGUESA DOS SINDICATOS DA CONSTRUÇÃO, CERÂMICA E VIDRO;FEVICCOM;FEVICCOM;registo;FEDERAÇÃO SINDICAL;trabalhadores;LISBOA;LISBOA;Activa;2004-06-04;2024-11-15
2.6.2;FEDERAÇÃO PORTUGUESA DOS SINDICATOS DO COMÉRCIO E SERVIÇOS;COMERCIOSERVICLisboa;COMERCIOSERVICOS;recurso+desambiguada;FEDERAÇÃO SINDICAL;trabalhadores;LISBOA;LISBOA;Activa;1979-09-08;1981-05-15
2.6.3;FEDERAÇÃO PORTUGUESA DOS SINDICATOS DO COMÉRCIO, ESCRITÓRIOS E SERVIÇOS;FPSCS;FPSCS;registo;FEDERAÇÃO SINDICAL;trabalhadores;LISBOA;LISBOA;Activa;1984-05-15;2011-07-08
2.6.4;FEDERAÇAO PORTUGUESA DOS SINDICATOS DO COMÉRCIO, ESCRITÓRIOS E SERVIÇOS;FEPCES;FEPCES;registo;FEDERAÇÃO SINDICAL;trabalhadores;LISBOA;LISBOA;Activa;1987-05-30;2024-10-22
2.6.1;FEDERAÇÃO PORTUGUESA DOS SINDICATOS DOS TRABALHADORES DO COMÉRCIO;COMERCIOLisboa;COMERCIO;recurso+desambiguada;FEDERAÇÃO SINDICAL;trabalhadores;LISBOA;LISBOA;Activa;1979-02-15;1979-02-15
2.2.0;FEDERAÇÃO REGIONAL DO NORTE DOS SINDICATOS DOS TRABALHADORES DE ESCRITÓRIO;REGIONALNORTE;REGIONALNORTE;recurso;FEDERAÇÃO SINDICAL;trabalhadores;PORTO;PORTO;Extinta;1975-08-06;1977-06-29
2.52.0;FEDERAÇÃO SINDICAL DAS COMUNICAÇÕES;FESIC;FESIC;registo;FEDERAÇÃO SINDICAL;trabalhadores;LISBOA;LISBOA;Extinta;2008-05-22;2026-03-08
4.1.0;INTERSINDICAL NACIONAL - CONFEDERAÇÃO GERAL DOS SINDICATOS PORTUGUESES;INTERSINDICALGERAL;INTERSINDICALGERAL;recurso;CONFEDERAÇÃO SINDICAL;trabalhadores;;LISBOA;Activa;1975-10-28;1996-08-15
1.634.0;ORGANIZAÇAO SINDICAL DOS POLICIAS;OSPPSP;OSPPSP;registo;SINDICATO;trabalhadores;OEIRAS;LISBOA;Extinta;2017-12-21;2026-03-08
1.685.0;PROFISSIONAIS DOS REGISTOS ASSOCIAÇÃO SINDICAL;PRAS;PRAS;registo;SINDICATO;trabalhadores;LISBOA;;Activa;2023-06-24;2024-03-15
1.645.0;SEP265 - SINDICATO ESTIVADORES PORTUARIOS SETUBAL - STPSET;STPSET;STPSET;registo;SINDICATO;trabalhadores;SETÚBAL;SETÚBAL;Activa;2019-03-15;2019-05-15
1.385.3;SINDICADO DEMOCRATICO DOS TRABALHADORES DOS CORREIOS TELECOMUNICAÇOES, MÉDIA E SERVIÇOS;SINDETELCO;SINDETELCO;registo;SINDICATO;trabalhadores;LISBOA;LISBOA;Activa;2016-11-27;2026-04-15
1.602.0;SINDICATO 2013 DOS TRABALHADORES DOS TERMINAIS PORTUÁRIOS DE AVEIRO;S2013TTPA;S2013TTPA;registo;SINDICATO;trabalhadores;ÍLHAVO;AVEIRO;Activa;2013-06-07;2024-11-22
1.209.0;SINDICATO BANCÁRIOS DO NORTE;SBN;SBN;registo;SINDICATO;trabalhadores;PORTO;PORTO;Activa;1976-04-14;2017-07-15
1.62.0;SINDICATO DA ACTIVIDADE CINEMATOGRÁFICA;ACTIVIDADE;ACTIVIDADE;recurso;SINDICATO;trabalhadores;LISBOA;LISBOA;Extinta;1975-08-06;1998-10-15
1.62.1;SINDICATO DA ACTIVIDADE CINEMATOGRÁFICA, TELEVISÃO E VÍDEO;SACTV;SACTV;registo;SINDICATO;trabalhadores;LISBOA;LISBOA;Extinta;1988-06-15;2000-03-15
1.390.0;SINDICATO DA AGRICULTURA AO SUL DO TEJO;SAST;SAST;registo;SINDICATO;trabalhadores;ÉVORA;ÉVORA;Extinta;1981-08-15;1984-08-15
1.343.1;SINDICATO DA AGRICULTURA DO RIBATEJO E OESTE;SARO;SARO;registo;SINDICATO;trabalhadores;;LISBOA;Extinta;1982-02-15;2011-06-22
1.103.2;SINDICATO DA AGRICULTURA, ALIMENTAÇÃO E FLORESTAS;SETAA;SETAA;registo;SINDICATO;trabalhadores;LISBOA;LISBOA;Extinta;1991-05-30;2017-08-15
1.110.1;SINDICATO DA BANCA, SEGUROS E TECNOLOGIAS - MAIS SINDICATO;MAISSINDICATO;MAISSINDICATO;derivada;SINDICATO;trabalhadores;LISBOA;LISBOA;Activa;2020-01-08;2024-01-29
1.626.1;SINDICATO DA CARREIRA DE INVESTIGAÇÃO CRIMINAL DA POLÍCIA JUDICIÁRIA;SCICPJ;SCICPJ;registo;SINDICATO;trabalhadores;;LISBOA;Activa;2024-01-08;2024-04-22
1.485.1;SINDICATO DA CARREIRA DE INVESTIGAÇÃO E FISCALIZAÇÃO DO SERVIÇO DE ESTRANGEIROS E FRONTEIRAS;SCIF;SCIF;registo;SINDICATO;trabalhadores;;LISBOA;Activa;1995-06-30;2023-08-29
1.286.3;SINDICATO DA CONSTRUÇÃO, OBRAS PÚBLICAS E SERVIÇOS;SETACCOP;SETACCOP;registo;SINDICATO;trabalhadores;LISBOA;LISBOA;Activa;2012-04-29;2024-06-08
1.286.2;SINDICATO DA CONSTRUÇÃO, OBRAS PÚBLICAS E SERVIÇOS AFINS;SETACCOP;SETACCOP;registo;SINDICATO;trabalhadores;LISBOA;LISBOA;Activa;1999-12-04;2011-12-29
1.648.0;SINDICATO DA DEFESA DOS PROFISSIONAIS DE POLICIA;SDPP;SDPP;registo;SINDICATO;trabalhadores;SINTRA;LISBOA;Activa;2019-03-13;2020-01-22
1.589.0;SINDICATO DA EDUCAÇÃO E FORMAÇÃO;SINEFOR;SINEFOR;registo;SINDICATO;trabalhadores;LISBOA;LISBOA;Activa;2010-06-15;2013-03-15
1.458.0;SINDICATO DA ENERGIA;SINERGIA;SINERGIA;registo;SINDICATO;trabalhadores;;LISBOA;Activa;1989-07-15;2026-05-15
1.667.0;SINDICATO DA INDÚSTRIA AERONAUTICA;SIA;SIA;registo;SINDICATO;trabalhadores;VILA FRANCA DE XIRA;LISBOA;Activa;2020-11-17;2025-02-22
1.361.0;SINDICATO DA INDÚSTRIA DE ELECTRICIDADE;SINDEL;SINDEL;registo;SINDICATO;trabalhadores;LISBOA;LISBOA;Activa;1979-06-15;1983-07-15
1.198.0;SINDICATO DA INDÚSTRIA DE FÓSFOROS DE PORTUGAL;INDUSTRIAFOIndustria;INDUSTRIAFOSFOROS;recurso+desambiguada;SINDICATO;trabalhadores;PORTO;PORTO;Extinta;1975-09-02;1975-09-02
1.198.1;SINDICATO DA INDÚSTRIA DE FÓSFOROS DE PORTUGAL - DISTRITOS DO PORTO E AVEIRO;INDUSTRIAFOIndustria;INDUSTRIAFOSFOROS;recurso+desambiguada;SINDICATO;trabalhadores;PORTO;PORTO;Extinta;1976-10-02;2012-05-22
1.453.0;SINDICATO DA INDÚSTRIA DO METAL;SIMETAL;SIMETAL;registo;SINDICATO;trabalhadores;LISBOA;LISBOA;Extinta;1989-04-30;2011-09-29
1.379.0;SINDICATO DA INDÚSTRIA E COMÉRCIO PETROLÍFERO;SICOP;SICOP;registo;SINDICATO;trabalhadores;MATOSINHOS;PORTO;Extinta;1981-03-21;2021-12-22
1.566.0;SINDICATO DA INDÚSTRIA E ENERGIA DE PORTUGAL;SIREP;SIREP;registo;SINDICATO;trabalhadores;SANTIAGO DO CACÉM;SETÚBAL;Activa;2005-12-18;2023-03-31
1.139.0;SINDICATO DA INDÚSTRIA METALÚRGICA DO DISTRITO DO PORTO;STIMM;STIMM;registo;SINDICATO;trabalhadores;PORTO;PORTO;Extinta;1975-08-08;1978-10-08
1.146.0;SINDICATO DA INDÚSTRIAS DE CALÇADO, MANUAL OU MECÂNICO, CORREEIROS, ALBARDEIROS, TAMANQUEIROS, PAUSEIROS E AFINS DOS DISTRITOS DE VISEU, VILA REAL, GUARDA E CASTELO BRANCO;INDUSTRIIndustriasCa;INDUSTRIASCALCADO;recurso+desambiguada;SINDICATO;trabalhadores;;VISEU;Extinta;1975-08-25;2013-02-28
1.614.0;SINDICATO DA INOVAÇAO ENERGETICA;SINOVAE;SINOVAE;registo;SINDICATO;trabalhadores;LISBOA;LISBOA;Activa;2015-06-08;2026-07-15
1.402.1;SINDICATO DA MANUTENÇÃO DO METROPOLITANO;SINDEM;SINDEM;registo;SINDICATO;trabalhadores;LISBOA;LISBOA;Activa;2008-05-22;2026-01-29
1.5.6;SINDICATO DA MARINHA MERCANTE, INDÚSTRIAS E ENERGIA;SITEMAQ;SITEMAQ;registo;SINDICATO;trabalhadores;LISBOA;LISBOA;Activa;2017-06-22;2025-07-29
1.5.4;SINDICATO DA MESTRANÇA E MARINHAGEM DA MARINHA MERCANTE E FOGUEIROS DE TERRA;SITEMAQ;SITEMAQ;registo;SINDICATO;trabalhadores;LISBOA;LISBOA;Activa;1989-05-30;1996-03-30
1.5.5;SINDICATO DA MESTRANÇA E MARINHAGEM DA MARINHA MERCANTE, ENERGIA E FOGUEIROS DE TERRA;SITEMAQ;SITEMAQ;registo;SINDICATO;trabalhadores;LISBOA;LISBOA;Activa;1999-03-27;2011-03-08
1.228.0;SINDICATO DA MESTRANÇA E MARINHAGEM DE CAMARAS DA MARINHA MERCANTE;SMMCMM;SMMCMM;registo;SINDICATO;trabalhadores;LISBOA;LISBOA;Extinta;1975-09-06;2025-11-14
1.115.0;SINDICATO DA TAPEÇARIA, CORDOARIA E SIMILARES DO NORTE;TAPECARIACORDOARIA;TAPECARIACORDOARIA;recurso;SINDICATO;trabalhadores;PORTO;PORTO;Extinta;1975-08-12;1981-03-21
1.347.0;SINDICATO DAS ARTES E ESPECTÁCULO;SIARTE;SIARTE;registo;SINDICATO;trabalhadores;LISBOA;LISBOA;Extinta;1978-07-15;2012-07-29
1.273.2;SINDICATO DAS CIÊNCIAS E TECNOLOGIAS DA SAÚDE;CIENCIASTECNOLOGIAS;CIENCIASTECNOLOGIAS;recurso;SINDICATO;trabalhadores;MATOSINHOS;PORTO;Activa;2000-09-22;2010-07-15
1.684.0;SINDICATO DAS COMUNICAÇÕES;STC;STC;registo;SINDICATO;trabalhadores;LISBOA;LISBOA;Activa;2023-05-11;2023-06-08
1.451.0;SINDICATO DAS COMUNICAÇÕES DE PORTUGAL (SICOMP);SICOMP;SICOMP;registo;SINDICATO;trabalhadores;LISBOA;LISBOA;Activa;1989-04-15;2026-08-29
1.100.0;SINDICATO DAS INDÚSTRIAS DE OURIVESARIA, RELOJOARIA E CORRELATIVOS DO SUL;INDUSTRIASLisboa;INDUSTRIAS;recurso+desambiguada;SINDICATO;trabalhadores;LISBOA;LISBOA;Extinta;1975-08-09;1979-10-29
1.360.3;SINDICATO DAS INDÚSTRIAS E AFINS;SINDEQ;SINDEQ;registo;SINDICATO;trabalhadores;PORTO;LISBOA;Activa;2014-04-05;2022-06-22
1.621.0;SINDICATO DAS INDÚSTRIAS E ENERGIA DE PORTUGAL;SIEP;SIEP;registo;SINDICATO;trabalhadores;SEIXAL;;Activa;2016-06-08;2016-06-08
1.145.1;SINDICATO DAS INDÚSTRIAS ELÉCTRICAS DO CENTRO;SIEC;SIEC;registo;SINDICATO;trabalhadores;COIMBRA;COIMBRA;Extinta;1979-06-15;2007-07-15
1.144.1;SINDICATO DAS INDÚSTRIAS ELÉCTRICAS DO SUL E ILHAS;SIESI;SIESI;registo;SINDICATO;trabalhadores;LISBOA;LISBOA;Activa;1978-08-29;2025-06-22
1.621.2;SINDICATO DAS INDÚSTRIAS ENERGIAS SERVIÇOS E ÁGUAS DE PORTUGAL;SIEAP;SIEAP;registo;SINDICATO;trabalhadores;SEIXAL;;Activa;2018-04-22;2025-05-08
1.346.0;SINDICATO DAS INDÚSTRIAS METALÚRGICAS E AFINS;SIMA;SIMA;registo;SINDICATO;trabalhadores;LISBOA;LISBOA;Activa;1978-07-08;2024-02-08
1.621.1;SINDICATO DAS INDÚSTRIAS, ENERGIA E ÁGUAS DE PORTUGAL;SIEAP;SIEAP;registo;SINDICATO;trabalhadores;SEIXAL;;Activa;2016-07-22;2017-07-22
1.599.0;SINDICATO DE AGENTES DA POLÍCIA DE SEGURANÇA PÚBLICA;SPSP;SPSP;registo;SINDICATO;trabalhadores;OEIRAS;LISBOA;Activa;2012-09-21;2012-11-08
1.438.1;SINDICATO DE CAPITÃES E OFICIAIS DA MARINHA MERCANTE;SINCOMAR;SINCOMAR;registo;SINDICATO;trabalhadores;LISBOA;LISBOA;Activa;1987-03-15;2024-02-29
1.438.0;SINDICATO DE CAPITÃES E OFICIAIS DA MARINHA MERCANTE DAS EMPRESAS TRANSINSULAR, SARL E VIEIRA E SILVEIRA, LDª;SINCOMAR;SINCOMAR;registo;SINDICATO;trabalhadores;LISBOA;LISBOA;Activa;1987-01-15;1987-01-15
1.352.0;SINDICATO DE DELEGADOS DO PROCURADOR DA REPÚBLICA;DELEGADOSPROCURADOR;DELEGADOSPROCURADOR;recurso;SINDICATO;trabalhadores;LISBOA;LISBOA;Activa;1978-11-15;1978-11-15
1.421.0;SINDICATO DE ELECTRICISTAS DO DISTRITO DE SETÚBAL;SEDS;SEDS;registo;SINDICATO;trabalhadores;SEIXAL;SETÚBAL;Extinta;1984-10-30;2011-06-29
1.216.0;SINDICATO DE FARMACEUTICOS;FARMACEUTICOS;FARMACEUTICOS;recurso;SINDICATO;trabalhadores;PORTO;PORTO;Activa;1975-10-16;1975-10-16
1.87.0;SINDICATO DE GARAGENS, POSTOS DE ABASTECIMENTOS, TRANSPORTES E OFÍCIOS CORRELATIVOS DO CENTRO E SUL;GARAGENSPOSTOS;GARAGENSPOSTOS;recurso;SINDICATO;trabalhadores;LISBOA;LISBOA;Extinta;1975-08-06;1975-08-06
1.539.1;SINDICATO DE OFICIAIS DE POLICIA, DA POLICIA DE SEGURANÇA PÚBLICA;SOPPSP;SOPPSP;registo;SINDICATO;trabalhadores;TORRES NOVAS;LISBOA;Extinta;2012-03-29;2022-01-15
1.618.0;SINDICATO DE POLICIA PELA ORDEM E LIBERDADE;SPPOL;SPPOL;registo;SINDICATO;trabalhadores;ODIVELAS;LISBOA;Activa;2016-01-12;2026-01-15
1.404.0;SINDICATO DE QUADROS;SENSIQ;SENSIQ;registo;SINDICATO;trabalhadores;LISBOA;LISBOA;Activa;1982-06-30;2002-11-29
1.412.0;SINDICATO DE QUADROS;MENSIQ;MENSIQ;registo;SINDICATO;trabalhadores;LISBOA;LISBOA;Extinta;1983-02-15;1983-02-15
1.236.1;SINDICATO DE QUADROS DAS COMUNICAÇÕES;SINQUADROS;SINQUADROS;registo;SINDICATO;trabalhadores;LISBOA;LISBOA;Activa;2004-02-08;2023-04-28
1.236.0;SINDICATO DE QUADROS DE CORREIOS;SINQUADROS;SINQUADROS;registo;SINDICATO;trabalhadores;LISBOA;LISBOA;Activa;1997-01-30;2003-03-22
1.433.0;SINDICATO DE QUADROS DOS TLP, EP;TENSIQ;TENSIQ;registo;SINDICATO;trabalhadores;LISBOA;LISBOA;Activa;1986-07-15;1986-07-15
1.404.1;SINDICATO DE QUADROS E TÉCNICOS;SENSIQ;SENSIQ;registo;SINDICATO;trabalhadores;LISBOA;LISBOA;Activa;2006-09-22;2023-03-20
1.338.0;SINDICATO DE QUADROS TÉCNICOS DOS CAMINHOS DE FERRO PORTUGUESES;QUADROSTECNICOS;QUADROSTECNICOS;recurso;SINDICATO;trabalhadores;LISBOA;LISBOA;Activa;1978-02-15;1978-02-15
1.133.2;SINDICATO DE QUADROS, TÉCNICOS ADMINISTRATIVOS, SERVIÇOS E NOVAS TECNOLOGIAS;SITESCritorios;SITESC;registo+desambiguada;SINDICATO;trabalhadores;PORTO;PORTO;Extinta;2004-07-17;2006-11-29
1.635.0;SINDICATO DE TODOS OS PROFESSORES;TODOSPROFESSORES;TODOSPROFESSORES;recurso;SINDICATO;trabalhadores;OEIRAS;LISBOA;Activa;2018-02-15;2019-01-22
1.635.1;SINDICATO DE TODOS OS PROFISSIONAIS DA EDUCAÇÃO;TODOSEDUCACAO;TODOSEDUCACAO;recurso;SINDICATO;trabalhadores;OEIRAS;LISBOA;Activa;2022-01-15;2023-12-29
1.635.2;SINDICATO DE TODOS OS PROFISSIONAIS DA EDUCAÇÃO(STOP);STOP;STOP;registo;SINDICATO;trabalhadores;OEIRAS;LISBOA;Activa;2025-07-22;2025-07-22
1.686.0;SINDICATO DE TODOS OS TRABALHADORES DE EMPRESAS PRESTADORAS DE SERVIÇOS -VIGILÂNCIA, LIMPEZA, MANUTENÇÃO, CALL CENTER E TERCEIRIZAÇÃO DE SERVIÇOS -;STTEPS;STTEPS;registo;SINDICATO;trabalhadores;MATOSINHOS;;Activa;2023-12-20;2024-01-08
1.611.0;SINDICATO DE TRABALHADORES DOS PORTOS DE LISBOA E SETUBAL;STP;STP;registo;SINDICATO;trabalhadores;LISBOA;LISBOA;Extinta;2014-08-29;2016-04-08
1.172.0;SINDICATO DE TRABALHADORES NA IMPRENSA;IMPRENSA;IMPRENSA;recurso;SINDICATO;trabalhadores;LISBOA;LISBOA;Extinta;1975-08-30;1980-11-30
1.353.0;SINDICATO DEMOCRATICO DA CONSTRUÇÃO CIVIL, MADEIRAS, PORTARIAS E AFINS (INDÚSTRIA E COMÉRCIO);SINDECOMPA;SINDECOMPA;registo;SINDICATO;trabalhadores;LISBOA;LISBOA;Extinta;1979-02-08;1984-05-30
1.360.1;SINDICATO DEMOCRÁTICO DA ENERGIA, QUÍMICA E INDÚSTRIAS DIVERSAS;SINDEQ;SINDEQ;registo;SINDICATO;trabalhadores;LISBOA;LISBOA;Activa;1987-03-30;2005-09-08
1.360.2;SINDICATO DEMOCRÁTICO DA ENERGIA, QUÍMICA, TÊXTIL E INDÚSTRIAS DIVERSAS;SINDEQ;SINDEQ;registo;SINDICATO;trabalhadores;LISBOA;LISBOA;Activa;2005-08-08;2010-11-29
1.354.0;SINDICATO DEMOCRATICO DA HOTELARIA, ALIMENTAÇÃO E TURISMO;SINDHAT;SINDHAT;registo;SINDICATO;trabalhadores;LISBOA;LISBOA;Extinta;1979-02-08;1996-05-15
1.437.0;SINDICATO DEMOCRÁTICO DA INDÚSTRIA CORTICEIRA;SINDECOR;SINDECOR;registo;SINDICATO;trabalhadores;SANTA MARIA DA FEIRA;AVEIRO;Extinta;1986-11-30;1993-12-30
1.437.1;SINDICATO DEMOCRÁTICO DA INDÚSTRIA CORTICEIRA;SINDECOR;SINDECOR;registo;SINDICATO;trabalhadores;SANTA MARIA DA FEIRA;AVEIRO;Extinta;;
1.437.2;SINDICATO DEMOCRÁTICO DA INDÚSTRIA CORTICEIRA;SINDECOR;SINDECOR;registo;SINDICATO;trabalhadores;SANTA MARIA DA FEIRA;AVEIRO;Extinta;2011-08-15;2011-08-15
1.360.0;SINDICATO DEMOCRÁTICO DA QUÍMICA;SINDEQ;SINDEQ;registo;SINDICATO;trabalhadores;LISBOA;LISBOA;Activa;1979-06-08;1984-03-30
1.339.0;SINDICATO DEMOCRATICO DA QUÍMICA E FARMACÊUTICA (INDÚSTRIA E COMÉRCIO);SINDEQF;SINDEQF;registo;SINDICATO;trabalhadores;LISBOA;LISBOA;Extinta;1978-02-15;1979-06-08
1.301.2;SINDICATO DEMOCRATICO DAS INDÚSTRIAS DE PANIFICAÇÃO, ALIMENTARES E AFINS;DEMOCRATICO;DEMOCRATICO;recurso;SINDICATO;trabalhadores;FARO;FARO;Extinta;1981-02-28;2011-06-08
1.301.1;SINDICATO DEMOCRÁTICO DAS INDÚSTRIAS DE PANIFICAÇÃO, ALIMENTARES E AFINS DO SUL E ILHAS;DEMOCRATICO;DEMOCRATICO;recurso;SINDICATO;trabalhadores;FARO;FARO;Extinta;1980-01-15;1980-01-15
1.378.1;SINDICATO DEMOCRATICO DAS MINAS E AFINS;SINDEMINAS;SINDEMINAS;registo;SINDICATO;trabalhadores;CASTELO DE PAIVA;BRAGA;Extinta;1984-09-15;2018-12-15
1.4.1;SINDICATO DEMOCRATICO DAS PESCAS;SINDEPESCAS;SINDEPESCAS;registo;SINDICATO;trabalhadores;ÍLHAVO;AVEIRO;Activa;1980-11-15;2024-02-22
1.222.1;SINDICATO DEMOCRÁTICO DO COMÉRCIO, ESCRITÓRIO E SERVIÇOS/CENTRO NORTE;SINDCES;SINDCES;registo;SINDICATO;trabalhadores;;AVEIRO;Activa;1985-07-30;1985-12-15
1.630.0;SINDICATO DEMOCRATICO DOS ENFERMEIROS DE PORTUGAL;SINDEPOR;SINDEPOR;registo;SINDICATO;trabalhadores;ÉVORA;;Activa;2017-07-29;2025-03-08
1.399.0;SINDICATO DEMOCRÁTICO DOS GRÁFICOS E AFINS;SINDEGRAF;SINDEGRAF;registo;SINDICATO;trabalhadores;LISBOA;LISBOA;Extinta;1982-02-15;1986-01-15
1.399.1;SINDICATO DEMOCRATICO DOS GRÁFICOS, PAPEL E AFINS;SINDEGRAF;SINDEGRAF;registo;SINDICATO;trabalhadores;LISBOA;LISBOA;Extinta;1989-04-15;2002-07-15
1.439.0;SINDICATO DEMOCRATICO DOS MÉDICOS DO NORTE;SINDEME;SINDEME;registo;SINDICATO;trabalhadores;PORTO;PORTO;Extinta;1987-03-15;2011-08-08
1.355.0;SINDICATO DEMOCRÁTICO DOS OPERÁRIOS DAS INDÚSTRIAS QUÍMICAS E AFINS DE PORTUGAL;DEMOCRATICOOPERARIOS;DEMOCRATICOOPERARIOS;recurso;SINDICATO;trabalhadores;LISBOA;LISBOA;Extinta;1979-04-15;1979-04-15
1.393.0;SINDICATO DEMOCRÁTICO DOS PROFESSORES;SINDEP;SINDEP;registo;SINDICATO;trabalhadores;LISBOA;LISBOA;Activa;1981-09-15;1988-07-30
1.449.0;SINDICATO DEMOCRÁTICO DOS PROFESSORES DA GRANDE LISBOA;SDPGL;SDPGL;registo;SINDICATO;trabalhadores;LISBOA;LISBOA;Activa;1989-02-28;2011-05-22
1.449.1;SINDICATO DEMOCRÁTICO DOS PROFESSORES DA GRANDE LISBOA E VALE DO TEJO;SDPGL;SDPGL;registo;SINDICATO;trabalhadores;LISBOA;LISBOA;Activa;2011-10-15;2026-05-08
1.430.0;SINDICATO DEMOCRATICO DOS PROFESSORES DO SUL;SDPSUL;SDPSUL;registo;SINDICATO;trabalhadores;;ÉVORA;Activa;1986-03-15;2023-08-22
1.351.0;SINDICATO DEMOCRATICO DOS PROFISSIONAIS DE FUTEBOL;SINBOL;SINBOL;registo;SINDICATO;trabalhadores;PORTO;PORTO;Extinta;1978-10-29;1986-03-15
1.368.1;SINDICATO DEMOCRÁTICO DOS TÉCNICOS DE DIAGNÓSTICO E TERAPÊUTICA;SINDITE;SINDITE;registo;SINDICATO;trabalhadores;PORTO;PORTO;Activa;1996-11-30;2000-09-08
1.370.0;SINDICATO DEMOCRATICO DOS TÊXTEIS;SINDETEX;SINDETEX;registo;SINDICATO;trabalhadores;PORTO;PORTO;Extinta;1980-05-29;1995-06-15
1.370.1;SINDICATO DEMOCRATICO DOS TÊXTEIS;SINDETEX;SINDETEX;registo;SINDICATO;trabalhadores;PORTO;PORTO;Extinta;2011-10-15;2011-10-15
1.385.2;SINDICATO DEMOCRÁTICO DOS TRABALHADORES DAS COMUNICAÇÕES E DOS MÉDIA;SINDETELCO;SINDETELCO;registo;SINDICATO;trabalhadores;LISBOA;LISBOA;Activa;2002-04-21;2013-07-15
1.355.1;SINDICATO DEMOCRATICO DOS TRABALHADORES DAS INDÚSTRIAS QUÍMICAS E AFINS DE PORTUGAL;DEMOCRATICIndustrias;DEMOCRATICO;recurso+desambiguada;SINDICATO;trabalhadores;LISBOA;LISBOA;Extinta;1981-02-21;1981-07-30
1.385.0;SINDICATO DEMOCRÁTICO DOS TRABALHADORES DAS TELECOMUNICAÇÕES;SINDETEL;SINDETEL;registo;SINDICATO;trabalhadores;LISBOA;LISBOA;Activa;1981-05-30;1997-05-30
1.385.1;SINDICATO DEMOCRÁTICO DOS TRABALHADORES DAS TELECOMUNICAÇÕES E CORREIOS;SINDETELCO;SINDETELCO;registo;SINDICATO;trabalhadores;LISBOA;LISBOA;Activa;1981-09-30;2001-12-22
1.368.0;SINDICATO DEMOCRÁTICO DOS TRABALHADORES DE DIAGNÓSTICO E TERAPÊUTICA;SINDITE;SINDITE;registo;SINDICATO;trabalhadores;PORTO;PORTO;Activa;1980-03-08;1980-03-08
1.462.1;SINDICATO DEMOCRÁTICO DOS TRABALHADORES DOS AEROPORTOS E AVIAÇÃO;SINDAV;SINDAV;registo;SINDICATO;trabalhadores;LISBOA;LISBOA;Activa;2001-10-15;2024-07-15
1.255.1;SINDICATO DEMOCRATICO DOS VIDREIROS;SINDIVIDRO;SINDIVIDRO;registo;SINDICATO;trabalhadores;OLIVEIRA DE AZEMÉIS;AVEIRO;Extinta;1982-02-27;1999-11-29
1.442.0;SINDICATO DEMOCRATICOS DOS PORTOS;SINDEPORTOS;SINDEPORTOS;registo;SINDICATO;trabalhadores;MATOSINHOS;LISBOA;Extinta;1988-04-30;1996-05-15
1.314.0;SINDICATO DISTRITAL DOS TRABALHADORES JUDICIAIS DO DISTRITO JUDICIAL DE COIMBRA;DISTRITALJUDICIAIS;DISTRITALJUDICIAIS;recurso;SINDICATO;trabalhadores;COIMBRA;COIMBRA;Extinta;1976-10-19;1990-06-30
1.166.1;SINDICATO DO CALÇADO, MALAS E AFINS, COMPONENTES, FORMAS E CURTUMES DO MINHO E TRÁS-OS MONTES;OSMONTES;OSMONTES;derivada;SINDICATO;trabalhadores;GUIMARÃES;BRAGA;Activa;1991-08-15;2023-02-22
1.222.2;SINDICATO DO COMÉRCIO, ESCRITÓRIOS E SERVIÇOS;SINDCES;SINDCES;registo;SINDICATO;trabalhadores;;AVEIRO;Activa;1989-01-30;2009-06-15
1.222.3;SINDICATO DO COMÉRCIO, ESCRITÓRIOS E SERVIÇOS;SINDCES;SINDCES;registo;SINDICATO;trabalhadores;AVEIRO;AVEIRO;Activa;2013-10-12;2018-02-08
1.222.4;SINDICATO DO COMÉRCIO, ESCRITÓRIOS E SERVIÇOS;SINDCES;SINDCES;registo;SINDICATO;trabalhadores;AVEIRO;AVEIRO;Activa;2022-12-12;2023-01-15
1.652.0;SINDICATO DO CORPO DA POLICIA;SCP;SCP;registo;SINDICATO;trabalhadores;PORTO;;Activa;2019-07-10;2019-08-08
1.282.0;SINDICATO DO NORTE DOS TRABALHADORES EM CARNES;NORTECARNES;NORTECARNES;recurso;SINDICATO;trabalhadores;PORTO;PORTO;Extinta;1975-09-26;1998-12-30
1.401.0;SINDICATO DO PESSOAL ASSALARIADO DAS MISSÕES DIPLOMÁTICAS E POSTOS CONSULARES DOS ESTADOS UNIDOS DA AMÉRICA E CANADÁ;SPAAC;SPAAC;registo;SINDICATO;trabalhadores;ODIVELAS;LISBOA;Extinta;1982-04-30;2019-01-08
1.560.0;SINDICATO DO PESSOAL COM FUNÇÕES NÃO POLICIAIS DA POLÍCIA DE SEGURANÇA PÚBLICA;SPNP;SPNP;registo;SINDICATO;trabalhadores;LISBOA;PORTO;Activa;2005-03-05;2011-07-29
1.560.1;SINDICATO DO PESSOAL COM FUNÇÕES NÃO POLICIAIS DA POLÍCIA DE SEGURANÇA PÚBLICA- SPNPPSP;SPNP;SPNP;registo;SINDICATO;trabalhadores;LISBOA;LISBOA;Activa;2014-11-15;2015-07-22
1.366.0;SINDICATO DO PESSOAL DAS TESOURARIAS DA FAZENDA PÚBLICA;SITES;SITES;registo;SINDICATO;trabalhadores;AMADORA;LISBOA;Extinta;1980-01-08;1980-01-08
1.485.2;SINDICATO DO PESSOAL DE INVESTIGAÇÃO CRIMINAL DA POLÍCIA JUDICIÁRIA;SPIC;SPIC;registo;SINDICATO;trabalhadores;LISBOA;LISBOA;Activa;2023-12-29;2026-08-08
1.298.0;SINDICATO DO PESSOAL DO SERVIÇO DE TRANSPORTES COLECTIVOS DO PORTO;PESSOALSERVICO;PESSOALSERVICO;recurso;SINDICATO;trabalhadores;PORTO;PORTO;Activa;1975-09-16;1975-09-16
1.560.2;SINDICATO DO PESSOAL TECNICO DE APOIO A ATIVIDADE POLICIAL DA POLICIA DE SEGURANÇA PUBLICA- SPTAAP;SPNP;SPNP;registo;SINDICATO;trabalhadores;LISBOA;LISBOA;Activa;2015-07-22;2015-07-22
1.290.0;SINDICATO DO SERVIÇO DOMÉSTICO;SERVICODOMESTICO;SERVICODOMESTICO;recurso;SINDICATO;trabalhadores;LISBOA;LISBOA;Extinta;1976-06-21;1994-02-28
1.350.0;SINDICATO DOS ADIDOS DA FUNÇÃO PÚBLICA DO DISTRITO DO PORTO;SAFUP;SAFUP;registo;SINDICATO;trabalhadores;PORTO;PORTO;Extinta;1978-10-08;2026-05-08
1.633.0;SINDICATO DOS ADVOGADOS PORTUGUESES (SAP);SAPAdvogados;SAP;registo+desambiguada;SINDICATO;trabalhadores;LISBOA;;Activa;2017-12-15;2020-01-08
1.260.1;SINDICATO DOS AGENTES TÉCNICOS AGRÍCOLAS;AGENTESTECNICOS;AGENTESTECNICOS;recurso;SINDICATO;trabalhadores;ODIVELAS;LISBOA;Extinta;1983-01-15;1984-11-15
1.129.1;SINDICATO DOS AGENTES TECNICOS DE ARQUITECTURA E ENGENHARIA;SATAE;SATAE;registo;SINDICATO;trabalhadores;LISBOA;LISBOA;Activa;1984-11-15;2026-04-22
1.19.0;SINDICATO DOS AJUDANTES DE FARMÁCIA DO SUL E ILHAS;AJUDANTESFARMACIASUL;AJUDANTESFARMACIASUL;recurso;SINDICATO;trabalhadores;LISBOA;LISBOA;Activa;1975-07-26;1975-07-26
1.28.0;SINDICATO DOS AJUDANTES E PRATICANTES DE DESPACHANTE OFICIAL, DESPACHANTES PRIVATIVOS E AGENTES ADUANEIROS;AJUDANTESPRATICANTES;AJUDANTESPRATICANTES;recurso;SINDICATO;trabalhadores;LISBOA;LISBOA;Activa;1975-07-31;1976-11-24
1.57.0;SINDICATO DOS BANCÁRIOS DO CENTRO;BANCARIOSCENTRO;BANCARIOSCENTRO;recurso;SINDICATO;trabalhadores;;COIMBRA;Activa;1975-08-05;2023-06-15
1.110.0;SINDICATO DOS BANCÁRIOS DO SUL E ILHAS;BANCARIOSSULILHAS;BANCARIOSSULILHAS;recurso;SINDICATO;trabalhadores;LISBOA;LISBOA;Activa;1975-07-30;2019-06-08
1.362.0;SINDICATO DOS CAPITÃES DA MARINHA MERCANTE;SINCAP;SINCAP;registo;SINDICATO;trabalhadores;LISBOA;LISBOA;Extinta;1979-07-08;1992-11-30
1.213.1;SINDICATO DOS CAPITÃES, OFICIAIS PILOTOS, COMISSÁRIOS E ENGENHEIROS DA MARINHA MERCANTE;OFICIAISMAR;OFICIAISMAR;registo;SINDICATO;trabalhadores;LISBOA;LISBOA;Activa;1998-01-30;2023-09-29
1.213.0;SINDICATO DOS CAPITÃES, OFICIAIS PILOTOS, COMISSÁRIOS E RADIOTÉCNICOS DA MARINHA MERCANTE;CAPITAESOFICIAIS;CAPITAESOFICIAIS;recurso;SINDICATO;trabalhadores;LISBOA;LISBOA;Activa;1975-09-03;1975-09-03
1.39.0;SINDICATO DOS CARPINTEIROS NAVAIS, CALAFATES E OFÍCIOS CORRELATIVOS, MECÂNICOS E DE MADEIRAS, VELEIROS , POLIDORES, ESTUFADORES E CONSTRUÇÃO NAVAL DE FIBRAS;CARPINTEIROSNAVAIS;CARPINTEIROSNAVAIS;recurso;SINDICATO;trabalhadores;LISBOA;LISBOA;Extinta;1975-08-01;1976-05-17
1.214.0;SINDICATO DOS CARPINTEIROS NAVAIS, CALAFATES, PINTORES E OFÍCIOS CORRELATIVOS DO DISTRITO DO PORTO;CARPINTECarpinteiros;CARPINTEIROSNAVAIS;recurso+desambiguada;SINDICATO;trabalhadores;VILA NOVA DE GAIA;PORTO;Extinta;1975-09-22;1975-09-22
1.91.0;SINDICATO DOS CONFERENTES DE CARGAS MARÍTIMAS DE IMPORTAÇAO E EXPORTAÇAO DOS DISTRITOS DE LISBOA E SETÚBAL;CONFERENTESCARGAS;CONFERENTESCARGAS;recurso;SINDICATO;trabalhadores;LISBOA;LISBOA;Extinta;1975-08-13;1999-02-15
1.129.0;SINDICATO DOS CONSTRUTORES CIVIS;CONSTRUTORESCIVIS;CONSTRUTORESCIVIS;recurso;SINDICATO;trabalhadores;LISBOA;LISBOA;Activa;1975-08-19;1981-06-15
1.345.0;SINDICATO DOS CONTABILISTAS;SICONT;SICONT;registo;SINDICATO;trabalhadores;LISBOA;LISBOA;Extinta;1978-06-15;2025-12-22
1.383.0;SINDICATO DOS CONTROLADORES DE TRÁFEGO AÉREO;SINCTA;SINCTA;registo;SINDICATO;trabalhadores;LISBOA;LISBOA;Activa;1981-03-21;2025-11-15
1.309.0;SINDICATO DOS DELEGADOS DE VENDAS (COMISSIONISTAS) DO DISTRITOS DO PORTO;COMISSIONISTAS;COMISSIONISTAS;derivada;SINDICATO;trabalhadores;PORTO;PORTO;Extinta;1976-09-29;2011-11-15
1.270.0;SINDICATO DOS DESCARREGADORES DE MAR E TERRA DO DISTRITO DE SETÚBAL;DESCARREDescarregado;DESCARREGADORESMAR;recurso+desambiguada;SINDICATO;trabalhadores;MONTIJO;SETÚBAL;Extinta;1975-10-01;2013-07-15
1.95.0;SINDICATO DOS DESCARREGADORES DE MAR E TERRA DO DISTRITO DE SETÚBAL;DESCARREGADORESMAR;DESCARREGADORESMAR;recurso;SINDICATO;trabalhadores;SETÚBAL;SETÚBAL;Extinta;1975-10-16;1999-06-29
1.224.0;SINDICATO DOS ECONOMISTAS;ECONOMISTAS;ECONOMISTAS;recurso;SINDICATO;trabalhadores;LISBOA;LISBOA;Activa;1975-08-29;2023-07-15
1.443.2;SINDICATO DOS EDUCADORES E PROFESSORES DO ENSINO BÁSICO;SIPPEB;SIPPEB;registo;SINDICATO;trabalhadores;LISBOA;LISBOA;Activa;2010-07-15;2026-08-15
1.509.0;SINDICATO DOS EDUCADORES E PROFESSORES LICENCIADOS PELAS ESCOLAS SUPERIORES DE EDUCAÇÃO E UNIVERSIDADES;SEPLEU;SEPLEU;registo;SINDICATO;trabalhadores;LISBOA;LISBOA;Activa;1997-06-21;2025-03-29
1.402.0;SINDICATO DOS ELECTRICISTAS DO METROPOLITANO;SINDEM;SINDEM;registo;SINDICATO;trabalhadores;;LISBOA;Activa;1982-07-30;2005-12-08
1.237.0;SINDICATO DOS ELECTRICISTAS DO NORTE;ELECTRICISTASNORTE;ELECTRICISTASNORTE;recurso;SINDICATO;trabalhadores;PORTO;PORTO;Extinta;1975-10-16;2001-07-22
1.144.0;SINDICATO DOS ELECTRICISTAS DO SUL;ELECTRICISTASSUL;ELECTRICISTASSUL;recurso;SINDICATO;trabalhadores;;LISBOA;Activa;1975-08-25;1975-08-25
1.661.0;SINDICATO DOS EMPREGADORES DE BANCA DOS CASINOS;SEBC;SEBC;registo;SINDICATO;trabalhadores;ESPINHO;PORTO;Activa;2020-09-15;2020-12-10
1.269.0;SINDICATO DOS EMPREGADOS DAS SALAS DE JOGOS DOS CASINOS;EMPREGADOSSALASJOGOS;EMPREGADOSSALASJOGOS;recurso;SINDICATO;trabalhadores;LISBOA;LISBOA;Activa;1975-09-17;1981-01-15
1.103.1;SINDICATO DOS EMPREGADOS, TÉCNICOS E ASSALARIADOS AGRÍCOLAS;SETAA;SETAA;registo;SINDICATO;trabalhadores;;LISBOA;Extinta;1984-04-15;1988-08-15
1.286.1;SINDICATO DOS EMPREGADOS, TÉCNICOS E ASSALARIADOS DA CONSTRUÇÃO CIVIL, OBRAS PÚBLICAS E AFINS;SETACCOP;SETACCOP;registo;SINDICATO;trabalhadores;LISBOA;LISBOA;Activa;1986-03-30;1987-01-30
1.358.0;SINDICATO DOS ENCARREGADOS E AJUDANTES DE ENCARREGADO DE BIBLIOTECA DE PORTUGAL;ENCARREGADOS;ENCARREGADOS;recurso;SINDICATO;trabalhadores;LISBOA;LISBOA;Extinta;1979-06-15;2011-07-29
1.330.0;SINDICATO DOS ENCARTADOS DE MESTRANÇA DAS PESCAS DE MATOSINHOS E AVEIRO (EM BARCOS DE SARDINHA E ARRASTO MATRICULADOS NAS CAPITANIAS DO DOURO E LEIXÕES E AVEIRO);ENCARTADOSMESTRANCA;ENCARTADOSMESTRANCA;recurso;SINDICATO;trabalhadores;MATOSINHOS;PORTO;Extinta;1977-06-29;1977-10-29
1.330.1;SINDICATO DOS ENCARTADOS DE MESTRANÇA DAS PESCAS DE MATOSINHOS, AVEIRO E FIGUEIRA DA FOZ;ENCARTADOSMESTRANCA;ENCARTADOSMESTRANCA;recurso;SINDICATO;trabalhadores;MATOSINHOS;PORTO;Extinta;1978-05-08;2014-01-08
1.225.2;SINDICATO DOS ENFERMEIROS;SE;SE;registo;SINDICATO;trabalhadores;PORTO;PORTO;Activa;2002-05-22;2025-10-15
1.225.0;SINDICATO DOS ENFERMEIROS DA ZONA NORTE;ENFERMEIROSZONANORTE;ENFERMEIROSZONANORTE;recurso;SINDICATO;trabalhadores;PORTO;PORTO;Activa;1975-09-02;1975-09-02
1.157.0;SINDICATO DOS ENFERMEIROS DA ZONA SUL;ENFERMEIROSZONASUL;ENFERMEIROSZONASUL;recurso;SINDICATO;trabalhadores;LISBOA;LISBOA;Activa;1975-10-14;1980-10-30
1.157.1;SINDICATO DOS ENFERMEIROS DA ZONA SUL E REGIÃO AUTÓNOMA DOS AÇORES;ENFERMEIROSZONASUL;ENFERMEIROSZONASUL;recurso;SINDICATO;trabalhadores;LISBOA;LISBOA;Activa;1986-08-30;1986-08-30
1.233.1;SINDICATO DOS ENFERMEIROS DO CENTRO;ENFERMEIROSCENTRO;ENFERMEIROSCENTRO;recurso;SINDICATO;trabalhadores;COIMBRA;COIMBRA;Activa;1982-08-14;2006-08-15
1.225.1;SINDICATO DOS ENFERMEIROS DO NORTE;ENFERMEIROSNORTE;ENFERMEIROSNORTE;recurso;SINDICATO;trabalhadores;PORTO;PORTO;Activa;1992-11-30;2001-05-08
1.157.2;SINDICATO DOS ENFERMEIROS PORTUGUESES;SEP;SEP;registo;SINDICATO;trabalhadores;LISBOA;LISBOA;Activa;1988-07-30;2023-12-11
1.221.1;SINDICATO DOS ENGENHEIROS;SERS;SERS;registo;SINDICATO;trabalhadores;LISBOA;LISBOA;Activa;2004-10-22;2026-01-15
1.475.0;SINDICATO DOS ENGENHEIROS DA MARINHA MERCANTE;SEMM;SEMM;registo;SINDICATO;trabalhadores;LISBOA;LISBOA;Activa;1991-07-30;2026-08-29
1.140.0;SINDICATO DOS ENGENHEIROS DA REGIÃO CENTRO;ENGENHEIROSREGIAO;ENGENHEIROSREGIAO;recurso;SINDICATO;trabalhadores;COIMBRA;COIMBRA;Extinta;1975-08-11;1977-08-26
1.221.0;SINDICATO DOS ENGENHEIROS DA REGIÃO SUL;ENGENHEIROSREGIAOSUL;ENGENHEIROSREGIAOSUL;recurso;SINDICATO;trabalhadores;LISBOA;LISBOA;Activa;1975-08-19;2001-09-08
1.234.0;SINDICATO DOS ENGENHEIROS DO NORTE;ENGENHEIROSNORTE;ENGENHEIROSNORTE;recurso;SINDICATO;trabalhadores;PORTO;PORTO;Extinta;1975-09-26;2011-09-29
1.296.1;SINDICATO DOS ENGENHEIROS TÉCNICOS;SETN;SETN;registo;SINDICATO;trabalhadores;PORTO;PORTO;Activa;1992-10-30;1993-04-15
1.103.0;SINDICATO DOS ENGENHEIROS TÉCNICOS AGRÁRIOS;SETA;SETA;registo;SINDICATO;trabalhadores;LISBOA;LISBOA;Extinta;1975-08-23;1981-07-15
1.434.0;SINDICATO DOS ENGENHEIROS TÉCNICOS DE CIÊNCIAS AGRÁRIAS;SETCA;SETCA;registo;SINDICATO;trabalhadores;LISBOA;LISBOA;Extinta;1986-07-15;2012-12-08
1.296.0;SINDICATO DOS ENGENHEIROS TÉCNICOS DO NORTE;ENGENHEIROSTECNICOS;ENGENHEIROSTECNICOS;recurso;SINDICATO;trabalhadores;PORTO;PORTO;Activa;1976-02-24;1980-05-22
1.15.0;SINDICATO DOS ENGENHEIROS TÉCNICOS DO SUL;SETS;SETS;registo;SINDICATO;trabalhadores;LISBOA;LISBOA;Activa;1975-07-29;1992-02-29
1.418.1;SINDICATO DOS ESCRITÓRIOS E SERVIÇOS DO NORTE;SESN;SESN;registo;SINDICATO;trabalhadores;PORTO;PORTO;Extinta;1984-06-15;1996-02-15
1.418.0;SINDICATO DOS ESCRITÓRIOS E SERVIÇOS DO PORTO;ESCRITORIOSSERVICOS;ESCRITORIOSSERVICOS;recurso;SINDICATO;trabalhadores;PORTO;PORTO;Extinta;1983-06-30;1984-03-15
1.6.1;SINDICATO DOS ESTIVADORES DO PORTO DE LISBOA CENTRO E SUL DE PORTUGAL;ESTIVADORESPORTO;ESTIVADORESPORTO;recurso;SINDICATO;trabalhadores;LISBOA;LISBOA;Extinta;1997-12-15;1999-02-15
1.6.0;SINDICATO DOS ESTIVADORES DO PORTO DE LISBOA E CENTRO DE PORTUGAL;ESTIVADORESPORTO;ESTIVADORESPORTO;recurso;SINDICATO;trabalhadores;LISBOA;LISBOA;Extinta;1975-08-09;1997-07-30
1.613.0;SINDICATO DOS ESTIVADORES DO PORTO DE VIANA DO CASTELO;ESTIVADOEstivadoresP;ESTIVADORESPORTO;recurso+desambiguada;SINDICATO;trabalhadores;VIANA DO CASTELO;;Activa;2015-02-04;2015-04-08
1.613.1;SINDICATO DOS ESTIVADORES DO PORTO DE VIANA DO CASTELO;SEPVCT;SEPVCT;registo;SINDICATO;trabalhadores;VIANA DO CASTELO;VIANA DO CASTELO;Activa;2016-01-08;2025-01-29
1.45.0;SINDICATO DOS ESTIVADORES E BARQUEIROS DO DISTRITO DE SETÚBAL;ESTIVADOREstivadores;ESTIVADORES;recurso+desambiguada;SINDICATO;trabalhadores;SETÚBAL;SETÚBAL;Extinta;1975-07-29;1993-03-30
1.178.0;SINDICATO DOS ESTIVADORES E TRABALHADORES DO CAIS DO PORTO DE VIANA DO CASTELO;ESTIVADORESCAISPORTO;ESTIVADORESCAISPORTO;recurso;SINDICATO;trabalhadores;VIANA DO CASTELO;VIANA DO CASTELO;Extinta;1975-09-26;1975-09-26
1.170.0;SINDICATO DOS ESTIVADORES E TRABALHADORES DO PORTO DE AVEIRO;ESTIVADORESPORAveiro;ESTIVADORESPORTO;recurso+desambiguada;SINDICATO;trabalhadores;AVEIRO;AVEIRO;Activa;1975-08-26;2011-03-08
1.38.0;SINDICATO DOS ESTIVADORES S CONFERENTES MARÍTIMOS E FLUVIAIS DO DISTRITO DO PORTO;ESTIVADORES;ESTIVADORES;recurso;SINDICATO;trabalhadores;MATOSINHOS;PORTO;Extinta;1975-07-31;1994-10-15
1.490.0;SINDICATO DOS ESTIVADORES, CONFERENTES E TRÁFEGO DOS PORTOS DO DOURO E LEIXÕES;SECTPDL;SECTPDL;registo;SINDICATO;trabalhadores;MATOSINHOS;PORTO;Activa;1994-10-15;2026-05-08
1.178.1;SINDICATO DOS ESTIVADORES, LINGADORES E CONFERENTES DO PORTO DE VIANA DO CASTELO;ESTIVADOVianadocaste;ESTIVADORES;recurso+desambiguada;SINDICATO;trabalhadores;VIANA DO CASTELO;VIANA DO CASTELO;Extinta;1979-06-29;2012-11-22
1.521.0;SINDICATO DOS ESTIVADORES, TRABALHADORES DO TRÁFEGO E CONFERENTES MARÍTIMOS DO CENTRO E SUL DE PORTUGAL;ESTIVADORESTRAFEGO;ESTIVADORESTRAFEGO;recurso;SINDICATO;trabalhadores;LISBOA;LISBOA;Activa;1999-02-15;2013-05-22
1.78.0;SINDICATO DOS FERROVIÁRIOS DO CENTRO;FERROVIARIOSCENTRO;FERROVIARIOSCENTRO;recurso;SINDICATO;trabalhadores;LISBOA;LISBOA;Extinta;1975-08-11;1999-10-15
1.94.0;SINDICATO DOS FERROVIÁRIOS DO NORTE DE PORTUGAL;FERROVIARIOSNORTE;FERROVIARIOSNORTE;recurso;SINDICATO;trabalhadores;PORTO;PORTO;Extinta;1975-08-14;1999-10-15
1.105.0;SINDICATO DOS FERROVIÁRIOS DO SUL;FERROVIARIOSSUL;FERROVIARIOSSUL;recurso;SINDICATO;trabalhadores;BARREIRO;SETÚBAL;Extinta;1975-08-19;1999-10-15
1.514.0;SINDICATO DOS FISIOTERAPEUTAS PORTUGUESES;SFP;SFP;registo;SINDICATO;trabalhadores;LISBOA;SETÚBAL;Activa;1997-10-26;2026-01-08
1.31.1;SINDICATO DOS FOGUEIROS DE MAR E TERRA;SIFOMATE;SIFOMATE;registo;SINDICATO;trabalhadores;PORTO;PORTO;Activa;1983-07-15;1998-08-15
1.31.0;SINDICATO DOS FOGUEIROS DE MAR E TERRA DO NORTE;FOGUEIROSMARTERRA;FOGUEIROSMARTERRA;recurso;SINDICATO;trabalhadores;PORTO;PORTO;Activa;1975-07-30;1979-02-28
1.5.0;SINDICATO DOS FOGUEIROS DE MAR E TERRA DO SUL E ILHAS ADJACENTES;FOGUEIROSMARTERRASUL;FOGUEIROSMARTERRASUL;recurso;SINDICATO;trabalhadores;LISBOA;LISBOA;Activa;1975-07-17;1975-07-17
1.5.3;SINDICATO DOS FOGUEIROS DE TERRA E DA MESTRANÇA E MARINHAGEM DE MÁQUINAS DA MARINHA MERCANTE;SITEMAQ;SITEMAQ;registo;SINDICATO;trabalhadores;LISBOA;LISBOA;Activa;1982-07-15;1985-11-15
1.5.2;SINDICATO DOS FOGUEIROS DE TERRA E ÚNICO DA MESTRANÇA E MARINHAGEM DE MÁQUINAS DA MARINHA MERCANTE;FOGUEIROSTERRAUNICO;FOGUEIROSTERRAUNICO;recurso;SINDICATO;trabalhadores;LISBOA;LISBOA;Activa;1981-03-21;1981-03-21
1.5.1;SINDICATO DOS FOGUEIROS MOTORISTAS DE MAR E TERRA E AFINS;FOGUEIROSMOTORISTAS;FOGUEIROSMOTORISTAS;recurso;SINDICATO;trabalhadores;LISBOA;LISBOA;Activa;1979-08-22;1980-07-15
1.31.2;SINDICATO DOS FOGUEIROS, ENERGIA E INDÚSTRIAS TRANSFORMADORAS;SIFOMATE;SIFOMATE;registo;SINDICATO;trabalhadores;PORTO;PORTO;Activa;1999-12-29;2023-04-29
1.670.0;SINDICATO DOS FUNCIONARIOS DO MINISTERIO PUBLICO;SFMP;SFMP;registo;SINDICATO;trabalhadores;SEIXAL;LISBOA;Activa;2021-06-14;2023-02-08
1.480.0;SINDICATO DOS FUNCIONÁRIOS DO SERVIÇO DE ESTRANGEIROS E FRONTEIRAS;SINSEF;SINSEF;registo;SINDICATO;trabalhadores;LISBOA;LISBOA;Activa;1992-02-15;2025-03-08
1.468.0;SINDICATO DOS FUNCIONÁRIOS JUDICIAIS;SFJ;SFJ;registo;SINDICATO;trabalhadores;LISBOA;LISBOA;Activa;1990-06-30;2025-09-29
1.424.0;SINDICATO DOS FUNCIONÁRIOS PARLAMENTARES;FUNCIONAFuncionarios;FUNCIONARIOS;recurso+desambiguada;SINDICATO;trabalhadores;LISBOA;LISBOA;Activa;1985-11-30;2026-05-15
1.79.0;SINDICATO DOS GRÁFICOS E TRANSFORMADORES DE PAPEL DO DISTRITO DE AVEIRO;GRAFICOS;GRAFICOS;recurso;SINDICATO;trabalhadores;AVEIRO;AVEIRO;Extinta;1975-08-11;1982-02-15
1.446.2;SINDICATO DOS INSPECTORES DA EDUCAÇÃO E DO ENSINO;INSPECTORESEDUCACAO;INSPECTORESEDUCACAO;recurso;SINDICATO;trabalhadores;PORTO;PORTO;Activa;2003-10-22;2023-12-15
1.446.0;SINDICATO DOS INSPECTORES DO ENSINO;INSPECTORESENSINO;INSPECTORESENSINO;recurso;SINDICATO;trabalhadores;VIANA DO CASTELO;VIANA DO CASTELO;Activa;1988-11-15;1988-11-15
1.446.1;SINDICATO DOS INSPECTORES DO ENSINO;SIE;SIE;registo;SINDICATO;trabalhadores;VIANA DO CASTELO;VIANA DO CASTELO;Activa;1996-05-24;2001-11-08
1.587.0;SINDICATO DOS INSPECTORES DO TRABALHO (SIT);SIT;SIT;registo;SINDICATO;trabalhadores;LISBOA;LISBOA;Activa;2010-03-20;2026-05-08
1.626.0;SINDICATO DOS INSPETORES DE INVESTIGAÇAO, FISCALIZAÇAO E FRONTEIRAS;INSPETORES;INSPETORES;recurso;SINDICATO;trabalhadores;;LISBOA;Activa;2017-06-08;2021-04-22
1.283.0;SINDICATO DOS JOGADORES PROFISSIONAIS DE FUTEBOL;JOGADORESFUTEBOL;JOGADORESFUTEBOL;recurso;SINDICATO;trabalhadores;LISBOA;LISBOA;Activa;1975-10-06;2025-04-15
1.11.0;SINDICATO DOS JORNALISTAS;JORNALISTAS;JORNALISTAS;recurso;SINDICATO;trabalhadores;LISBOA;LISBOA;Activa;1975-07-24;2024-07-08
1.696.0;SINDICATO DOS LEITORES DE PORTUGUÊS NO ESTRANGEIRO (SILPE);SILPE;SILPE;registo;SINDICATO;trabalhadores;COIMBRA;;Activa;2026-09-22;2026-09-22
1.73.1;SINDICATO DOS LINGADORES-APARTADORES, BARQUEIROS-FRAGATEIROS DO DOURO E LEIXÕES E FLUVIAIS DO NORTE DE PORTUGAL;LINGADORES;LINGADORES;recurso;SINDICATO;trabalhadores;MATOSINHOS;PORTO;Extinta;1983-09-15;1991-12-15
1.352.1;SINDICATO DOS MAGISTRADOS DO MINISTÉRIO PÚBLICO;MAGISTRADOS;MAGISTRADOS;recurso;SINDICATO;trabalhadores;LISBOA;LISBOA;Activa;1979-08-15;2024-05-08
1.61.0;SINDICATO DOS MAQUINISTAS PRÁTICOS, AJUDANTES E ARTÍFICES DA MARINHA MERCANTE;MAQUINISTASPRATICOS;MAQUINISTASPRATICOS;recurso;SINDICATO;trabalhadores;LISBOA;LISBOA;Extinta;1975-07-29;1982-08-30
1.410.0;SINDICATO DOS MAQUINISTAS PRÁTICOS, AJUDANTES E ARTÍFICES DA MARINHA MERCANTE DE PORTUGAL;MAQUINISTASPRALisboa;MAQUINISTASPRATICOS;recurso+desambiguada;SINDICATO;trabalhadores;LISBOA;LISBOA;Extinta;1982-08-30;1982-08-30
1.226.0;SINDICATO DOS MAQUINISTAS PRÁTICOS, AJUDANTES E ARTÍFICES DA MARINHA MERCANTE DO DISTISTRITO DE FARO;MAQUINISTMaquinistas;MAQUINISTASPRATICOS;recurso+desambiguada;SINDICATO;trabalhadores;OLHÃO;FARO;Extinta;1975-09-02;1982-08-30
1.179.0;SINDICATO DOS MARCENEIROS E OFÍCIOS CORRELATIVOS DO DISTRITO DE BRAGA;MARCENEIROSOFICIOS;MARCENEIROSOFICIOS;recurso;SINDICATO;trabalhadores;BRAGA;BRAGA;Extinta;1975-09-26;1981-07-30
1.43.0;SINDICATO DOS MARINHEIROS MERCANTES DE PORTUGAL;MARINHEIROSMERCANTES;MARINHEIROSMERCANTES;recurso;SINDICATO;trabalhadores;LISBOA;LISBOA;Activa;1975-08-04;2023-05-15
1.291.0;SINDICATO DOS MÉDICOS DA REGIÃO SUL;MEDICOSREGIAOSUL;MEDICOSREGIAOSUL;recurso;SINDICATO;trabalhadores;LISBOA;LISBOA;Activa;1975-11-12;2015-07-08
1.374.0;SINDICATO DOS MÉDICOS DA ZONA CENTRO;SMZC;SMZC;registo;SINDICATO;trabalhadores;COIMBRA;COIMBRA;Activa;1980-07-15;2025-12-08
1.291.1;SINDICATO DOS MÉDICOS DA ZONA SUL (SMZS);SMZS;SMZS;registo;SINDICATO;trabalhadores;LISBOA;LISBOA;Activa;1982-03-15;2026-01-21
1.596.0;SINDICATO DOS MÉDICOS DENTISTAS;SMD;SMD;registo;SINDICATO;trabalhadores;LISBOA;LISBOA;Extinta;2010-04-20;2015-02-22
1.664.1;SINDICATO DOS MÉDICOS DENTISTAS;SMDMedicos;SMD;registo+desambiguada;SINDICATO;trabalhadores;PORTO;PORTO;Activa;2021-03-15;2025-04-08
1.690.0;SINDICATO DOS MÉDICOS DENTISTAS DO SETOR PÚBLICO E SOCIAL PORTUGUÊS;SMDSP;SMDSP;registo;SINDICATO;trabalhadores;CINFÃES;VISEU;Activa;2024-11-08;2024-11-08
1.664.0;SINDICATO DOS MEDICOS DENTISTAS PORTUGUES;SMDP;SMDP;registo;SINDICATO;trabalhadores;PORTO;PORTO;Activa;2020-11-05;2025-05-22
1.407.0;SINDICATO DOS MÉDICOS DO NORTE;SMN;SMN;registo;SINDICATO;trabalhadores;PORTO;PORTO;Activa;1982-07-30;2025-06-22
1.440.0;SINDICATO DOS MEIOS AUDIOVISUAIS;AUDIOVISUAIS;AUDIOVISUAIS;registo;SINDICATO;trabalhadores;LISBOA;LISBOA;Activa;1987-04-30;1990-03-15
1.440.1;SINDICATO DOS MEIOS AUDIOVISUAIS;SMAV;SMAV;registo;SINDICATO;trabalhadores;LISBOA;LISBOA;Activa;1993-06-30;2023-11-15
1.155.0;SINDICATO DOS METALÚRGICOS DE AVEIRO;METALURGICOSAVEIRO;METALURGICOSAVEIRO;recurso;SINDICATO;trabalhadores;;AVEIRO;Extinta;1975-08-29;1975-08-29
1.174.0;SINDICATO DOS METALÚRGICOS DE BRAGA;METALURGICOSBRAGA;METALURGICOSBRAGA;recurso;SINDICATO;trabalhadores;BRAGA;BRAGA;Extinta;1975-09-01;1975-09-01
1.52.0;SINDICATO DOS METALÚRGICOS DE VISEU;METALURGICOSVISEU;METALURGICOSVISEU;recurso;SINDICATO;trabalhadores;VISEU;VISEU;Extinta;1975-07-24;1978-02-08
1.92.0;SINDICATO DOS METALURGICOS DO DISTRITO DE CASTELO BRANCO;METALURGICOSDCovilha;METALURGICOSDISTRITO;recurso+desambiguada;SINDICATO;trabalhadores;COVILHÃ;CASTELO BRANCO;Extinta;1975-08-13;2000-11-29
1.147.0;SINDICATO DOS METALÚRGICOS DO DISTRITO DE LEIRIA;METALURGICOSDIS11470;METALURGICOSDISTRITO;recurso+desambiguada;SINDICATO;trabalhadores;;LEIRIA;Extinta;1975-08-25;1975-08-25
1.158.0;SINDICATO DOS METALÚRGICOS DO DISTRITO DE PORTALEGRE;METALURGICPortalegre;METALURGICOSDISTRITO;recurso+desambiguada;SINDICATO;trabalhadores;PORTALEGRE;PORTALEGRE;Extinta;1975-08-11;1983-04-30
1.32.0;SINDICATO DOS METALÚRGICOS DO DISTRITO DE SANTARÉM;METALURGMetalurgicos;METALURGICOSDISTRITO;recurso+desambiguada;SINDICATO;trabalhadores;ABRANTES;SANTARÉM;Extinta;1975-07-29;1975-07-29
1.83.0;SINDICATO DOS METALÚRGICOS DO DISTRITO DE SETÚBAL;METALURGICOSBarreiro;METALURGICOSDISTRITO;recurso+desambiguada;SINDICATO;trabalhadores;BARREIRO;SETÚBAL;Extinta;1975-08-06;1975-08-06
1.17.0;SINDICATO DOS METALÚRGICOS DO DISTRITO DE VIANA DO CASTELO;METALURGICOSDISTRITO;METALURGICOSDISTRITO;recurso;SINDICATO;trabalhadores;VIANA DO CASTELO;VIANA DO CASTELO;Activa;1975-07-23;1975-07-23
1.111.0;SINDICATO DOS MOTORISTAS DO DISTRITO DO PORTO;MOTORISTASDISTRITO;MOTORISTASDISTRITO;recurso;SINDICATO;trabalhadores;PORTO;PORTO;Extinta;1975-08-06;1975-08-06
1.46.0;SINDICATO DOS MUSICOS;MUSICOS;MUSICOS;recurso;SINDICATO;trabalhadores;LISBOA;LISBOA;Extinta;1975-07-31;2008-12-29
1.46.1;SINDICATO DOS MUSICOS DOS PROFISSIONAIS DO ESPECTÁCULO E DO AUDIOVISUAL;CENA;CENA;registo;SINDICATO;trabalhadores;LISBOA;LISBOA;Extinta;2011-12-29;2017-06-22
1.275.0;SINDICATO DOS OFICIAIS BARBEIROS, CABELEIREIROS E OFÍCIOS CORRELATIVOS DOS DISTRITOS DE BRAGA E VIANA DO CASTELO;OFICIAISBARBEIROS;OFICIAISBARBEIROS;recurso;SINDICATO;trabalhadores;BRAGA;BRAGA;Extinta;1975-09-29;1992-07-15
1.563.0;SINDICATO DOS OFICIAIS DE JUSTIÇA;SOJ;SOJ;registo;SINDICATO;trabalhadores;LISBOA;LISBOA;Activa;2005-11-29;2026-05-08
1.462.0;SINDICATO DOS OFICIAIS DE OPERAÇÕES AEROPORTUÁRIAS;SINDOPA;SINDOPA;registo;SINDICATO;trabalhadores;LISBOA;LISBOA;Activa;1989-12-15;2000-09-08
1.180.1;SINDICATO DOS OFICIAIS E ENGENHEIROS MAQUINISTAS DA MARINHA MERCANTE (SOEMMM);SOEMMM;SOEMMM;registo;SINDICATO;trabalhadores;LISBOA;LISBOA;Activa;1978-02-15;2018-08-15
1.180.0;SINDICATO DOS OFICIAIS MAQUINISTAS DA MARINHA MERCANTE;SOMMM;SOMMM;registo;SINDICATO;trabalhadores;LISBOA;LISBOA;Activa;1975-08-26;1997-10-15
1.243.0;SINDICATO DOS OPERÁRIOS AGRÍCOLAS DO DISTRITO DE SANTARÉM;OPERARIOSAGRICOLAS;OPERARIOSAGRICOLAS;recurso;SINDICATO;trabalhadores;;SANTARÉM;Extinta;1975-08-11;1993-05-15
1.181.0;SINDICATO DOS OPERÁRIOS CARPINTEIROS, SERRAÇÕES DE MADEIRAS E OFÍCIOS CORRELATIVOS DO DISTRITO DO PORTO;OPERARIOS;OPERARIOS;recurso;SINDICATO;trabalhadores;PORTO;PORTO;Extinta;1975-08-29;1978-05-29
1.114.0;SINDICATO DOS OPERÁRIOS CHAPELEIROS;OPERARIOSCHAPELEIROS;OPERARIOSCHAPELEIROS;recurso;SINDICATO;trabalhadores;OLIVEIRA DE AZEMÉIS;AVEIRO;Extinta;1975-08-12;1975-08-12
1.294.0;SINDICATO DOS OPERÁRIOS CORTICEIROS DO DISTRITO DE FARO;OPERARIOSCORTISilves;OPERARIOSCORTICEIROS;recurso+desambiguada;SINDICATO;trabalhadores;SILVES;BEJA;Extinta;1976-01-03;1981-02-07
1.274.0;SINDICATO DOS OPERÁRIOS CORTICEIROS DO DISTRITO DE PORTALEGRE;OPERARIOOperariosCor;OPERARIOSCORTICEIROS;recurso+desambiguada;SINDICATO;trabalhadores;;PORTALEGRE;Extinta;1975-09-16;2025-07-15
1.171.0;SINDICATO DOS OPERÁRIOS CORTICEIROS DO NORTE;OPERARIOSCORTICEIROS;OPERARIOSCORTICEIROS;recurso;SINDICATO;trabalhadores;SANTA MARIA DA FEIRA;AVEIRO;Activa;1975-08-20;2025-09-29
1.148.0;SINDICATO DOS OPERÁRIOS DA CONSTRUÇÃO CIVIL DO DISTRITO DE BRAGANÇA;OPERARIOSCONBraganca;OPERARIOSCONSTRUCAO;recurso+desambiguada;SINDICATO;trabalhadores;BRAGANÇA;BRAGANÇA;Extinta;1975-08-26;1979-05-08
1.253.0;SINDICATO DOS OPERÁRIOS DA CONSTRUÇÃO CIVIL E OFÍCIOS CORRELATIVOS DE CHAVES;OPERARIOSCONSTChaves;OPERARIOSCONSTRUCAO;recurso+desambiguada;SINDICATO;trabalhadores;CHAVES;VILA REAL;Extinta;1975-09-10;1982-08-14
1.51.0;SINDICATO DOS OPERÁRIOS DA CONSTRUÇÃO CIVIL E OFÍCIOS CORRELATIVOS DO DISTRITO DE COIMBRA;OPERARIOSCONSTRUCAO;OPERARIOSCONSTRUCAO;recurso;SINDICATO;trabalhadores;COIMBRA;COIMBRA;Extinta;1975-10-28;1978-05-22
1.64.0;SINDICATO DOS OPERÁRIOS DA CONSTRUÇÃO CIVIL E OFÍCIOS CORRELATIVOS DO DISTRITO DE VILA REAL;OPERARIOSCOOperarios;OPERARIOSCONSTRUCAO;recurso+desambiguada;SINDICATO;trabalhadores;VILA REAL;VILA REAL;Extinta;1975-07-26;1982-08-14
1.67.0;SINDICATO DOS OPERÁRIOS DA CONSTRUÇÃO CIVIL, MARCENARIA E CANTARIA DO DISTRITO DE SANTARÉM;OPERARIOSCONSantarem;OPERARIOSCONSTRUCAO;recurso+desambiguada;SINDICATO;trabalhadores;SANTARÉM;SANTARÉM;Extinta;1975-08-08;1977-08-15
1.264.0;SINDICATO DOS OPERÁRIOS DA CONSTRUÇÃO CIVIL, MARMORISTAS E MONTANTES DO DISTRITO DE AVEIRO;OPERARIOSCONSTLisboa;OPERARIOSCONSTRUCAO;recurso+desambiguada;SINDICATO;trabalhadores;LISBOA;LISBOA;Extinta;1975-09-17;1977-11-29
1.149.0;SINDICATO DOS OPERÁRIOS DA CONSTRUÇÃO CIVIL, MARMORISTAS E MONTANTES DO DISTRITO DE VIANA DO CASTELO;OPERARIOOperariosCon;OPERARIOSCONSTRUCAO;recurso+desambiguada;SINDICATO;trabalhadores;VIANA DO CASTELO;VIANA DO CASTELO;Extinta;1975-08-26;1988-09-15
1.230.0;SINDICATO DOS OPERÁRIOS DA INDÚSTRIA DE CALÇADO, MALAS E AFINS DOS DISTRITOS DE AVEIRO E COIMBRA;OPERARIOSaojoaodamad;OPERARIOSINDUSTRIA;recurso+desambiguada;SINDICATO;trabalhadores;SÃO JOÃO DA MADEIRA;AVEIRO;Activa;1975-09-17;2010-07-08
1.268.0;SINDICATO DOS OPERÁRIOS DA INDÚSTRIA DE CURTUMES DO DISTRITO DE BRAGA;OPERARIOSINGuimaraes;OPERARIOSINDUSTRIA;recurso+desambiguada;SINDICATO;trabalhadores;GUIMARÃES;BRAGA;Extinta;1975-09-16;2026-02-08
1.33.0;SINDICATO DOS OPERÁRIOS DA INDÚSTRIA DE CURTUMES DO DISTRITO DO PORTO;OPERARIOSINDUSTRIA;OPERARIOSINDUSTRIA;recurso;SINDICATO;trabalhadores;PORTO;PORTO;Extinta;1975-07-29;2000-05-15
1.33.1;SINDICATO DOS OPERÁRIOS DA INDÚSTRIAIS DE CURTUMES;OPERARIOSINDUSTRIAIS;OPERARIOSINDUSTRIAIS;recurso;SINDICATO;trabalhadores;PORTO;PORTO;Extinta;1994-06-15;2018-03-29
1.42.0;SINDICATO DOS OPERÁRIOS DA INDÚSTRIAIS DE MÁRMORES, CANTARIAS E OFÍCIOS CORRELATIVOS DO DISTRITO DE LISBOA;OPERARIOSINOperarios;OPERARIOSINDUSTRIAIS;recurso+desambiguada;SINDICATO;trabalhadores;SINTRA;LISBOA;Extinta;1975-08-01;1976-08-30
1.289.0;SINDICATO DOS OPERÁRIOS DAS INDÚSTRIA DE MADEIRAS DOS DISTRITOS DO PORTO E AVEIRO;OPERARIOSINDGondomar;OPERARIOSINDUSTRIA;recurso+desambiguada;SINDICATO;trabalhadores;GONDOMAR;PORTO;Extinta;1976-02-20;1976-02-20
1.322.0;SINDICATO DOS OPERÁRIOS DAS INDÚSTRIAIS DE MADEIRA DO DISTRITO DE LEIRIA;OPERARIOSINDUSLeiria;OPERARIOSINDUSTRIAIS;recurso+desambiguada;SINDICATO;trabalhadores;LEIRIA;LEIRIA;Extinta;1976-11-20;2017-04-15
1.106.0;SINDICATO DOS OPERÁRIOS DAS INDÚSTRIAIS DE MADEIRAS DO DISTRITO DE VIANA DO CASTELO;OPERARIOVianadocaste;OPERARIOSINDUSTRIAIS;recurso+desambiguada;SINDICATO;trabalhadores;VIANA DO CASTELO;VIANA DO CASTELO;Extinta;1975-08-19;1988-09-15
1.116.0;SINDICATO DOS OPERÁRIOS ESTUCADORES, TROLHAS E PINTORES DO DISTRITO DO PORTO;OPERARIOSESTUCADORES;OPERARIOSESTUCADORES;recurso;SINDICATO;trabalhadores;PORTO;PORTO;Extinta;1975-08-12;1978-05-29
1.205.0;SINDICATO DOS OPERÁRIOS PEDREIROS, MARMORISTAS, MONTANTES E OFÍCIOS CORRELATIVOS DO DISTRITO DO PORTO;OPERARIOSPEDREIROS;OPERARIOSPEDREIROS;recurso;SINDICATO;trabalhadores;PORTO;PORTO;Extinta;1975-09-26;1978-05-29
1.251.0;SINDICATO DOS PESCADORES DA PÓVOA DO VARZIM;PESCADORESPOVOA;PESCADORESPOVOA;recurso;SINDICATO;trabalhadores;PÓVOA DE VARZIM;VIANA DO CASTELO;Extinta;1975-09-04;2011-10-29
1.277.1;SINDICATO DOS PESCADORES DE AVEIRO;SINPESCAVEIRO;SINPESCAVEIRO;registo;SINDICATO;trabalhadores;AVEIRO;AVEIRO;Activa;1983-01-15;1983-09-30
1.249.0;SINDICATO DOS PESCADORES DE MATOSINHOS;PESCADORESMATOSINHOS;PESCADORESMATOSINHOS;recurso;SINDICATO;trabalhadores;MATOSINHOS;PORTO;Extinta;1975-09-02;1995-03-15
1.258.1;SINDICATO DOS PESCADORES DE VILA DO CONDE;PESCADORESVILACONDE;PESCADORESVILACONDE;recurso;SINDICATO;trabalhadores;VILA DO CONDE;PORTO;Extinta;1979-12-08;1995-03-15
1.277.0;SINDICATO DOS PESCADORES DO DISTRITO DE AVEIRO;PESCADORESDISTAveiro;PESCADORESDISTRITO;recurso+desambiguada;SINDICATO;trabalhadores;AVEIRO;AVEIRO;Activa;1975-09-16;1976-09-04
1.244.0;SINDICATO DOS PESCADORES DO DISTRITO DE COIMBRA;PESCADORFigueiradafo;PESCADORESDISTRITO;recurso+desambiguada;SINDICATO;trabalhadores;FIGUEIRA DA FOZ;COIMBRA;Extinta;1975-08-13;2012-05-29
1.302.0;SINDICATO DOS PESCADORES DO DISTRITO DE FARO;PESCADORESDIPortimao;PESCADORESDISTRITO;recurso+desambiguada;SINDICATO;trabalhadores;PORTIMÃO;FARO;Extinta;1976-01-27;1980-05-29
1.50.0;SINDICATO DOS PESCADORES DO DISTRITO DE LEIRIA;PESCADORESPescadores;PESCADORESDISTRITO;recurso+desambiguada;SINDICATO;trabalhadores;PENICHE;LEIRIA;Extinta;1975-08-05;1981-12-15
1.1.0;SINDICATO DOS PESCADORES DO DISTRITO DE SETUBAL;PESCADORESDISTRITO;PESCADORESDISTRITO;recurso;SINDICATO;trabalhadores;SETÚBAL;SETÚBAL;Extinta;1975-09-26;1975-09-26
1.320.0;SINDICATO DOS PILOTOS DA AVIAÇÃO CIVIL;SPAC;SPAC;registo;SINDICATO;trabalhadores;LISBOA;LISBOA;Activa;1977-01-05;2024-07-29
1.68.0;SINDICATO DOS PINTORES DA CONSTRUÇÃO E REPARAÇÃO NAVAL;PINTORESCONSTRUCAO;PINTORESCONSTRUCAO;recurso;SINDICATO;trabalhadores;LISBOA;LISBOA;Extinta;1975-08-08;1976-06-30
1.636.0;SINDICATO DOS POLICIAS DE BRAGA;SPBRAGA;SPBRAGA;registo;SINDICATO;trabalhadores;BRAGA;BRAGA;Extinta;2018-01-22;2026-05-29
1.650.0;SINDICATO DOS POLICIAS DE VISEU;SINPOLVIS;SINPOLVIS;registo;SINDICATO;trabalhadores;VOUZELA;;Activa;2019-03-23;2019-05-22
1.624.0;SINDICATO DOS POLICIAS DO PORTO;SINDIPOLPORTO;SINDIPOLPORTO;registo;SINDICATO;trabalhadores;GONDOMAR;PORTO;Extinta;2016-10-06;2022-03-08
1.540.2;SINDICATO DOS POLÍCIAS PORTUGUESES (SPP/PSP);SPPPSP;SPPPSP;registo;SINDICATO;trabalhadores;LISBOA;LISBOA;Activa;;
1.540.1;SINDICATO DOS POLÍCIAS PORTUGUESES DA POLÍCIA DE SEGURANÇA PÚBLICA;SPPPSP;SPPPSP;registo;SINDICATO;trabalhadores;LISBOA;LISBOA;Activa;2026-01-22;2026-01-22
1.256.0;SINDICATO DOS PORTEIROS E PORTEIRAS DOS PRÉDIOS URBANOS;SPPPU;SPPPU;registo;SINDICATO;trabalhadores;LISBOA;LISBOA;Extinta;1976-02-12;2011-11-22
1.299.0;SINDICATO DOS PROFESSORES DA GRANDE LISBOA;SPGL;SPGL;registo;SINDICATO;trabalhadores;LISBOA;LISBOA;Activa;1976-02-21;2023-07-15
1.405.0;SINDICATO DOS PROFESSORES DA REGIÃO CENTRO;PROFESSORESREGIAO;PROFESSORESREGIAO;recurso;SINDICATO;trabalhadores;COIMBRA;COIMBRA;Activa;1982-07-15;1982-07-15
1.405.1;SINDICATO DOS PROFESSORES DA REGIÃO CENTRO;SPRC;SPRC;registo;SINDICATO;trabalhadores;;COIMBRA;Activa;1986-08-30;2026-07-08
1.318.0;SINDICATO DOS PROFESSORES DA ZONA CENTRO;SPZCENTRO;SPZCENTRO;registo;SINDICATO;trabalhadores;;COIMBRA;Activa;1976-10-26;2023-02-28
1.250.0;SINDICATO DOS PROFESSORES DA ZONA NORTE;SPZN;SPZN;registo;SINDICATO;trabalhadores;PORTO;PORTO;Activa;1975-09-02;2026-06-08
1.304.0;SINDICATO DOS PROFESSORES DA ZONA SUL;SPZS;SPZS;registo;SINDICATO;trabalhadores;ÉVORA;ÉVORA;Activa;1976-04-23;2024-06-29
1.443.0;SINDICATO DOS PROFESSORES DO 1º. CICLO DO ENSINO BÁSICO;SIPPEB;SIPPEB;registo;SINDICATO;trabalhadores;LISBOA;LISBOA;Activa;1988-06-30;2001-07-08
1.549.0;SINDICATO DOS PROFESSORES DO ENSINO SUPERIOR;SPES;SPES;registo;SINDICATO;trabalhadores;LISBOA;LISBOA;Activa;2003-06-29;2016-05-08
1.411.0;SINDICATO DOS PROFESSORES DO NORTE (SPN);SPN;SPN;registo;SINDICATO;trabalhadores;PORTO;PORTO;Activa;1983-01-15;2026-07-22
1.443.1;SINDICATO DOS PROFESSORES DO PRÉ-ESCOLAR E ENSINO BÁSICO;SIPPEB;SIPPEB;registo;SINDICATO;trabalhadores;LISBOA;LISBOA;Activa;2001-11-23;2010-01-08
1.371.0;SINDICATO DOS PROFESSORES NA EUROPA;SPE;SPE;registo;SINDICATO;trabalhadores;LISBOA;LISBOA;Activa;1980-10-15;1980-10-15
1.371.1;SINDICATO DOS PROFESSORES NO ESTRANGEIRO;SPE;SPE;registo;SINDICATO;trabalhadores;LISBOA;LISBOA;Activa;1992-05-15;2024-03-22
1.431.0;SINDICATO DOS PROFESSORES PORTUGUESES NAS COMUNIDADES LUSÍADAS;SPCL;SPCL;registo;SINDICATO;trabalhadores;PORTO;PORTO;Activa;1986-04-30;2021-02-22
1.483.1;SINDICATO DOS PROFISSIONAIS ADMINISTRATIVOS DA SAÚDE (SPAS);SPAS;SPAS;registo;SINDICATO;trabalhadores;VILA NOVA DE GAIA;PORTO;Activa;2022-05-15;2026-05-08
1.571.0;SINDICATO DOS PROFISSIONAIS DA EDUCAÇÃO;SPED;SPED;registo;SINDICATO;trabalhadores;ENTRONCAMENTO;SANTARÉM;Activa;2006-06-10;2006-08-29
1.303.0;SINDICATO DOS PROFISSIONAIS DA INDÚSTRIA DE LACTICÍNIOS DO SUL;INDUSTRIALACTICINIOS;INDUSTRIALACTICINIOS;recurso;SINDICATO;trabalhadores;LISBOA;LISBOA;Extinta;1976-06-08;1984-06-30
1.269.1;SINDICATO DOS PROFISSIONAIS DE BANCA DOS CASINOS;SPBC;SPBC;registo;SINDICATO;trabalhadores;LISBOA;LISBOA;Activa;1983-11-30;2011-08-08
1.233.0;SINDICATO DOS PROFISSIONAIS DE ENFERMAGEM DA ZONA CENTRO;ENFERMAGEMZONACENTRO;ENFERMAGEMZONACENTRO;recurso;SINDICATO;trabalhadores;COIMBRA;COIMBRA;Activa;1975-09-20;1975-09-20
1.278.0;SINDICATO DOS PROFISSIONAIS DE ESCRITÓRIO E COMÉRCIO DA GUARDA;ESCRITORIOCOMER12780;ESCRITORIOCOMERCIO;recurso+desambiguada;SINDICATO;trabalhadores;;GUARDA;Extinta;1975-11-14;1998-07-30
1.229.0;SINDICATO DOS PROFISSIONAIS DE FARMÁCIA DO NORTE;FARMACIANORTE;FARMACIANORTE;recurso;SINDICATO;trabalhadores;;PORTO;Activa;1975-09-06;1975-09-06
1.2.0;SINDICATO DOS PROFISSIONAIS DE INFORMAÇÃO TURÍSTICA, INTERPRETES, TRADUTORES E PROFISSOÕES SIMILARES;INFORMACAOTURISTICA;INFORMACAOTURISTICA;recurso;SINDICATO;trabalhadores;LISBOA;LISBOA;Activa;1975-08-07;1980-05-22
1.138.0;SINDICATO DOS PROFISSIONAIS DE LACTICÍNIOS;LACTICINIOS;LACTICINIOS;recurso;SINDICATO;trabalhadores;OLIVEIRA DE AZEMÉIS;AVEIRO;Activa;1975-10-28;2001-02-22
1.138.1;SINDICATO DOS PROFISSIONAIS DE LACTICINIOS, ALIMENTAÇÃO, AGRICULTURA, ESCRITORIOS, COMERCIO, SERVIÇOS, TRANSPORTES RODOVIARIOS,METALOMECANICA, METALURGIA, CONSTRUÇAO CIVIL E MADEIRAS;LACTICINIOS;LACTICINIOS;recurso;SINDICATO;trabalhadores;OLIVEIRA DE AZEMÉIS;AVEIRO;Activa;2001-05-22;2022-01-08
1.410.1;SINDICATO DOS PROFISSIONAIS DE MÁQUINAS DA MARINHA MERCANTE DE PORTUGAL;MAQUINASMARINHA;MAQUINASMARINHA;recurso;SINDICATO;trabalhadores;LISBOA;LISBOA;Extinta;1987-03-15;1995-05-30
1.223.0;SINDICATO DOS PROFISSIONAIS DE OURIVESARIA, RELOJOARIA E OFÍCIOS CORRELATIVOS DO NORTE;OURIVESARIA;OURIVESARIA;recurso;SINDICATO;trabalhadores;PORTO;PORTO;Extinta;1975-09-26;1981-03-21
1.540.0;SINDICATO DOS PROFISSIONAIS DE POLÍCIA DA POLÍCIA DE SEGURANÇA PÚBLICA;SPPPSP;SPPPSP;registo;SINDICATO;trabalhadores;LISBOA;LISBOA;Activa;2002-08-08;2024-03-29
1.454.0;SINDICATO DOS PROFISSIONAIS DE SEGUROS DE PORTUGAL;SISEP;SISEP;registo;SINDICATO;trabalhadores;LISBOA;LISBOA;Extinta;1989-04-30;2025-03-15
1.204.1;SINDICATO DOS PROFISSIONAIS DE TRANSPORTES, EMPREGADOS EM GARAGENS, ESTAÇÕES DE SERVIÇO, STANDS DE AUTOMÓVEIS E OFÍCIOS CORRELATIVOS DO DISTRITO DE AVEIRO;TRANSPORTransportesE;TRANSPORTES;recurso+desambiguada;SINDICATO;trabalhadores;OLIVEIRA DE AZEMÉIS;AVEIRO;Extinta;1976-09-28;1981-02-07
1.123.0;SINDICATO DOS PROFISSIONAIS DO COMÉRCIO E SERVIÇOS DO DISTRITO DE ÉVORA;COMERCIOSERVICOS;COMERCIOSERVICOS;recurso;SINDICATO;trabalhadores;ÉVORA;ÉVORA;Extinta;1975-08-23;1977-11-08
1.263.1;SINDICATO DOS PROFISSIONAIS DO PENTEADO, ARTE E BELEZA;SINDPAB;SINDPAB;registo;SINDICATO;trabalhadores;;LISBOA;Extinta;1991-07-30;2014-01-15
1.204.0;SINDICATO DOS PROFISSIONAIS DOS TRANSPORTES RODOVIÁRIOS, EMPREGADOS EM GARAGENS, ESTAÇÕES DE SERVIÇO, STAND DE AUTOMÓVEIS E OFÍCIOS CORRELATIVOS DO DISTRITO DE AVEIRO;TRANSPORTransportesE;TRANSPORTES;recurso+desambiguada;SINDICATO;trabalhadores;OLIVEIRA DE AZEMÉIS;AVEIRO;Extinta;1975-09-18;1975-09-18
1.341.1;SINDICATO DOS QUADROS DA AVIAÇÃO COMERCIAL;SQAC;SQAC;registo;SINDICATO;trabalhadores;LISBOA;LISBOA;Activa;1990-09-30;2025-11-15
1.341.0;SINDICATO DOS QUADROS DA AVIAÇÃO COMERCIAL NACIONAL E ESTRANGEIRA;SQAC;SQAC;registo;SINDICATO;trabalhadores;LISBOA;LISBOA;Activa;1978-03-22;1978-03-22
1.143.1;SINDICATO DOS QUADROS E TÉCNICOS DE DESENHO;SQTD;SQTD;registo;SINDICATO;trabalhadores;LISBOA;LISBOA;Activa;1988-02-29;2010-02-08
1.143.2;SINDICATO DOS QUADROS E TÉCNICOS DE DESENHO;SQTD;SQTD;registo;SINDICATO;trabalhadores;LOURES;LISBOA;Activa;2013-09-26;2023-03-08
1.384.1;SINDICATO DOS QUADROS E TÉCNICOS DOS TRANSPORTES;SIQTER;SIQTER;registo;SINDICATO;trabalhadores;LISBOA;LISBOA;Extinta;1986-12-30;2001-01-08
1.384.0;SINDICATO DOS QUADROS E TÉCNICOS DOS TRANSPORTES RODOVIÁRIOS;QUADROSTECNICOLisboa;QUADROSTECNICOS;recurso+desambiguada;SINDICATO;trabalhadores;LISBOA;LISBOA;Extinta;1981-05-15;1981-05-15
1.348.0;SINDICATO DOS QUADROS TÉCNICOS DA INDÚSTRIA TÊXTIL DE LANIFÍCIOS;QUADROSTECNICQuadros;QUADROSTECNICOS;recurso+desambiguada;SINDICATO;trabalhadores;COVILHÃ;CASTELO BRANCO;Extinta;1978-08-15;2013-01-15
1.331.0;SINDICATO DOS QUADROS TÉCNICOS DO ESTADO;STE;STE;registo;SINDICATO;trabalhadores;LISBOA;LISBOA;Activa;1977-06-15;2010-01-08
1.331.1;SINDICATO DOS QUADROS TÉCNICOS DO ESTADO E DE ENTIDADES COM FINS PÚBLICOS;STE;STE;registo;SINDICATO;trabalhadores;LISBOA;LISBOA;Activa;2010-04-08;2026-01-22
1.93.0;SINDICATO DOS TANOEIROS DE PORTUGAL;TANOEIROS;TANOEIROS;recurso;SINDICATO;trabalhadores;VILA NOVA DE GAIA;PORTO;Extinta;1975-08-13;1982-09-30
1.192.0;SINDICATO DOS TAPETEIROS, CORDOEIROS E REDEIROS DO CENTRO DO PAÍS;TAPETEIROSCORDOEIROS;TAPETEIROSCORDOEIROS;recurso;SINDICATO;trabalhadores;OVAR;AVEIRO;Extinta;1975-08-30;1982-06-15
1.481.0;SINDICATO DOS TÉCNICOS ADMINISTRATIVOS E AUXILIARES DE EDUCAÇÃO DA ZONA CENTRO;STAAEZC;STAAEZC;registo;SINDICATO;trabalhadores;COIMBRA;COIMBRA;Activa;1992-06-30;2006-02-22
1.654.0;SINDICATO DOS TECNICOS DA DIREÇAO-GERAL DE REINSERÇAO E SERVIÇOS PRISIONAIS- SINDGRS;SINDGRS;SINDGRS;registo;SINDICATO;trabalhadores;PORTO;PORTO;Activa;2019-05-18;2023-11-29
1.595.0;SINDICATO DOS TÉCNICOS DE ACTIVIDADES DE ENRIQUECIMENTO CURRICULAR;STAEC;STAEC;registo;SINDICATO;trabalhadores;LISBOA;LISBOA;Activa;2010-07-15;2011-04-22
1.576.0;SINDICATO DOS TÉCNICOS DE AMBULÂNCIA DE EMERGÊNCIA;STAE;STAE;registo;SINDICATO;trabalhadores;VILA DO CONDE;AVEIRO;Activa;2007-09-08;2013-12-08
1.576.1;SINDICATO DOS TÉCNICOS DE AMBULÂNCIA DE EMERGÊNCIA, E TECNICOS OPERADORES DE TELECOMUNICAÇOES;STAETOTE;STAETOTE;registo;SINDICATO;trabalhadores;VILA DO CONDE;AVEIRO;Activa;2014-06-24;2015-01-08
1.143.0;SINDICATO DOS TÉCNICOS DE DESENHO;STQD;STQD;registo;SINDICATO;trabalhadores;LOURES;LISBOA;Activa;1975-08-23;2000-04-15
1.576.2;SINDICATO DOS TÉCNICOS DE EMERGÊNCIA,PRE-HOSPITALAR - STEPH;STEPH;STEPH;registo;SINDICATO;trabalhadores;VILA DO CONDE;PORTO;Activa;2016-11-22;2017-06-29
1.517.0;SINDICATO DOS TÉCNICOS DE HANDLING DE AEROPORTOS;STHA;STHA;registo;SINDICATO;trabalhadores;LISBOA;LISBOA;Activa;1998-07-30;2019-04-08
1.441.0;SINDICATO DOS TÉCNICOS DE INFORMAÇÃO E COMUNICAÇÕES AERONÁUTICAS (SINTICA);SINTICA;SINTICA;registo;SINDICATO;trabalhadores;LISBOA;LISBOA;Activa;1987-05-30;2025-01-22
1.340.0;SINDICATO DOS TÉCNICOS DE MANUTENÇÃO DE AERONAVES;SITEMA;SITEMA;registo;SINDICATO;trabalhadores;LOURES;LISBOA;Activa;1978-04-15;2026-07-15
1.689.0;SINDICATO DOS TÉCNICOS DE MIGRAÇÃO (STM);STM;STM;registo;SINDICATO;trabalhadores;LISBOA;LISBOA;Activa;2024-10-22;2024-10-22
1.526.0;SINDICATO DOS TECNICOS DE NAVEGAÇAO AEREA;SITNA;SITNA;registo;SINDICATO;trabalhadores;LISBOA;LISBOA;Activa;2000-02-03;2024-10-22
1.464.0;SINDICATO DOS TÉCNICOS DE OBSERVAÇÃO E REDE METEOROLÓGICA;STORMETEO;STORMETEO;registo;SINDICATO;trabalhadores;LISBOA;LISBOA;Extinta;1990-02-28;2011-07-29
1.160.0;SINDICATO DOS TÉCNICOS DE PRÓTESE DENTÁRIA;TECNICOSPROTESE;TECNICOSPROTESE;recurso;SINDICATO;trabalhadores;LISBOA;LISBOA;Extinta;1975-09-04;1984-10-30
1.160.1;SINDICATO DOS TÉCNICOS DE PRÓTESE DENTÁRIA;TECNICOSPROTESE;TECNICOSPROTESE;recurso;SINDICATO;trabalhadores;LISBOA;LISBOA;Extinta;2011-08-08;2011-08-08
1.422.0;SINDICATO DOS TÉCNICOS DE SEGURANÇA AÉREA;SITECSA;SITECSA;registo;SINDICATO;trabalhadores;LOURES;LISBOA;Activa;1985-01-15;2026-08-15
1.118.1;SINDICATO DOS TÉCNICOS DE SERVIÇO SOCIAL;TECNICOSSERVICO;TECNICOSSERVICO;recurso;SINDICATO;trabalhadores;LISBOA;LISBOA;Extinta;1980-07-15;2003-02-15
1.286.0;SINDICATO DOS TÉCNICOS DE TOPOGRAFIA;TECNICOSTOPOGRAFIA;TECNICOSTOPOGRAFIA;recurso;SINDICATO;trabalhadores;LISBOA;LISBOA;Activa;1975-10-01;1975-10-01
1.84.1;SINDICATO DOS TÉCNICOS DE VENDAS;TECNICOSVENDAS;TECNICOSVENDAS;recurso;SINDICATO;trabalhadores;PORTO;PORTO;Extinta;1983-05-30;1987-09-15
1.84.2;SINDICATO DOS TÉCNICOS DE VENDAS DO NORTE E CENTRO;TECNICOSVENDASNORTE;TECNICOSVENDASNORTE;recurso;SINDICATO;trabalhadores;PORTO;PORTO;Extinta;2003-05-29;2012-03-29
1.548.0;SINDICATO DOS TÉCNICOS DE VENDAS DO SUL E ILHAS;TECNICOSVENDASSUL;TECNICOSVENDASSUL;recurso;SINDICATO;trabalhadores;LISBOA;LISBOA;Activa;2003-05-29;2003-05-29
1.548.1;SINDICATO DOS TÉCNICOS DE VENDAS DO SUL E ILHAS;STVSIH;STVSIH;registo;SINDICATO;trabalhadores;LISBOA;LISBOA;Activa;2003-09-08;2016-01-08
1.337.0;SINDICATO DOS TÉCNICOS DE VOO DA AVIAÇÃO CIVIL;TECNICOSVOOAVIACAO;TECNICOSVOOAVIACAO;recurso;SINDICATO;trabalhadores;LISBOA;LISBOA;Extinta;1977-12-08;2026-03-08
1.273.1;SINDICATO DOS TÉCNICOS PARAMÉDICOS;TECNICOSPARAMEDICOS;TECNICOSPARAMEDICOS;recurso;SINDICATO;trabalhadores;PORTO;PORTO;Activa;1988-01-30;1998-07-30
1.273.0;SINDICATO DOS TECNICOS PARAMÉDICOS DO NORTE/CENTRO;TECNICOSPARAMEDICOS;TECNICOSPARAMEDICOS;recurso;SINDICATO;trabalhadores;PORTO;PORTO;Activa;1976-02-24;1976-02-24
1.465.0;SINDICATO DOS TÉCNICOS PORTUGUESES DAS INSTALAÇÕES E EQUIPAMENTOS DA SAÚDE E MANUTENÇÃO HOSPITALAR;TECNICOSINSTALACOES;TECNICOSINSTALACOES;recurso;SINDICATO;trabalhadores;PORTO;PORTO;Extinta;1990-04-16;2011-11-15
1.368.2;SINDICATO DOS TÉCNICOS SUPERIORES DE DIAGNÓSTICO E TERAPÊUTICA;SINDITE;SINDITE;registo;SINDICATO;trabalhadores;PORTO;PORTO;Activa;2003-06-28;2025-12-08
1.455.1;SINDICATO DOS TÉCNICOS SUPERIORES, ADMINISTRATIVOS E AUXILIARES DE EDUCAÇÃO DA ZONA NORTE (STAAE-ZN);STAAEZN;STAAEZN;registo;SINDICATO;trabalhadores;PORTO;PORTO;Activa;2006-10-01;2024-10-15
1.481.1;SINDICATO DOS TÉCNICOS SUPERIORES, ASSISTENTES E AUXILIARES DE EDUCAÇÃO DA ZONA CENTRO;STAAEZC;STAAEZC;registo;SINDICATO;trabalhadores;COIMBRA;COIMBRA;Activa;2010-12-10;2025-03-29
1.455.0;SINDICATO DOS TÉCNICOS, ADMINISTRATIVOS E AUXILIARES DE EDUCAÇÃO DA ZONA NORTE;STAAEZN;STAAEZN;registo;SINDICATO;trabalhadores;PORTO;PORTO;Activa;1989-04-30;2003-01-08
1.476.0;SINDICATO DOS TÉCNICOS, ADMINISTRATIVOS E AUXILIARES DE EDUCAÇÃO DO SUL E REGIÕES AUTÓNOMAS;STAAESULER;STAAESULER;registo;SINDICATO;trabalhadores;LISBOA;LISBOA;Activa;1991-08-30;2021-11-29
1.248.1;SINDICATO DOS TELEFONISTAS E OFÍCIOS CORRELATIVOS DO DISTRITO DE LISBOA;TELEFONITelefonistas;TELEFONISTASOFICIOS;recurso+desambiguada;SINDICATO;trabalhadores;LISBOA;LISBOA;Activa;1978-07-29;1978-07-29
1.210.0;SINDICATO DOS TELEFONISTAS E OFICIOS CORRELATIVOS DO NORTE;TELEFONISTASOFICIOS;TELEFONISTASOFICIOS;recurso;SINDICATO;trabalhadores;PORTO;PORTO;Extinta;1975-09-02;1997-02-15
1.208.2;SINDICATO DOS TRABALHA DO COMÉRCIO, ESCRITÓRIOS E SERVIÇOS DO NORTE;CESNORTE;CESNORTE;registo;SINDICATO;trabalhadores;PORTO;PORTO;Extinta;1995-08-15;2004-08-08
1.194.2;SINDICATO DOS TRABALHADOR DA CONSTRUÇÃO, MÁRMORES E MADEIRAS E MATERIAIS DE CONSTRUÇÃO DO SUL;TRABALHADOR;TRABALHADOR;recurso;SINDICATO;trabalhadores;LISBOA;LISBOA;Extinta;1997-06-26;2000-12-29
1.35.0;SINDICATO DOS TRABALHADOR DA INDÚSTRIA AÇUCAREIRA;TRABALHADORINDUSTRIA;TRABALHADORINDUSTRIA;recurso;SINDICATO;trabalhadores;LISBOA;LISBOA;Extinta;1975-07-29;1981-03-21
1.334.0;SINDICATO DOS TRABALHADORES ADMINISTRATIVOS DA ACTIVIDADE PORTUÁRIA;SAP;SAP;registo;SINDICATO;trabalhadores;MATOSINHOS;PORTO;Extinta;1977-08-22;2004-11-29
1.334.1;SINDICATO DOS TRABALHADORES ADMINISTRATIVOS E MARÍTIMOS - PORTUÁRIOS;SAMP;SAMP;registo;SINDICATO;trabalhadores;MATOSINHOS;PORTO;Extinta;2006-01-29;2012-11-22
1.28.1;SINDICATO DOS TRABALHADORES ADUANEIROS EM DESPACHANTES E EMPRESAS;ADUANEIROS;ADUANEIROS;recurso;SINDICATO;trabalhadores;LISBOA;LISBOA;Activa;1979-01-28;2022-01-29
1.288.0;SINDICATO DOS TRABALHADORES AGRÍCOLAS DO DISTRITO DE BEJA;AGRICOLASDISTRITO;AGRICOLASDISTRITO;recurso;SINDICATO;trabalhadores;BEJA;BEJA;Extinta;1975-08-19;1975-08-19
1.305.0;SINDICATO DOS TRABALHADORES AGRÍCOLAS DO DISTRITO DE BRAGA;AGRICOLASDISBarcelos;AGRICOLASDISTRITO;recurso+desambiguada;SINDICATO;trabalhadores;BARCELOS;BRAGA;Extinta;1976-06-28;1976-06-28
1.349.0;SINDICATO DOS TRABALHADORES AGRÍCOLAS DO DISTRITO DE BRAGANÇA;AGRICOLASDIMirandela;AGRICOLASDISTRITO;recurso+desambiguada;SINDICATO;trabalhadores;MIRANDELA;BRAGANÇA;Extinta;1978-09-15;2010-12-22
1.335.0;SINDICATO DOS TRABALHADORES AGRICOLAS DO DISTRITO DE CASTELO BRANCO;AGRICOLASDISTCovilha;AGRICOLASDISTRITO;recurso+desambiguada;SINDICATO;trabalhadores;COVILHÃ;CASTELO BRANCO;Extinta;1977-09-15;2018-11-20
1.292.0;SINDICATO DOS TRABALHADORES AGRÍCOLAS DO DISTRITO DE FARO;AGRICOLASDIAgricolas;AGRICOLASDISTRITO;recurso+desambiguada;SINDICATO;trabalhadores;FARO;FARO;Extinta;1975-12-02;2011-07-22
1.316.0;SINDICATO DOS TRABALHADORES AGRÍCOLAS DO DISTRITO DE VILA REAL;AGRICOLASPesodaregua;AGRICOLASDISTRITO;recurso+desambiguada;SINDICATO;trabalhadores;PESO DA RÉGUA;VILA REAL;Extinta;1976-10-08;1993-11-15
1.315.0;SINDICATO DOS TRABALHADORES AGRÍCOLAS DO DISTRITO DE VISEU;AGRICOLASDISTRIViseu;AGRICOLASDISTRITO;recurso+desambiguada;SINDICATO;trabalhadores;VISEU;VISEU;Extinta;1976-10-08;1993-11-15
1.293.0;SINDICATO DOS TRABALHADORES AGRÍCOLAS DO DISTRITO DO PORTO;AGRICOLASDISPenafiel;AGRICOLASDISTRITO;recurso+desambiguada;SINDICATO;trabalhadores;PENAFIEL;PORTO;Extinta;1975-12-19;2015-05-22
1.305.1;SINDICATO DOS TRABALHADORES AGRÍCOLAS DO MINHO;AGRICOLASMINHO;AGRICOLASMINHO;recurso;SINDICATO;trabalhadores;BARCELOS;BRAGA;Extinta;1983-09-30;2011-12-29
1.246.0;SINDICATO DOS TRABALHADORES AGRÍCOLAS, PECUÁRIA E SILVICULTURA;AGRICOLASPECUARIA;AGRICOLASPECUARIA;recurso;SINDICATO;trabalhadores;ALCÁCER DO SAL;SETÚBAL;Extinta;1975-08-20;1993-11-15
1.263.0;SINDICATO DOS TRABALHADORES BARBEIROS, CABELEIREIROS E OFICIOS CORRELATIVOS DO CENTRO E SUL;BARBEIROSBarbeiros;BARBEIROS;recurso+desambiguada;SINDICATO;trabalhadores;;LISBOA;Extinta;1975-09-17;1975-09-17
1.190.0;SINDICATO DOS TRABALHADORES BARBEIROS, CABELEIREIROS E OFÍCIOS CORRELATIVOS DOS DISTRITOS DO PORTO, AVEIRO, BRAGANÇA, GUARDA E VIAL REAL;BARBEIROS;BARBEIROS;recurso;SINDICATO;trabalhadores;PORTO;PORTO;Extinta;1975-08-09;1986-03-30
1.460.1;SINDICATO DOS TRABALHADORES CIVIS DAS FORÇAS ARMADAS, ESTABELECIMENTOS FABRIS E EMPRESAS DE DEFESA;STEFFAS;STEFFAS;registo;SINDICATO;trabalhadores;LISBOA;LISBOA;Activa;2000-09-29;2023-07-08
1.329.0;SINDICATO DOS TRABALHADORES CONSULARES E DAS MISSÕES DIPLOMÁTICAS NA EUROPA;CONSULARESMISSOES;CONSULARESMISSOES;recurso;SINDICATO;trabalhadores;LISBOA;LISBOA;Activa;1977-05-16;1997-06-15
1.329.1;SINDICATO DOS TRABALHADORES CONSULARES E DAS MISSÕES DIPLOMÁTICAS NO ESTRANGEIRO;STCDE;STCDE;registo;SINDICATO;trabalhadores;LISBOA;LISBOA;Activa;1986-08-30;2016-04-15
1.329.2;SINDICATO DOS TRABALHADORES CONSULARES E DAS MISSÕES DIPLOMÁTICAS NO ESTRANGEIRO;STCDE;STCDE;registo;SINDICATO;trabalhadores;LISBOA;LISBOA;Activa;2016-10-29;2026-07-08
1.329.3;SINDICATO DOS TRABALHADORES CONSULARES, DAS MISSÕES DIPLOMÁTICAS E DOS SERVIÇOS CENTRAIS DO MINISTERIO DOS NEGOCIOS ESTRANGEIROS;STCDE;STCDE;registo;SINDICATO;trabalhadores;LISBOA;LISBOA;Activa;2021-01-15;2026-07-08
1.53.0;SINDICATO DOS TRABALHADORES CORTICEIROS DOS DISTRITOS DE ÉVORA E BEJA;CORTICEIROSDISTRITOS;CORTICEIROSDISTRITOS;recurso;SINDICATO;trabalhadores;ÉVORA;ÉVORA;Extinta;1975-08-05;1981-02-07
1.561.0;SINDICATO DOS TRABALHADORES DA ACTIVIDADE FINANCEIRA;SINTAF;SINTAF;registo;SINDICATO;trabalhadores;LISBOA;LISBOA;Activa;2005-06-18;2023-01-22
1.85.3;SINDICATO DOS TRABALHADORES DA ACTIVIDADE SEGURADORA;STAS;STAS;registo;SINDICATO;trabalhadores;LISBOA;LISBOA;Activa;1999-10-21;2025-12-22
1.363.0;SINDICATO DOS TRABALHADORES DA ADMINISTRAÇÃO PÚBLICA;SINTAP;SINTAP;registo;SINDICATO;trabalhadores;LISBOA;LISBOA;Activa;1979-08-22;2009-06-08
1.363.1;SINDICATO DOS TRABALHADORES DA ADMINISTRAÇÃO PÚBLICA E DE ENTIDADES COM FINS PUBLICOS;SINTAP;SINTAP;registo;SINDICATO;trabalhadores;LISBOA;LISBOA;Activa;2011-05-29;2023-01-08
1.288.1;SINDICATO DOS TRABALHADORES DA AGRICULTURA DO DISTRITO DE BEJA;AGRICULTURADISTRBeja;AGRICULTURADISTRITO;recurso+desambiguada;SINDICATO;trabalhadores;BEJA;BEJA;Extinta;1980-05-22;2013-10-22
1.254.0;SINDICATO DOS TRABALHADORES DA AGRICULTURA DO DISTRITO DE ÉVORA;AGRICULTURADISTEvora;AGRICULTURADISTRITO;recurso+desambiguada;SINDICATO;trabalhadores;ÉVORA;ÉVORA;Extinta;1975-09-24;2017-09-08
1.247.0;SINDICATO DOS TRABALHADORES DA AGRICULTURA DO DISTRITO DE LEIRIA;AGRICULTUAgricultura;AGRICULTURADISTRITO;recurso+desambiguada;SINDICATO;trabalhadores;BOMBARRAL;LEIRIA;Extinta;1975-08-30;2015-09-08
1.97.0;SINDICATO DOS TRABALHADORES DA AGRICULTURA DO DISTRITO DE PORTALEGRE;AGRICULTURADISTRITO;AGRICULTURADISTRITO;recurso;SINDICATO;trabalhadores;PORTALEGRE;PORTALEGRE;Extinta;1975-08-12;2011-06-29
1.12.0;SINDICATO DOS TRABALHADORES DA AGRICULTURA PECUÁRIA E SILVICULTURA DO DISTRITO DE LISBOA;AGRICULTURAPECUARIA;AGRICULTURAPECUARIA;recurso;SINDICATO;trabalhadores;LISBOA;LISBOA;Extinta;1975-07-26;1980-01-15
1.600.0;SINDICATO DOS TRABALHADORES DA ARQUEOLOGIA;STARQ;STARQ;registo;SINDICATO;trabalhadores;LISBOA;LISBOA;Activa;2012-12-08;2024-07-22
1.642.0;SINDICATO DOS TRABALHADORES DA AUTOEUROPA E DO SECTOR AUTOMOVEL;AUTOEUROPASECTOR;AUTOEUROPASECTOR;recurso;SINDICATO;trabalhadores;BARREIRO;SETÚBAL;Activa;2018-11-29;2018-11-29
1.372.0;SINDICATO DOS TRABALHADORES DA AVIAÇÃO E AEROPORTOS;SITAVA;SITAVA;registo;SINDICATO;trabalhadores;LISBOA;LISBOA;Activa;1980-06-29;2025-12-22
1.639.0;SINDICATO DOS TRABALHADORES DA AVIAÇAO, MANUTENÇÃO E AEROPORTOS;SITAMA;SITAMA;registo;SINDICATO;trabalhadores;LOURES;SETÚBAL;Activa;2018-07-11;2018-08-29
1.327.0;SINDICATO DOS TRABALHADORES DA CÂMARA MUNICIPAL DE LISBOA;STCML;STCML;registo;SINDICATO;trabalhadores;LISBOA;LISBOA;Activa;1977-06-08;1977-06-08
1.414.0;SINDICATO DOS TRABALHADORES DA CERÂMICA, CONSTRUÇÃO E MADEIRAS DE AVEIRO;CERAMICACONSTRUCAO;CERAMICACONSTRUCAO;recurso;SINDICATO;trabalhadores;AVEIRO;AVEIRO;Extinta;1983-03-30;2002-01-22
1.175.0;SINDICATO DOS TRABALHADORES DA CONSTRUÇÃO CIVIL DO DISTRITO DE BRAGA;CONSTRUCAOCGuimaraes;CONSTRUCAOCIVIL;recurso+desambiguada;SINDICATO;trabalhadores;GUIMARÃES;BRAGA;Extinta;1975-09-08;1981-07-30
1.308.0;SINDICATO DOS TRABALHADORES DA CONSTRUÇÃO CIVIL DO DISTRITO DE CASTELO BRANCO;CONSTRUCAOCIVCovilha;CONSTRUCAOCIVIL;recurso+desambiguada;SINDICATO;trabalhadores;COVILHÃ;CASTELO BRANCO;Extinta;1976-09-02;1976-09-02
1.194.0;SINDICATO DOS TRABALHADORES DA CONSTRUÇÃO CIVIL DO DISTRITO DE LISBOA;CONSTRUCAOCIVILisboa;CONSTRUCAOCIVIL;recurso+desambiguada;SINDICATO;trabalhadores;LISBOA;LISBOA;Extinta;1975-08-30;1975-08-30
1.389.0;SINDICATO DOS TRABALHADORES DA CONSTRUÇÃO CIVIL E MADEIRAS DO DISTRITO DE BRAGA;CONSTRUCAOCIVIL13890;CONSTRUCAOCIVIL;recurso+desambiguada;SINDICATO;trabalhadores;GUIMARÃES;BRAGA;Activa;1981-08-15;2007-11-15
1.297.0;SINDICATO DOS TRABALHADORES DA CONSTRUÇÃO CIVIL E OFÍCIOS CORRELATIVOS DO DISTRITO DE LEIRIA;CONSTRUCAOCIVILeiria;CONSTRUCAOCIVIL;recurso+desambiguada;SINDICATO;trabalhadores;LEIRIA;LEIRIA;Activa;1975-09-10;1975-09-10
1.54.0;SINDICATO DOS TRABALHADORES DA CONSTRUÇÃO CIVIL E OFÍCIOS CORRELATIVOS DO DISTRITO DE SETÚBAL;CONSTRUCAOConstrucao;CONSTRUCAOCIVIL;recurso+desambiguada;SINDICATO;trabalhadores;SETÚBAL;SETÚBAL;Extinta;1975-08-14;1975-08-14
1.220.0;SINDICATO DOS TRABALHADORES DA CONSTRUÇÃO CIVIL, MADEIRAS E MÁRMORES DO DISTRITO DE FARO;CONSTRUCAOCIVILFaro;CONSTRUCAOCIVIL;recurso+desambiguada;SINDICATO;trabalhadores;FARO;FARO;Extinta;1975-08-07;2000-06-08
1.54.1;SINDICATO DOS TRABALHADORES DA CONSTRUÇÃO CIVIL, MADEIRAS E MÁRMORES DO DISTRITO DE SETÚBAL;CONSTRUCAOConstrucao;CONSTRUCAOCIVIL;recurso+desambiguada;SINDICATO;trabalhadores;SETÚBAL;SETÚBAL;Extinta;1993-07-30;1999-12-08
1.308.1;SINDICATO DOS TRABALHADORES DA CONSTRUÇÃO CIVIL, MADEIRAS, CERÂMICA, CIMENTOS E SIMILARES DO DISTRITO DE CASTELO BRANCO;CONSTRUCAOCIVCovilha;CONSTRUCAOCIVIL;recurso+desambiguada;SINDICATO;trabalhadores;COVILHÃ;CASTELO BRANCO;Extinta;1987-11-15;2018-11-08
1.51.1;SINDICATO DOS TRABALHADORES DA CONSTRUÇÃO CIVIL, MADEIRAS, MÁRMORES E AFINS DO DISTRITO DE COIMBRA;CONSTRUCAOCIVIL;CONSTRUCAOCIVIL;recurso;SINDICATO;trabalhadores;COIMBRA;COIMBRA;Extinta;1980-07-15;2002-03-22
1.413.0;SINDICATO DOS TRABALHADORES DA CONSTRUÇÃO CIVIL, MADEIRAS, MÁRMORES E PEDREIRAS DO DISTRITO DE LEIRIA;CONSTRUCAOCIVIL14130;CONSTRUCAOCIVIL;recurso+desambiguada;SINDICATO;trabalhadores;LEIRIA;LEIRIA;Extinta;1983-02-15;2014-02-08
1.445.0;SINDICATO DOS TRABALHADORES DA CONSTRUÇÃO CIVIL, MADEIRAS, MÁRMORES E PEDREIRAS DO DISTRITO DE VIANA DO CASTELO;SCMPVCN;SCMPVCN;registo;SINDICATO;trabalhadores;VIANA DO CASTELO;VIANA DO CASTELO;Activa;0227-02-25;2010-07-08
1.369.0;SINDICATO DOS TRABALHADORES DA CONSTRUÇÃO CIVIL, MADEIRAS, MÁRMORES E PEDREIRAS DOS DISTRITOS DE VISEU E GUARDA;CONSTRUCAOCIVILViseu;CONSTRUCAOCIVIL;recurso+desambiguada;SINDICATO;trabalhadores;VISEU;VISEU;Extinta;1980-07-15;1980-07-15
1.369.1;SINDICATO DOS TRABALHADORES DA CONSTRUÇÃO CIVIL, MADEIRAS, MÁRMORES, PEDREIRAS E CERÂMICA DOS DISTRITOS DE VISEU E GUARDA;CONSTRUCAOCIVILViseu;CONSTRUCAOCIVIL;recurso+desambiguada;SINDICATO;trabalhadores;VISEU;VISEU;Extinta;1986-02-28;1997-10-30
1.264.1;SINDICATO DOS TRABALHADORES DA CONSTRUÇÃO CIVIL, MÁRMORES E PEDREIRAS DO DISTRITO DE AVEIRO;CONSTRUCConstrucaoCi;CONSTRUCAOCIVIL;recurso+desambiguada;SINDICATO;trabalhadores;LISBOA;LISBOA;Extinta;1979-09-08;1979-09-08
1.80.0;SINDICATO DOS TRABALHADORES DA CONSTRUÇÃO E REPARAÇÃO NAVAL DOS DISTRITO DE AVEIRO E COIMBRA;CONSTRUCAOREPARACAO;CONSTRUCAOREPARACAO;recurso;SINDICATO;trabalhadores;ESTARREJA;AVEIRO;Extinta;1975-09-16;1979-10-29
1.214.1;SINDICATO DOS TRABALHADORES DA CONSTRUÇÃO E REPARAÇÃO NAVAL DOS DISTRITO DO PORTO, BRAGA E VIANA DO CASTELO;CONSTRUCVilanovadega;CONSTRUCAOREPARACAO;recurso+desambiguada;SINDICATO;trabalhadores;VILA NOVA DE GAIA;PORTO;Extinta;1977-11-29;1979-05-08
1.416.0;SINDICATO DOS TRABALHADORES DA CONSTRUÇÃO, MADEIRAS E MÁRMORES DO DISTRITO DE SANTARÉM;STCMMDS;STCMMDS;registo;SINDICATO;trabalhadores;SANTARÉM;SANTARÉM;Extinta;1983-07-15;2000-02-08
1.67.1;SINDICATO DOS TRABALHADORES DA CONSTRUÇÃO, MADEIRAS E MÁRMORES DO DISTRITO DE SANTARÉM;CONSTRUCAOMADEIRAS;CONSTRUCAOMADEIRAS;recurso;SINDICATO;trabalhadores;SANTARÉM;LISBOA;Extinta;1980-05-29;1983-07-15
1.194.3;SINDICATO DOS TRABALHADORES DA CONSTRUÇÃO, MADEIRAS, MÁRMORES E CORTIÇAS DO SUL;CONSTRUCAOMADELisboa;CONSTRUCAOMADEIRAS;recurso+desambiguada;SINDICATO;trabalhadores;LISBOA;LISBOA;Extinta;2004-11-18;2016-06-08
1.389.1;SINDICATO DOS TRABALHADORES DA CONSTRUÇÃO, MADEIRAS, MÁRMORES, PEDREIRAS, CERÂMICA E AFINS, DA REGIÃO A NORTE DO RIO DOURO;CONSTRUCAOMGuimaraes;CONSTRUCAOMADEIRAS;recurso+desambiguada;SINDICATO;trabalhadores;GUIMARÃES;BRAGA;Activa;2010-07-22;2023-08-15
1.342.3;SINDICATO DOS TRABALHADORES DA CONSTRUÇÃO, MADEIRAS, MÁRMORES, PEDREIRAS, CERÂMICA E MATERIAIS DE CONSTRUÇÃO DE PORTUGAL;CONSTRUCAOMADEIPorto;CONSTRUCAOMADEIRAS;recurso+desambiguada;SINDICATO;trabalhadores;PORTO;PORTO;Activa;2009-11-15;2022-08-08
1.342.2;SINDICATO DOS TRABALHADORES DA CONSTRUÇÃO, MADEIRAS, MÁRMORES, PEDREIRAS, CERÂMICA E MATERIAIS DE CONSTRUÇÃO DO NORTE E VISEU;CONSTRUCAOMADEIPorto;CONSTRUCAOMADEIRAS;recurso+desambiguada;SINDICATO;trabalhadores;PORTO;PORTO;Activa;1997-07-30;2007-05-29
1.194.1;SINDICATO DOS TRABALHADORES DA CONSTRUÇÃO, MÁRMORES E MADEIRAS DO DISTRITO DE LISBOA;STCMMDL;STCMMDL;registo;SINDICATO;trabalhadores;LISBOA;LISBOA;Extinta;1979-05-15;1979-05-15
1.287.2;SINDICATO DOS TRABALHADORES DA CONSTRUÇÃO, MÁRMORES, MADEIRAS E MATERIAIS DE CONSTRUÇÃO DO SUL;CONSTRUCAOMARMORES;CONSTRUCAOMARMORES;recurso;SINDICATO;trabalhadores;ÉVORA;ÉVORA;Extinta;1999-01-14;2000-02-29
1.328.0;SINDICATO DOS TRABALHADORES DA DIRECÇÃO-GERAL DAS CONTRIBUIÇÕES E IMPOSTOS;DIRECCAOGERAL;DIRECCAOGERAL;recurso;SINDICATO;trabalhadores;SETÚBAL;VILA REAL;Activa;1977-06-08;1985-05-30
1.313.0;SINDICATO DOS TRABALHADORES DA FUNÇÃO PÚBLICA - ZONA NORTE;ZONANORTEFuncao;ZONANORTE;derivada+desambiguada;SINDICATO;trabalhadores;PORTO;PORTO;Activa;1976-10-01;1977-03-02
1.324.0;SINDICATO DOS TRABALHADORES DA FUNÇÃO PÚBLICA DA ZONA CENTRO;STFPZC;STFPZC;registo;SINDICATO;trabalhadores;COIMBRA;COIMBRA;Activa;1977-03-05;1998-08-15
1.310.1;SINDICATO DOS TRABALHADORES DA FUNÇÃO PÚBLICA DA ZONA SUL E AÇORES;FUNCAOPUBLICAZONASUL;FUNCAOPUBLICAZONASUL;recurso;SINDICATO;trabalhadores;;LISBOA;Activa;1980-07-15;1980-07-15
1.310.0;SINDICATO DOS TRABALHADORES DA FUNÇÃO PÚBLICA DE ZONA SUL;FUNCAOPUBLICAZONASUL;FUNCAOPUBLICAZONASUL;recurso;SINDICATO;trabalhadores;;LISBOA;Activa;1976-09-03;1976-09-03
1.324.1;SINDICATO DOS TRABALHADORES DA FUNÇÃO PÚBLICA DO CENTRO;STFPC;STFPC;registo;SINDICATO;trabalhadores;;COIMBRA;Activa;2001-07-22;2010-06-08
1.313.1;SINDICATO DOS TRABALHADORES DA FUNÇÃO PÚBLICA DO NORTE;STFPN;STFPN;registo;SINDICATO;trabalhadores;PORTO;PORTO;Activa;1982-03-15;2008-02-29
1.310.2;SINDICATO DOS TRABALHADORES DA FUNÇÃO PÚBLICA DO SUL E AÇORES;FUNCAOPUBLICASUL;FUNCAOPUBLICASUL;recurso;SINDICATO;trabalhadores;LISBOA;LISBOA;Activa;1983-09-30;2012-07-15
1.310.3;SINDICATO DOS TRABALHADORES DA FUNÇÕES PÚBLICAS E SOCIAIS DO SUL E REGIÕES AUTÓNOMAS;FUNCOESPUBLICAS;FUNCOESPUBLICAS;recurso;SINDICATO;trabalhadores;LISBOA;LISBOA;Activa;2012-10-26;2012-11-22
1.406.1;SINDICATO DOS TRABALHADORES DA INDÚSTRIA ALIMENTAR DO CENTRO, SUL E ILHAS;STIAC;STIAC;registo;SINDICATO;trabalhadores;SANTARÉM;SANTARÉM;Activa;1995-05-30;2021-10-22
1.101.0;SINDICATO DOS TRABALHADORES DA INDÚSTRIA CORTICEIRA DO DISTRITO DE LISBOA;INDUSTRIACORTICEIRA;INDUSTRIACORTICEIRA;recurso;SINDICATO;trabalhadores;LISBOA;LISBOA;Extinta;1975-08-11;2011-10-08
1.126.0;SINDICATO DOS TRABALHADORES DA INDÚSTRIA CORTICEIRA DO DISTRITO DE SETÚBAL;INDUSTRIACORTMontijo;INDUSTRIACORTICEIRA;recurso+desambiguada;SINDICATO;trabalhadores;MONTIJO;SETÚBAL;Extinta;1975-07-26;1981-02-07
1.376.0;SINDICATO DOS TRABALHADORES DA INDÚSTRIA CORTICEIRA DO SUL;INDUSTRIIndustriaCor;INDUSTRIACORTICEIRA;recurso+desambiguada;SINDICATO;trabalhadores;MONTIJO;SETÚBAL;Extinta;1981-01-30;2000-01-08
1.83.1;SINDICATO DOS TRABALHADORES DA INDÚSTRIA DA METALURGIA E METALOMECÂNICA DO DISTRITO DE SETÚBAL;INDUSTRIAMETALURGIA;INDUSTRIAMETALURGIA;recurso;SINDICATO;trabalhadores;BARREIRO;SETÚBAL;Extinta;1978-09-22;1981-07-30
1.131.1;SINDICATO DOS TRABALHADORES DA INDÚSTRIA DE BEBIDAS DA REGIÃO NORTE E CENTRO;INDUSTRIABEBIDAS;INDUSTRIABEBIDAS;recurso;SINDICATO;trabalhadores;PORTO;PORTO;Activa;1982-01-30;1982-01-30
1.166.0;SINDICATO DOS TRABALHADORES DA INDÚSTRIA DE CALÇADO, MALAS E AFINS;INDUSTRIACALCADO;INDUSTRIACALCADO;recurso;SINDICATO;trabalhadores;BRAGA;BRAGA;Activa;1976-02-12;1976-02-12
1.26.0;SINDICATO DOS TRABALHADORES DA INDÚSTRIA DE CARNES DOS DISTRITO DE SETÚBAL E SANTARÉM;INDUSTRIACARNES;INDUSTRIACARNES;recurso;SINDICATO;trabalhadores;MONTIJO;SETÚBAL;Extinta;1975-07-30;1984-09-30
1.550.0;SINDICATO DOS TRABALHADORES DA INDÚSTRIA DE CERÂMICA, CIMENTOS, CONSTRUÇÃO E SIMILARES DO DISTRITO DE LEIRIA;INDUSTRIACEIndustria;INDUSTRIACERAMICA;recurso+desambiguada;SINDICATO;trabalhadores;LEIRIA;LEIRIA;Activa;2003-08-29;2004-02-08
1.114.1;SINDICATO DOS TRABALHADORES DA INDÚSTRIA DE CHAPELARIA;INDUSTRIACHAPELARIA;INDUSTRIACHAPELARIA;recurso;SINDICATO;trabalhadores;OLIVEIRA DE AZEMÉIS;AVEIRO;Extinta;1980-06-29;1982-06-15
1.206.0;SINDICATO DOS TRABALHADORES DA INDÚSTRIA DE CONSERVAS DE PEIXE, SECA DO BACALHAU E OFÍCIOS CORRELATIVOS DO DISTRITO DE FARO;INDUSTRIACONSEROlhao;INDUSTRIACONSERVAS;recurso+desambiguada;SINDICATO;trabalhadores;OLHÃO;FARO;Extinta;1975-08-09;1975-08-09
1.197.0;SINDICATO DOS TRABALHADORES DA INDÚSTRIA DE CONSERVAS DO NORTE DO PAÍS;INDUSTRIACMatosinhos;INDUSTRIACONSERVAS;recurso+desambiguada;SINDICATO;trabalhadores;MATOSINHOS;PORTO;Extinta;1975-09-02;1975-09-02
1.41.0;SINDICATO DOS TRABALHADORES DA INDÚSTRIA DE CONSERVAS E OFÍCIOS CORRELATIVOS DO CENTRO;INDUSTRIACOIndustria;INDUSTRIACONSERVAS;recurso+desambiguada;SINDICATO;trabalhadores;PENICHE;LEIRIA;Extinta;1975-08-02;1982-07-30
1.206.1;SINDICATO DOS TRABALHADORES DA INDÚSTRIA DE CONSERVAS E OFÍCIOS CORRELATIVOS DO DISTRITO DE FARO;INDUSTRIACONSEROlhao;INDUSTRIACONSERVAS;recurso+desambiguada;SINDICATO;trabalhadores;OLHÃO;FARO;Extinta;1978-05-08;2014-08-08
1.25.0;SINDICATO DOS TRABALHADORES DA INDÚSTRIA DE CONSERVAS E OFÍCIOS CORRELATIVOS DO DISTRITO DE SETÚBAL;INDUSTRIACONSERVAS;INDUSTRIACONSERVAS;recurso;SINDICATO;trabalhadores;SETÚBAL;SETÚBAL;Extinta;1975-07-28;1982-07-30
1.142.0;SINDICATO DOS TRABALHADORES DA INDÚSTRIA DE FÓSFOROS DO DISTRITO DE LISBOA;INDUSTRIAFOSFOROS;INDUSTRIAFOSFOROS;recurso;SINDICATO;trabalhadores;LISBOA;LISBOA;Extinta;1975-08-11;1978-04-10
1.217.1;SINDICATO DOS TRABALHADORES DA INDÚSTRIA DE HOTELARIA, TURISMO, RESTAURANTES E SIMILARES DO ALGARVE;INDUSTRIAHOTELARFaro;INDUSTRIAHOTELARIA;recurso+desambiguada;SINDICATO;trabalhadores;FARO;FARO;Activa;1983-05-30;2024-05-15
1.387.0;SINDICATO DOS TRABALHADORES DA INDÚSTRIA DE HOTELARIA, TURISMO, RESTAURANTES E SIMILARES DO CENTRO;INDUSTRIAHOTECoimbra;INDUSTRIAHOTELARIA;recurso+desambiguada;SINDICATO;trabalhadores;COIMBRA;COIMBRA;Activa;1981-07-15;2025-06-22
1.380.0;SINDICATO DOS TRABALHADORES DA INDÚSTRIA DE HOTELARIA, TURISMO, RESTAURANTES E SIMILARES DO NORTE;INDUSTRIAHOTELAPorto;INDUSTRIAHOTELARIA;recurso+desambiguada;SINDICATO;trabalhadores;PORTO;PORTO;Activa;1981-09-30;2025-05-15
1.163.0;SINDICATO DOS TRABALHADORES DA INDÚSTRIA DE PANIFICAÇÃO DO DISTRITO DA GUARDA;INDUSTRIAPANIFGuarda;INDUSTRIAPANIFICACAO;recurso+desambiguada;SINDICATO;trabalhadores;GUARDA;GUARDA;Extinta;1975-09-29;1980-11-30
1.48.0;SINDICATO DOS TRABALHADORES DA INDÚSTRIA DE PANIFICAÇÃO DO DISTRITO DE CASTELO BRANCO;INDUSTRIAPANIFICACAO;INDUSTRIAPANIFICACAO;recurso;SINDICATO;trabalhadores;COVILHÃ;CASTELO BRANCO;Extinta;1975-07-31;1980-11-30
1.72.0;SINDICATO DOS TRABALHADORES DA INDÚSTRIA DE PANIFICAÇÃO DO DISTRITO DE SETÚBAL;INDUSTRIAPAIndustria;INDUSTRIAPANIFICACAO;recurso+desambiguada;SINDICATO;trabalhadores;SETÚBAL;SETÚBAL;Extinta;1975-08-04;1979-06-15
1.134.0;SINDICATO DOS TRABALHADORES DA INDÚSTRIA DE PANIFICAÇÃO DOS DISTRITO DE VILA REAL E BRAGANÇA;INDUSTRIAPANVilareal;INDUSTRIAPANIFICACAO;recurso+desambiguada;SINDICATO;trabalhadores;VILA REAL;VILA REAL;Extinta;1975-08-23;1981-07-30
1.232.0;SINDICATO DOS TRABALHADORES DA INDÚSTRIA DE PANIFICAÇÃO E OUTROS RAMOS ALIMENTARES;INDUSTRIAPANICoimbra;INDUSTRIAPANIFICACAO;recurso+desambiguada;SINDICATO;trabalhadores;COIMBRA;COIMBRA;Extinta;1975-09-17;1980-08-15
1.239.0;SINDICATO DOS TRABALHADORES DA INDÚSTRIA DE PANIFICAÇÃO E PRODUTOS ALIMENTARES AFINS DO DISTRITO DE SANTARÉM;INDUSTRIAPANSantarem;INDUSTRIAPANIFICACAO;recurso+desambiguada;SINDICATO;trabalhadores;SANTARÉM;SANTARÉM;Extinta;1975-09-02;1979-06-15
1.70.1;SINDICATO DOS TRABALHADORES DA INDÚSTRIA DE TABACOS;INDUSTRIATABACOS;INDUSTRIATABACOS;recurso;SINDICATO;trabalhadores;LISBOA;LISBOA;Extinta;1988-08-15;1993-12-15
1.70.0;SINDICATO DOS TRABALHADORES DA INDÚSTRIA DE TABACOS DO DISTRITO DE LISBOA;INDUSTRIATABACOS;INDUSTRIATABACOS;recurso;SINDICATO;trabalhadores;LISBOA;LISBOA;Extinta;1975-08-11;1975-08-11
1.191.0;SINDICATO DOS TRABALHADORES DA INDÚSTRIA DE VESTUÁRIO DOS DISTRITO DE COIMBRA, LEIRIA, GUARDA E CASTELO BRANCO;INDUSTRIAVESTUARIO;INDUSTRIAVESTUARIO;recurso;SINDICATO;trabalhadores;COIMBRA;COIMBRA;Extinta;1975-08-29;1980-01-08
1.131.2;SINDICATO DOS TRABALHADORES DA INDÚSTRIA E COMÉRCIO DE BEBIDAS DA REGIÃO NORTE E CENTRO;INDUSTRIACOMERCPorto;INDUSTRIACOMERCIO;recurso+desambiguada;SINDICATO;trabalhadores;PORTO;PORTO;Activa;1992-02-29;1996-03-30
1.151.1;SINDICATO DOS TRABALHADORES DA INDÚSTRIA E COMÉRCIO DE CARNES DO SUL;INDUSTRIACOMERLoures;INDUSTRIACOMERCIO;recurso+desambiguada;SINDICATO;trabalhadores;LOURES;LISBOA;Activa;1979-04-22;2024-04-22
1.37.0;SINDICATO DOS TRABALHADORES DA INDÚSTRIA E COMÉRCIO DE PANIFICAÇÃO DO DISTRITO DE BRAGA;INDUSTRIACOMERCIO;INDUSTRIACOMERCIO;recurso;SINDICATO;trabalhadores;BRAGA;BRAGA;Extinta;1975-07-30;1981-03-21
1.7.0;SINDICATO DOS TRABALHADORES DA INDÚSTRIA E COMÉRCIO FARMACÊUTICOS;STICF;STICF;registo;SINDICATO;trabalhadores;LISBOA;LISBOA;Activa;1975-07-24;1980-10-30
1.88.0;SINDICATO DOS TRABALHADORES DA INDÚSTRIA HOTELEIRA E SIMILARES DO DISTRITO DE BRAGA;INDUSTRIAHOIndustria;INDUSTRIAHOTELEIRA;recurso+desambiguada;SINDICATO;trabalhadores;BRAGA;BRAGA;Extinta;1975-08-06;1982-08-30
1.211.0;SINDICATO DOS TRABALHADORES DA INDÚSTRIA HOTELEIRA E SIMILARES DOS DISTRITO DO PORTO, VILA REAL E BRAGANÇA;INDUSTRIAHOTELEPorto;INDUSTRIAHOTELEIRA;recurso+desambiguada;SINDICATO;trabalhadores;PORTO;PORTO;Extinta;1975-09-02;1981-09-30
1.71.0;SINDICATO DOS TRABALHADORES DA INDÚSTRIA METALÚRGICA DO DISTRITO DE COIMBRA;INDUSTRIAMETALURGICA;INDUSTRIAMETALURGICA;recurso;SINDICATO;trabalhadores;;COIMBRA;Extinta;1975-08-04;1975-08-04
1.186.0;SINDICATO DOS TRABALHADORES DA INDÚSTRIA METALÚRGICA E METALOMECÂNICA;INDUSTRIAMEIndustria;INDUSTRIAMETALURGICA;recurso+desambiguada;SINDICATO;trabalhadores;LISBOA;LISBOA;Extinta;1975-09-04;1975-09-04
1.159.0;SINDICATO DOS TRABALHADORES DA INDÚSTRIA METALÚRGICA E METALOMECÂNICA DO DISTRITO DA GUARDA;STIMMDG;STIMMDG;registo;SINDICATO;trabalhadores;GUARDA;GUARDA;Extinta;1975-08-11;1998-05-30
1.186.1;SINDICATO DOS TRABALHADORES DA INDÚSTRIA METALÚRGICA E METALOMECÂNICA DO DISTRITO DE LISBOA;INDUSTRIAMEIndustria;INDUSTRIAMETALURGICA;recurso+desambiguada;SINDICATO;trabalhadores;LISBOA;LISBOA;Extinta;1978-01-29;2000-11-29
1.532.1;SINDICATO DOS TRABALHADORES DA INDÚSTRIA METALÚRGICA E METALOMECÂNICA DOS DISTRITOS DE LISBOA, LEIRIA, SANTARÉM E CASTELO BRANCO;INDUSTRIAMETALLisboa;INDUSTRIAMETALURGICA;recurso+desambiguada;SINDICATO;trabalhadores;LISBOA;LISBOA;Extinta;2007-05-22;2010-07-15
1.532.0;SINDICATO DOS TRABALHADORES DA INDÚSTRIA METALÚRGICA E METALOMECÂNICA DOS DISTRITOS DE LISBOA, SANTARÉM E CASTELO BRANCO;INDUSTRIAMETALLisboa;INDUSTRIAMETALURGICA;recurso+desambiguada;SINDICATO;trabalhadores;LISBOA;LISBOA;Extinta;2000-11-29;2004-04-29
1.128.1;SINDICATO DOS TRABALHADORES DA INDÚSTRIA MINEIRA;INDUSTRIAMINEIRA;INDUSTRIAMINEIRA;recurso;SINDICATO;trabalhadores;LISBOA;LISBOA;Activa;1996-03-15;2023-07-08
1.202.1;SINDICATO DOS TRABALHADORES DA INDÚSTRIA MINEIRA DO NORTE;INDUSTRIAMIIndustria;INDUSTRIAMINEIRA;recurso+desambiguada;SINDICATO;trabalhadores;CASTELO DE PAIVA;AVEIRO;Extinta;1981-01-30;1996-08-30
1.128.0;SINDICATO DOS TRABALHADORES DA INDÚSTRIA MINEIRA DO SUL;INDUSTRIAMINEIRASUL;INDUSTRIAMINEIRASUL;recurso;SINDICATO;trabalhadores;ALJUSTREL;BEJA;Activa;1975-08-09;1981-02-07
1.403.1;SINDICATO DOS TRABALHADORES DA INDÚSTRIA TÊXTIL, VESTUÁRIO, CALÇADO E CURTUMES - SINTEVCC-AVG;SINTECVCC;SINTECVCC;registo;SINDICATO;trabalhadores;SÃO JOÃO DA MADEIRA;AVEIRO;Activa;2023-08-15;2024-01-15
1.403.2;SINDICATO DOS TRABALHADORES DA INDÚSTRIA TÊXTIL, VESTUÁRIO, CALÇADO E CURTUMES DOS DISTRITOS DE AVEIRO, VISEU E GUARDA -SINTEVCC-AVG;SINTECVCC;SINTECVCC;registo;SINDICATO;trabalhadores;SÃO JOÃO DA MADEIRA;AVEIRO;Activa;2024-09-15;2024-09-15
1.13.0;SINDICATO DOS TRABALHADORES DA INDÚSTRIA VIDREIRA;INDUSTRIAVIDREIRA;INDUSTRIAVIDREIRA;recurso;SINDICATO;trabalhadores;MARINHA GRANDE;LEIRIA;Activa;1975-07-26;2025-06-29
1.173.0;SINDICATO DOS TRABALHADORES DA MARINHA MERCANTE, AERONAVEGAÇÃO E PESCA;MARINHAMERCANTE;MARINHAMERCANTE;recurso;SINDICATO;trabalhadores;LISBOA;LISBOA;Activa;1975-08-30;1975-08-30
1.173.2;SINDICATO DOS TRABALHADORES DA MARINHA MERCANTE, AGÊNCIAS DE VIAGENS, TRANSITÁRIOS E PESCA (SIMAMEVIP);SIMAMEVIP;SIMAMEVIP;registo;SINDICATO;trabalhadores;LISBOA;LISBOA;Activa;1992-06-15;2022-05-15
1.27.0;SINDICATO DOS TRABALHADORES DA PANIFICAÇÃO E OUTROS PRODUTOS ALIMENTARES DO DISTRITO DE VIANA DO CASTELO;PANIFICACPanificacao;PANIFICACAOOUTROS;recurso+desambiguada;SINDICATO;trabalhadores;VIANA DO CASTELO;VIANA DO CASTELO;Extinta;1975-07-30;1980-12-15
1.23.0;SINDICATO DOS TRABALHADORES DA PANIFICAÇÃO E OUTROS PRODUTOS ALIMENTARES DO DISTRITO DE VISEU;PANIFICACAOOUTROS;PANIFICACAOOUTROS;recurso;SINDICATO;trabalhadores;VISEU;VISEU;Extinta;1975-07-23;1975-07-23
1.265.0;SINDICATO DOS TRABALHADORES DA PANIFICAÇÃO E PRODUTOS ALIMENTARES DO DISTRITO DE AVEIRO;PANIFICACAOPRODUTOS;PANIFICACAOPRODUTOS;recurso;SINDICATO;trabalhadores;ESPINHO;AVEIRO;Extinta;1975-09-17;1996-05-15
1.326.0;SINDICATO DOS TRABALHADORES DA PECUÁRIA (AVICULTURA, SUINICULTURA, BOVINICULTURA E OUTROS) DOS DISTRITO DE AVEIRO, COIMBRA, GUARDA E VISEU;PECUARIAAVICULTURA;PECUARIAAVICULTURA;recurso;SINDICATO;trabalhadores;TONDELA;VISEU;Extinta;1977-01-13;1985-10-15
1.302.1;SINDICATO DOS TRABALHADORES DA PESCA DO ALGARVE;PESCAALGARVE;PESCAALGARVE;recurso;SINDICATO;trabalhadores;PORTIMÃO;FARO;Extinta;1993-01-15;1995-04-30
1.395.1;SINDICATO DOS TRABALHADORES DA PESCA DO CENTRO;PESCACENTRO;PESCACENTRO;recurso;SINDICATO;trabalhadores;PENICHE;LEIRIA;Activa;1995-07-15;2022-10-15
1.395.0;SINDICATO DOS TRABALHADORES DA PESCA DO DISTRITO DE LEIRIA;PESCADISTRITOLEIRIA;PESCADISTRITOLEIRIA;recurso;SINDICATO;trabalhadores;PENICHE;LEIRIA;Activa;1981-12-15;1981-12-15
1.1.1;SINDICATO DOS TRABALHADORES DA PESCA DO DISTRITO DE SETÚBAL;PESCADISTRITOSETUBAL;PESCADISTRITOSETUBAL;recurso;SINDICATO;trabalhadores;SETÚBAL;SETÚBAL;Extinta;1983-03-30;1995-04-30
1.471.0;SINDICATO DOS TRABALHADORES DA PESCA DO DISTRITO DE VIANA DO CASTELO;PESCADISTRITOVIANA;PESCADISTRITOVIANA;recurso;SINDICATO;trabalhadores;VIANA DO CASTELO;VIANA DO CASTELO;Extinta;1990-08-15;1996-05-30
1.491.0;SINDICATO DOS TRABALHADORES DA PESCA DO NORTE;PESCANORTE;PESCANORTE;recurso;SINDICATO;trabalhadores;MATOSINHOS;PORTO;Activa;1995-03-15;2024-08-22
1.493.0;SINDICATO DOS TRABALHADORES DA PESCA DO SUL;PESCASUL;PESCASUL;recurso;SINDICATO;trabalhadores;OLHÃO;FARO;Activa;1995-04-30;2023-08-08
1.248.3;SINDICATO DOS TRABALHADORES DA PORTUGAL TELECOM E EMPRESAS PARTICIPADAS;STPT;STPT;registo;SINDICATO;trabalhadores;LISBOA;LISBOA;Activa;1995-08-15;2001-12-08
1.500.0;SINDICATO DOS TRABALHADORES DA QUÍMICA, FARMACÊUTICA, PETRÓLEO E GÁS DO CENTRO, SUL E ILHAS;SINQUIFA;SINQUIFA;registo;SINDICATO;trabalhadores;LISBOA;LISBOA;Extinta;1996-05-24;2010-07-15
1.499.0;SINDICATO DOS TRABALHADORES DA QUÍMICA, FARMACÊUTICA, PETRÓLEO E GÁS DO NORTE;SINORQUIFA;SINORQUIFA;registo;SINDICATO;trabalhadores;PORTO;PORTO;Extinta;1996-05-30;2010-07-15
1.654.1;SINDICATO DOS TRABALHADORES DA REINSERÇAO E SERVIÇOS PRISIONAIS;STRSP;STRSP;registo;SINDICATO;trabalhadores;PORTO;PORTO;Activa;2026-01-22;2026-01-22
1.333.1;SINDICATO DOS TRABALHADORES DA SAÚDE E SEGURANÇA SOCIAL;SAUDESEGURANCASOCIAL;SAUDESEGURANCASOCIAL;recurso;SINDICATO;trabalhadores;PORTO;PORTO;Activa;1988-01-30;1998-05-15
1.333.0;SINDICATO DOS TRABALHADORES DA SAÚDE E SEGURANÇA SOCIAL - ZONA NORTE;ZONANORTESaude;ZONANORTE;derivada+desambiguada;SINDICATO;trabalhadores;PORTO;PORTO;Activa;1977-08-22;1979-12-08
1.333.2;SINDICATO DOS TRABALHADORES DA SAÚDE, SOLIDARIEDADE E SEGURANÇA SOCIAL;STSSSS;STSSSS;registo;SINDICATO;trabalhadores;PORTO;PORTO;Activa;2000-12-08;2023-11-16
1.477.0;SINDICATO DOS TRABALHADORES DA TRACÇÃO DO METROPOLITANO;STTM;STTM;registo;SINDICATO;trabalhadores;;LISBOA;Activa;1991-09-15;2018-12-22
1.477.1;SINDICATO DOS TRABALHADORES DA TRACÇÃO DO METROPOLITANO DE LISBOA;STTM;STTM;registo;SINDICATO;trabalhadores;;LISBOA;Activa;2018-04-22;2022-12-22
1.364.0;SINDICATO DOS TRABALHADORES DAS DELEGAÇÕES DO FUNDO DE FOMENTO DE EXPORTAÇÃO NO ESTRANGEIRO;DELEGACOESFUNDO;DELEGACOESFUNDO;recurso;SINDICATO;trabalhadores;LISBOA;LISBOA;Extinta;1979-08-22;1979-08-22
1.364.1;SINDICATO DOS TRABALHADORES DAS DELEGAÇÕES DO INSTITUTO DO COMÉRCIO EXTERNO PORTUGUÊS NO ESTRANGEIRO;DELEGACOESINSTITUTO;DELEGACOESINSTITUTO;recurso;SINDICATO;trabalhadores;LISBOA;LISBOA;Extinta;1985-11-30;2012-05-22
1.537.1;SINDICATO DOS TRABALHADORES DAS EMPRESAS DO GRUPO CAIXA GERAL DE DEPÓSITOS;STEC;STEC;registo;SINDICATO;trabalhadores;LISBOA;LISBOA;Activa;2018-05-09;2026-07-08
1.693.0;SINDICATO DOS TRABALHADORES DAS ENTIDADES REGULADORAS (STER);STER;STER;derivada;SINDICATO;trabalhadores;;LISBOA;Activa;2025-09-22;2025-09-22
1.674.0;SINDICATO DOS TRABALHADORES DAS GRANDES SUPERFÍCIES, ARMAZÉNS E SERVIÇOS DE PORTUGAL;STGSSP;STGSSP;registo;SINDICATO;trabalhadores;PORTO;PORTO;Activa;2021-11-20;2026-08-15
1.89.0;SINDICATO DOS TRABALHADORES DAS INDÚSTRIA DE CELULOSE, PAPEL, CARTÃO CANELADO, S.A.COS DE PAPEL E AFINS DOS DISTRITOS DE AVEIRO, BRAGA E VISEU;INDUSTRIACELULOSE;INDUSTRIACELULOSE;recurso;SINDICATO;trabalhadores;SANTA MARIA DA FEIRA;PORTO;Extinta;1975-08-07;1982-02-15
1.176.0;SINDICATO DOS TRABALHADORES DAS INDÚSTRIA DE CERÂMICA, CIMENTOS E SIMILARES DO DISTRITO DE SETÚBAL;INDUSTRIACERAMICA;INDUSTRIACERAMICA;recurso;SINDICATO;trabalhadores;SETÚBAL;SETÚBAL;Extinta;1975-09-08;1997-01-30
1.20.0;SINDICATO DOS TRABALHADORES DAS INDÚSTRIA DE MADEIRA DO DISTRITO DE LISBOA;INDUSTRIAMADEIRA;INDUSTRIAMADEIRA;recurso;SINDICATO;trabalhadores;LISBOA;LISBOA;Extinta;1975-07-28;1979-05-08
1.40.0;SINDICATO DOS TRABALHADORES DAS INDÚSTRIA DE MADEIRAS DO DISTRITO DE SANTARÉM;INDUSTRIAMADEIRAS;INDUSTRIAMADEIRAS;recurso;SINDICATO;trabalhadores;TOMAR;SANTARÉM;Extinta;1975-08-01;1983-07-15
1.289.1;SINDICATO DOS TRABALHADORES DAS INDÚSTRIA DE MADEIRAS DOS DISTRITOS DO PORTO E AVEIRO;INDUSTRIAMAIndustria;INDUSTRIAMADEIRAS;recurso+desambiguada;SINDICATO;trabalhadores;GONDOMAR;PORTO;Extinta;1980-07-15;1983-02-15
1.487.0;SINDICATO DOS TRABALHADORES DAS INDÚSTRIAS ALIMENTARES DA BEIRA INTERIOR;STRIABI;STRIABI;registo;SINDICATO;trabalhadores;CASTELO BRANCO;CASTELO BRANCO;Extinta;1993-08-30;2006-04-29
1.406.0;SINDICATO DOS TRABALHADORES DAS INDÚSTRIAS ALIMENTARES DE CONSERVAS DO CENTRO, SUL E ILHAS;STIAC;STIAC;registo;SINDICATO;trabalhadores;SANTARÉM;SANTARÉM;Activa;1982-07-30;1984-11-30
1.197.1;SINDICATO DOS TRABALHADORES DAS INDÚSTRIAS ALIMENTARES DE CONSERVAS DO NORTE;INDUSTRIASMatosinhos;INDUSTRIAS;recurso+desambiguada;SINDICATO;trabalhadores;MATOSINHOS;PORTO;Extinta;1984-11-30;1994-01-30
1.112.1;SINDICATO DOS TRABALHADORES DAS INDÚSTRIAS ALIMENTARES DE HIDRATOS DE CARBONO DO NORTE;INDUSTRIASPorto;INDUSTRIAS;recurso+desambiguada;SINDICATO;trabalhadores;PORTO;PORTO;Extinta;1979-12-15;1994-01-30
1.359.0;SINDICATO DOS TRABALHADORES DAS INDÚSTRIAS ALIMENTARES DE HIDRATOS DE CARBONO DO SUL;INDUSTRIIndustriasAl;INDUSTRIAS;recurso+desambiguada;SINDICATO;trabalhadores;LISBOA;LISBOA;Extinta;1979-06-08;1997-05-15
1.359.1;SINDICATO DOS TRABALHADORES DAS INDÚSTRIAS ALIMENTARES DE HIDRATOS DE CARBONO DO SUL E ILHAS;INDUSTRIIndustriasAl;INDUSTRIAS;recurso+desambiguada;SINDICATO;trabalhadores;LISBOA;LISBOA;Extinta;1983-01-15;1983-01-15
1.408.0;SINDICATO DOS TRABALHADORES DAS INDÚSTRIAS DA CONSTRUÇÃO CIVIL, MADEIRAS, METALURGIA E METALOMECÂNICA DE TRÁS-OS-MONTES E ALTO DOURO;MONTESEALTODOURO;MONTESEALTODOURO;derivada;SINDICATO;trabalhadores;VILA REAL;VILA REAL;Extinta;1982-08-14;1997-10-30
1.287.1;SINDICATO DOS TRABALHADORES DAS INDÚSTRIAS DA CONSTRUÇÃO CIVIL, MÁRMORES E MADEIRAS DO ALENTEJO;INDUSTRIASCONSTEvora;INDUSTRIASCONSTRUCAO;recurso+desambiguada;SINDICATO;trabalhadores;ÉVORA;ÉVORA;Extinta;1982-02-15;1985-03-15
1.23.1;SINDICATO DOS TRABALHADORES DAS INDÚSTRIAS DE ALIMENTAÇÃO DO DISTRITO DE VISEU;INDUSTRIASIndustrias;INDUSTRIAS;recurso+desambiguada;SINDICATO;trabalhadores;VISEU;VISEU;Extinta;1992-11-15;2011-11-08
1.488.0;SINDICATO DOS TRABALHADORES DAS INDÚSTRIAS DE ALIMENTAÇÃO DO NORTE;STIANOR;STIANOR;registo;SINDICATO;trabalhadores;PORTO;PORTO;Activa;0200-10-27;2019-12-08
1.359.2;SINDICATO DOS TRABALHADORES DAS INDÚSTRIAS DE ALIMENTAÇÃO DO SUL E TABACOS;INDUSTRIIndustriasAl;INDUSTRIAS;recurso+desambiguada;SINDICATO;trabalhadores;LISBOA;LISBOA;Extinta;1993-11-15;2011-11-15
1.323.1;SINDICATO DOS TRABALHADORES DAS INDÚSTRIAS DE BEBIDAS DO SUL E ILHAS;INDUSTRIASBEBIDASSUL;INDUSTRIASBEBIDASSUL;recurso;SINDICATO;trabalhadores;LISBOA;LISBOA;Extinta;1982-09-30;1982-09-30
1.107.0;SINDICATO DOS TRABALHADORES DAS INDÚSTRIAS DE CALÇADO, ARTIGOS DE PELE, MALAS, CORREARIA E SIMILARES DO CENTRO E SUL DE PORTUGAL;INDUSTRIASCALCADO;INDUSTRIASCALCADO;recurso;SINDICATO;trabalhadores;;LISBOA;Extinta;1975-08-19;1975-08-19
1.107.1;SINDICATO DOS TRABALHADORES DAS INDÚSTRIAS DE CALÇADO, ARTIGOS DE PELE, MALAS, CORREARIA E SIMILARES DO CENTRO, SUL E ILHAS;INDUSTRIASCALCADO;INDUSTRIASCALCADO;recurso;SINDICATO;trabalhadores;;LISBOA;Extinta;1978-12-22;1978-12-22
1.107.2;SINDICATO DOS TRABALHADORES DAS INDÚSTRIAS DE CALÇADO, MALAS, LUVAS , COMPONENTES E SIMILARES DO CENTRO, SUL E ILHAS;INDUSTRIASCALCADO;INDUSTRIASCALCADO;recurso;SINDICATO;trabalhadores;;LISBOA;Extinta;1989-04-15;1996-11-30
1.398.0;SINDICATO DOS TRABALHADORES DAS INDÚSTRIAS DE CELULOSE, FABRICAÇÃO E TRANSFORMAÇÃO DE PAPEL, GRÁFICA E IMPRENSA DO CENTRO;INDUSTRISantamariada;INDUSTRIASCELULOSE;recurso+desambiguada;SINDICATO;trabalhadores;SANTA MARIA DA FEIRA;AVEIRO;Extinta;1982-02-15;1996-07-15
1.373.0;SINDICATO DOS TRABALHADORES DAS INDÚSTRIAS DE CELULOSE, FABRICAÇÃO E TRANSFORMAÇÃO DE PAPEL, GRÁFICA E IMPRENSA DO SUL E ILHAS;INDUSTRIASCELULOSE;INDUSTRIASCELULOSE;recurso;SINDICATO;trabalhadores;;LISBOA;Extinta;1980-10-15;1996-07-15
1.375.0;SINDICATO DOS TRABALHADORES DAS INDÚSTRIAS DE CELULOSE, FABRICAÇÃO E TRANSFORMAÇÃO DO PAPEL, GRÁFICA E IMPRENSA DO NORTE;INDUSTRIASCELULPorto;INDUSTRIASCELULOSE;recurso+desambiguada;SINDICATO;trabalhadores;PORTO;PORTO;Extinta;1980-10-30;1996-07-15
1.9.0;SINDICATO DOS TRABALHADORES DAS INDÚSTRIAS DE CELULOSE, PAPEL, CARTONAGEM E AFINS (ZONA CENTRO);ZONACENTRO;ZONACENTRO;derivada;SINDICATO;trabalhadores;TOMAR;SANTARÉM;Extinta;1975-07-26;1980-11-30
1.183.0;SINDICATO DOS TRABALHADORES DAS INDÚSTRIAS DE CELULOSE, PAPEL, CARTONAGEM E AFINS - ZONA NORTE;ZONANORTE;ZONANORTE;derivada;SINDICATO;trabalhadores;PORTO;PORTO;Extinta;1975-08-30;1980-12-15
1.75.0;SINDICATO DOS TRABALHADORES DAS INDÚSTRIAS DE CELULOSE, PAPEL, CARTONAGEM E AFINS - ZONA SUL;ZONASUL;ZONASUL;derivada;SINDICATO;trabalhadores;LISBOA;LISBOA;Extinta;1975-08-07;1980-11-30
1.502.0;SINDICATO DOS TRABALHADORES DAS INDÚSTRIAS DE CELULOSE, PAPEL, GRÁFICA E IMPRENSA;INDUSTRIASCELULisboa;INDUSTRIASCELULOSE;recurso+desambiguada;SINDICATO;trabalhadores;LISBOA;LISBOA;Extinta;1996-07-15;2011-01-29
1.501.0;SINDICATO DOS TRABALHADORES DAS INDÚSTRIAS DE CERÂMICA, CIMENTOS E SIMILARES DA REGIÃO CENTRO;INDUSTRIASCERAM15011;INDUSTRIASCERAMICA;recurso+desambiguada;SINDICATO;trabalhadores;COIMBRA;COIMBRA;Activa;1996-06-30;2000-01-29
1.185.1;SINDICATO DOS TRABALHADORES DAS INDÚSTRIAS DE CERÂMICA, CIMENTOS E SIMILARES DA REGIÃO NORTE;INDUSTRIIndustriasCe;INDUSTRIASCERAMICA;recurso+desambiguada;SINDICATO;trabalhadores;;PORTO;Extinta;2001-09-08;2025-07-08
1.161.0;SINDICATO DOS TRABALHADORES DAS INDÚSTRIAS DE CERÂMICA, CIMENTOS E SIMILARES DO DISTRITO DE COIMBRA;INDUSTRIASCERCoimbra;INDUSTRIASCERAMICA;recurso+desambiguada;SINDICATO;trabalhadores;COIMBRA;COIMBRA;Extinta;1975-09-08;1996-06-30
1.86.0;SINDICATO DOS TRABALHADORES DAS INDÚSTRIAS DE CERÂMICA, CIMENTOS E SIMILARES DO DISTRITO DE LEIRIA;INDUSTRIASCERAMICA;INDUSTRIASCERAMICA;recurso;SINDICATO;trabalhadores;LEIRIA;LEIRIA;Extinta;1975-08-18;1996-06-30
1.185.0;SINDICATO DOS TRABALHADORES DAS INDÚSTRIAS DE CERÂMICA, CIMENTOS E SIMILARES DO DISTRITO DO PORTO;INDUSTRIIndustriasCe;INDUSTRIASCERAMICA;recurso+desambiguada;SINDICATO;trabalhadores;;PORTO;Extinta;1975-09-04;1999-07-29
1.503.0;SINDICATO DOS TRABALHADORES DAS INDÚSTRIAS DE CERÂMICA, CIMENTOS E SIMILARES DO SUL E REGIÕES AUTÓNOMAS;INDUSTRIASCERAM15031;INDUSTRIASCERAMICA;recurso+desambiguada;SINDICATO;trabalhadores;LISBOA;LISBOA;Activa;1997-01-30;2012-07-08
1.295.0;SINDICATO DOS TRABALHADORES DAS INDÚSTRIAS DE CERÂMICA, CIMENTOS E SIMILARES DOS DISTRITOS DE AVEIRO, VISEU E GUARDA;INDUSTRIASCERAAveiro;INDUSTRIASCERAMICA;recurso+desambiguada;SINDICATO;trabalhadores;AVEIRO;AVEIRO;Activa;1976-01-23;1979-08-22
1.238.0;SINDICATO DOS TRABALHADORES DAS INDÚSTRIAS DE CERÂMICA, CIMENTOS E SIMILARES DOS DISTRITOS DE LISBOA, SANTARÉM E PORTALEGRE;INDUSTRIASCERALisboa;INDUSTRIASCERAMICA;recurso+desambiguada;SINDICATO;trabalhadores;LISBOA;LISBOA;Extinta;1975-09-02;1997-01-30
1.503.1;SINDICATO DOS TRABALHADORES DAS INDÚSTRIAS DE CERÂMICA, CIMENTOS E SIMILARES, CONSTRUÇAO, MADEIRAS, MARMORES E CORTIÇAS DO SUL E REGIOES AUTONOMAS;INDUSTRIASCERAM15031;INDUSTRIASCERAMICA;recurso+desambiguada;SINDICATO;trabalhadores;LISBOA;LISBOA;Activa;2014-07-16;2014-08-29
1.503.2;SINDICATO DOS TRABALHADORES DAS INDÚSTRIAS DE CERÂMICA, CIMENTOS E SIMILARES, CONSTRUÇAO, MADEIRAS, MARMORES E CORTIÇAS DO SUL E REGIOES AUTONOMAS;STCCMCS;STCCMCS;registo;SINDICATO;trabalhadores;LISBOA;LISBOA;Activa;2015-06-29;2024-06-22
1.501.1;SINDICATO DOS TRABALHADORES DAS INDÚSTRIAS DE CERÂMICA, CIMENTOS, CONSTRUÇÃO, MADEIRAS, MÁRMORES E SIMILARES DA REGIÃO CENTRO;INDUSTRIASCERAM15011;INDUSTRIASCERAMICA;recurso+desambiguada;SINDICATO;trabalhadores;COIMBRA;COIMBRA;Activa;2001-08-08;2022-12-15
1.342.0;SINDICATO DOS TRABALHADORES DAS INDÚSTRIAS DE CONSTRUÇÃO CIVIL, MADEIRAS, MÁRMORES E PEDREIRAS DO DISTRITO DO PORTO;INDUSTRIASCONSTPorto;INDUSTRIASCONSTRUCAO;recurso+desambiguada;SINDICATO;trabalhadores;PORTO;PORTO;Activa;1978-05-29;1983-01-30
1.445.1;SINDICATO DOS TRABALHADORES DAS INDÚSTRIAS DE CONSTRUÇÃO, CERÂMICA E SIMILARES, MADEIRAS, MÁRMORES E PEDREIRAS DE DE VIANA DO CASTELO E NORTE;SCMPVCN;SCMPVCN;registo;SINDICATO;trabalhadores;VIANA DO CASTELO;VIANA DO CASTELO;Activa;2015-07-31;2024-09-08
1.342.1;SINDICATO DOS TRABALHADORES DAS INDÚSTRIAS DE CONSTRUÇÃO, MADEIRAS, MÁRMORES E PEDREIRAS DOS DISTRITOS DO PORTO E AVEIRO;INDUSTRIASCONSTPorto;INDUSTRIASCONSTRUCAO;recurso+desambiguada;SINDICATO;trabalhadores;PORTO;PORTO;Activa;1983-02-15;1996-04-30
1.55.0;SINDICATO DOS TRABALHADORES DAS INDÚSTRIAS DE MADEIRA DO DISTRITO DE AVEIRO;INDUSTRIASMADEIRA;INDUSTRIASMADEIRA;recurso;SINDICATO;trabalhadores;ESPINHO;AVEIRO;Extinta;1975-08-30;1979-10-29
1.169.0;SINDICATO DOS TRABALHADORES DAS INDÚSTRIAS DE PANIFICAÇÃO E PRODUTOS ALIMENTARES AFINS DO ALENTEJO E ALGARVE;INDUSTRIASEvora;INDUSTRIAS;recurso+desambiguada;SINDICATO;trabalhadores;ÉVORA;ÉVORA;Extinta;1975-08-13;1979-06-15
1.24.0;SINDICATO DOS TRABALHADORES DAS INDÚSTRIAS DE PANIFICAÇÃO E PRODUTOS ALIMENTARES AFINS DO DISTRITO DE LEIRIA;INDUSTRIASLeiria;INDUSTRIAS;recurso+desambiguada;SINDICATO;trabalhadores;LEIRIA;LEIRIA;Extinta;1975-07-26;1979-06-15
1.102.0;SINDICATO DOS TRABALHADORES DAS INDÚSTRIAS DE PANIFICAÇÃO E PRODUTOS ALIMENTARES AFINS DO DISTRITOS DE LISBOA;INDUSTRIIndustriasPa;INDUSTRIAS;recurso+desambiguada;SINDICATO;trabalhadores;LISBOA;LISBOA;Extinta;1975-08-11;1979-06-15
1.60.0;SINDICATO DOS TRABALHADORES DAS INDÚSTRIAS DE PAPEL, OFÍCIOS CORRELATIVOS E AFINS DO DISTRITO DE COIMBRA;INDUSTRIASPAPEL;INDUSTRIASPAPEL;recurso;SINDICATO;trabalhadores;LOUSÃ;COIMBRA;Extinta;1975-10-14;1982-02-15
1.37.1;SINDICATO DOS TRABALHADORES DAS INDÚSTRIAS E COMÉRCIO DE PANIFICAÇÃO, MOAGENS, CONFEITARIA, PASTELARIA E SIMILARES DO MINHO;INDUSTRIASCOMERCIO;INDUSTRIASCOMERCIO;recurso;SINDICATO;trabalhadores;BRAGA;BRAGA;Extinta;1990-08-15;2020-08-29
1.237.1;SINDICATO DOS TRABALHADORES DAS INDÚSTRIAS ELÉCTRICAS DO NORTE;INDUSTRIASELECTRICAS;INDUSTRIASELECTRICAS;recurso;SINDICATO;trabalhadores;PORTO;PORTO;Extinta;1979-04-08;1989-04-30
1.575.0;SINDICATO DOS TRABALHADORES DAS INDÚSTRIAS ELÉCTRICAS DO NORTE E CENTRO;STIENC;STIENC;registo;SINDICATO;trabalhadores;PORTO;PORTO;Extinta;2007-07-15;2010-07-15
1.17.1;SINDICATO DOS TRABALHADORES DAS INDÚSTRIAS METALÚRGICA E METALOMECÂNICA DO DISTRITO DE VIANA DO CASTELO;INDUSTRIAS;INDUSTRIAS;recurso;SINDICATO;trabalhadores;VIANA DO CASTELO;VIANA DO CASTELO;Activa;1981-06-30;2025-06-15
1.139.1;SINDICATO DOS TRABALHADORES DAS INDÚSTRIAS METALÚRGICA E METALOMECÂNICA DO DISTRITO DO PORTO;STIMM;STIMM;registo;SINDICATO;trabalhadores;PORTO;PORTO;Extinta;1981-03-21;1997-08-15
1.139.2;SINDICATO DOS TRABALHADORES DAS INDÚSTRIAS METALÚRGICA E METALOMECÂNICA DO NORTE;INDUSTRIAS11392;INDUSTRIAS;recurso+desambiguada;SINDICATO;trabalhadores;;PORTO;Extinta;1997-01-30;2010-07-15
1.155.1;SINDICATO DOS TRABALHADORES DAS INDÚSTRIAS METALÚRGICAS E METALOMECÂNICAS DO DISTRITO DE AVEIRO;INDUSTRIAS11551;INDUSTRIAS;recurso+desambiguada;SINDICATO;trabalhadores;;AVEIRO;Extinta;1980-01-08;2004-08-29
1.174.1;SINDICATO DOS TRABALHADORES DAS INDÚSTRIAS METALÚRGICAS E METALOMECÂNICAS DO DISTRITO DE BRAGA;INDUSTRIASBraga;INDUSTRIAS;recurso+desambiguada;SINDICATO;trabalhadores;BRAGA;BRAGA;Extinta;1983-03-30;2010-07-15
1.71.1;SINDICATO DOS TRABALHADORES DAS INDÚSTRIAS METALÚRGICAS E METALOMECÂNICAS DO DISTRITO DE COIMBRA;INDUSTRIIndustriasMe;INDUSTRIAS;recurso+desambiguada;SINDICATO;trabalhadores;;COIMBRA;Extinta;1981-08-29;1995-03-30
1.147.1;SINDICATO DOS TRABALHADORES DAS INDÚSTRIAS METALÚRGICAS E METALOMECÂNICAS DO DISTRITO DE LEIRIA;INDUSTRIAS11471;INDUSTRIAS;recurso+desambiguada;SINDICATO;trabalhadores;;LEIRIA;Extinta;1982-06-15;1995-03-30
1.52.1;SINDICATO DOS TRABALHADORES DAS INDÚSTRIAS METALÚRGICAS E METALOMECÂNICAS DO DISTTRITO DE VISEU;INDUSTRIASViseu;INDUSTRIAS;recurso+desambiguada;SINDICATO;trabalhadores;VISEU;VISEU;Extinta;1982-03-15;1995-07-15
1.32.1;SINDICATO DOS TRABALHADORES DAS INDÚSTRIAS METALÚRGICAS E METALOMECANICAS DO DISTTRITOS DE SANTAREM;INDUSTRIASAbrantes;INDUSTRIAS;recurso+desambiguada;SINDICATO;trabalhadores;ABRANTES;SANTARÉM;Extinta;1981-03-21;2000-11-20
1.388.0;SINDICATO DOS TRABALHADORES DAS INDÚSTRIAS METALÚRGICAS E METALOMECÂNICAS DO SUL;INDUSTRIASSetubal;INDUSTRIAS;recurso+desambiguada;SINDICATO;trabalhadores;SETÚBAL;SETÚBAL;Extinta;1981-07-30;2010-07-15
1.155.2;SINDICATO DOS TRABALHADORES DAS INDÚSTRIAS METALÚRGICAS E METALOMECÂNICAS DOS DISTRITOS DE AVEIRO E VISEU;INDUSTRIAS11551;INDUSTRIAS;recurso+desambiguada;SINDICATO;trabalhadores;;AVEIRO;Extinta;1995-05-30;1995-05-30
1.155.3;SINDICATO DOS TRABALHADORES DAS INDÚSTRIAS METALÚRGICAS E METALOMECÂNICAS DOS DISTRITOS DE AVEIRO, VISEU E GUARDA;STMMDAVG;STMMDAVG;registo;SINDICATO;trabalhadores;;AVEIRO;Extinta;1998-05-30;2001-07-29
1.155.4;SINDICATO DOS TRABALHADORES DAS INDÚSTRIAS METALÚRGICAS E METALOMECÂNICAS DOS DISTRITOS DE AVEIRO, VISEU, GUARDA E COIMBRA;STMMDAVG;STMMDAVG;registo;SINDICATO;trabalhadores;;AVEIRO;Extinta;2007-05-22;2010-07-15
1.492.0;SINDICATO DOS TRABALHADORES DAS INDÚSTRIAS METALÚRGICAS E METALOMECÂNICAS DOS DISTRITOS DE COIMBRA E LEIRIA;INDUSTRIAS14920;INDUSTRIAS;recurso+desambiguada;SINDICATO;trabalhadores;;LEIRIA;Extinta;1995-03-30;2007-05-22
1.30.1;SINDICATO DOS TRABALHADORES DAS INDÚSTRIAS QUIMICAS DO CENTRO E ILHAS;INDUSTRIASQUIMICAS;INDUSTRIASQUIMICAS;recurso;SINDICATO;trabalhadores;LISBOA;LISBOA;Extinta;1980-05-22;1996-05-30
1.30.0;SINDICATO DOS TRABALHADORES DAS INDÚSTRIAS QUIMICAS DO CENTRO SUL E ILHAS ADJACENTES E DAS MOAGENS DO CENTRO E SUL;INDUSTRIASQUIMICAS;INDUSTRIASQUIMICAS;recurso;SINDICATO;trabalhadores;LISBOA;LISBOA;Extinta;1975-07-29;1975-07-29
1.203.1;SINDICATO DOS TRABALHADORES DAS INDÚSTRIAS QUÍMICAS DO NORTE;STIQN;STIQN;registo;SINDICATO;trabalhadores;PORTO;PORTO;Extinta;1981-12-30;1981-12-30
1.90.0;SINDICATO DOS TRABALHADORES DAS INDÚSTRIAS QUIMICAS DO SUL;STIQS;STIQS;registo;SINDICATO;trabalhadores;SETÚBAL;SETÚBAL;Extinta;1975-08-09;1996-05-30
1.203.2;SINDICATO DOS TRABALHADORES DAS INDÚSTRIAS QUÍMICAS, PETRÓLEO E GÁS DO NORTE;STIQN;STIQN;registo;SINDICATO;trabalhadores;PORTO;PORTO;Extinta;1994-11-15;1996-05-30
1.594.0;SINDICATO DOS TRABALHADORES DAS INDÚSTRIAS TRANSFORMADORAS, ENERGIA E ACTIVIDADES DO AMBIENTE DO CENTRO NORTE;SITECN;SITECN;registo;SINDICATO;trabalhadores;;PORTO;Activa;2010-07-15;2023-04-22
1.591.0;SINDICATO DOS TRABALHADORES DAS INDÚSTRIAS TRANSFORMADORAS, ENERGIA E ACTIVIDADES DO AMBIENTE DO CENTRO SUL E REGIOES AUTONOMAS;SITECSRA;SITECSRA;registo;SINDICATO;trabalhadores;LISBOA;LISBOA;Activa;2010-07-15;2023-05-22
1.592.0;SINDICATO DOS TRABALHADORES DAS INDÚSTRIAS TRANSFORMADORAS, ENERGIA E ACTIVIDADES DO AMBIENTE DO NORTE;SITENORTE;SITENORTE;registo;SINDICATO;trabalhadores;PORTO;PORTO;Activa;2010-07-15;2023-03-29
1.593.0;SINDICATO DOS TRABALHADORES DAS INDÚSTRIAS TRANSFORMADORAS, ENERGIA E ACTIVIDADES DO AMBIENTE DO SUL (SITE SUL);SITESUL;SITESUL;registo;SINDICATO;trabalhadores;SETÚBAL;SETÚBAL;Activa;2010-07-15;2026-07-22
1.651.0;SINDICATO DOS TRABALHADORES DAS INFRAESTRUTURAS RODOVIARIAS;STIR;STIR;registo;SINDICATO;trabalhadores;LISBOA;LISBOA;Activa;2019-06-08;2026-07-08
1.22.0;SINDICATO DOS TRABALHADORES DAS MADEIRAS DOS DISTRITOS DE VISEU E GUARDA;MADEIRASDISTRITOS;MADEIRASDISTRITOS;recurso;SINDICATO;trabalhadores;VISEU;VISEU;Extinta;1975-07-23;1980-07-15
1.457.0;SINDICATO DOS TRABALHADORES DAS SALAS DE JOGOS;STSJ;STSJ;registo;SINDICATO;trabalhadores;ESPINHO;AVEIRO;Activa;0225-10-10;2025-11-15
1.356.0;SINDICATO DOS TRABALHADORES DAS SERRAÇÕES DE MADEIRAS DO DISTRITO DE BRAGA;SERRACOESMADEIRAS;SERRACOESMADEIRAS;recurso;SINDICATO;trabalhadores;BARCELOS;BRAGA;Extinta;1979-05-15;1982-06-30
1.119.0;SINDICATO DOS TRABALHADORES DAS TELECOMUNICAÇÕES;TELECOMUNICACOES;TELECOMUNICACOES;recurso;SINDICATO;trabalhadores;LISBOA;LISBOA;Activa;1975-08-14;1975-08-14
1.567.0;SINDICATO DOS TRABALHADORES DE AGRICULTURA E DAS INDÚSTRIAS DE ALIMENTAÇÃO, BEBIDAS E TABACOS DE PORTUGAL;SINTAB;SINTAB;registo;SINDICATO;trabalhadores;LISBOA;LISBOA;Activa;2006-04-29;2026-05-29
1.672.0;SINDICATO DOS TRABALHADORES DE AGROPECUÁRIA, INDÚSTRIAS TRANSFORMADORAS, CONSTRUÇÃO, COMÉRCIO, RETALHO, SERVIÇOS DE LIMPEZA E SEGURANÇA;SINTCAD;SINTCAD;registo;SINDICATO;trabalhadores;;LISBOA;Activa;2021-11-28;2022-01-22
1.69.0;SINDICATO DOS TRABALHADORES DE ALFAIATARIA, COSTURA E SIMILARES DE VISEU;ALFAIATARIACOSTURA;ALFAIATARIACOSTURA;recurso;SINDICATO;trabalhadores;VISEU;VISEU;Extinta;1975-08-11;1979-09-08
1.476.1;SINDICATO DOS TRABALHADORES DE APOIO EDUCATIVO E SOCIAL DO SUL E REGIÕES AUTÓNOMAS;STAAESULER;STAAESULER;registo;SINDICATO;trabalhadores;LISBOA;LISBOA;Activa;2025-09-03;2025-10-15
1.193.0;SINDICATO DOS TRABALHADORES DE CALÇADO, MALAS E AFINS DO DISTRITO DO PORTO;CALCADOMALASAFINS;CALCADOMALASAFINS;recurso;SINDICATO;trabalhadores;PORTO;PORTO;Extinta;1975-08-30;1975-08-30
1.193.1;SINDICATO DOS TRABALHADORES DE CALÇADO, MALAS, COMPONENTES, FORMAS E OFÍCIOS AFINS DO DISTRITO DO PORTO;CALCADOMALAS;CALCADOMALAS;recurso;SINDICATO;trabalhadores;PORTO;PORTO;Extinta;1982-03-15;2006-03-22
1.609.0;SINDICATO DOS TRABALHADORES DE CALL CENTER;CALLCENTER;CALLCENTER;recurso;SINDICATO;trabalhadores;LISBOA;LISBOA;Activa;2014-06-15;2023-03-15
1.281.0;SINDICATO DOS TRABALHADORES DE ESCRITÓRIO DO DISTRITO DE BRAGA;ESCRITORIODISTRBraga;ESCRITORIODISTRITO;recurso+desambiguada;SINDICATO;trabalhadores;BRAGA;BRAGA;Extinta;1975-10-06;1975-10-06
1.195.0;SINDICATO DOS TRABALHADORES DE ESCRITÓRIO DO DISTRITO DE COIMBRA;ESCRITORIODISCoimbra;ESCRITORIODISTRITO;recurso+desambiguada;SINDICATO;trabalhadores;COIMBRA;COIMBRA;Extinta;1975-08-30;1981-08-15
1.218.0;SINDICATO DOS TRABALHADORES DE ESCRITÓRIO DO DISTRITO DE LISBOA;ESCRITORIODISTLisboa;ESCRITORIODISTRITO;recurso+desambiguada;SINDICATO;trabalhadores;LISBOA;LISBOA;Activa;1975-12-17;1975-12-17
1.108.0;SINDICATO DOS TRABALHADORES DE ESCRITÓRIO DO DISTRITO DE SETÚBAL;ESCRITORIODISTRITO;ESCRITORIODISTRITO;recurso;SINDICATO;trabalhadores;SETÚBAL;SETÚBAL;Extinta;1975-08-20;1975-08-20
1.133.0;SINDICATO DOS TRABALHADORES DE ESCRITÓRIO DO DISTRITO DO PORTO;ESCRITORIODISTRPorto;ESCRITORIODISTRITO;recurso+desambiguada;SINDICATO;trabalhadores;PORTO;PORTO;Extinta;1975-08-23;1975-08-23
1.49.0;SINDICATO DOS TRABALHADORES DE ESCRITÓRIO E COMÉRCIO DO DISTRITO DE PORTALEGRE;ESCRITORIOCOMERCIO;ESCRITORIOCOMERCIO;recurso;SINDICATO;trabalhadores;PORTALEGRE;PORTALEGRE;Extinta;1975-08-02;1975-08-02
1.280.0;SINDICATO DOS TRABALHADORES DE ESCRITÓRIO E COMÉRCIO DO DISTRITO DE VIANA DO CASTELO;ESCRITORVianadocaste;ESCRITORIOCOMERCIO;recurso+desambiguada;SINDICATO;trabalhadores;VIANA DO CASTELO;VIANA DO CASTELO;Extinta;1975-09-24;1996-02-15
1.207.0;SINDICATO DOS TRABALHADORES DE ESCRITÓRIO E COMÉRCIO DO DISTRITO DE VISEU;ESCRITORIOCOMERViseu;ESCRITORIOCOMERCIO;recurso+desambiguada;SINDICATO;trabalhadores;VISEU;VISEU;Extinta;1975-08-13;1975-08-13
1.125.0;SINDICATO DOS TRABALHADORES DE ESCRITORIO E COMÉRCIO DOS DISTRITOS DE VILA REAL E BRAGANÇA;ESCRITORIOEscritorio;ESCRITORIOCOMERCIO;recurso+desambiguada;SINDICATO;trabalhadores;VILA REAL;VILA REAL;Extinta;1975-08-19;2011-07-22
1.222.0;SINDICATO DOS TRABALHADORES DE ESCRITÓRIO E DO COMÉRCIO DO DISTRITO DE AVEIRO;ESCRITOREscritorioCo;ESCRITORIOCOMERCIO;recurso+desambiguada;SINDICATO;trabalhadores;;AVEIRO;Activa;1975-08-26;1979-04-08
1.218.1;SINDICATO DOS TRABALHADORES DE ESCRITÓRIO E SERVIÇOS;SITESE;SITESE;registo;SINDICATO;trabalhadores;LISBOA;LISBOA;Activa;1979-03-29;1979-03-29
1.281.1;SINDICATO DOS TRABALHADORES DE ESCRITÓRIO E SERVIÇOS DO DISTRITO DE BRAGA (STESDB);STESDB;STESDB;registo;SINDICATO;trabalhadores;BRAGA;BRAGA;Extinta;1980-07-15;1980-07-15
1.108.1;SINDICATO DOS TRABALHADORES DE ESCRITÓRIO E SERVIÇOS DO DISTRITO DE SETÚBAL;STESDIS;STESDIS;registo;SINDICATO;trabalhadores;SETÚBAL;SETÚBAL;Extinta;1979-12-22;1979-12-22
1.218.2;SINDICATO DOS TRABALHADORES DE ESCRITÓRIO, COMÉRCIO E SERVIÇOS;SITESE;SITESE;registo;SINDICATO;trabalhadores;LISBOA;LISBOA;Activa;1980-10-30;1983-06-30
1.49.1;SINDICATO DOS TRABALHADORES DE ESCRITÓRIO, COMÉRCIO E SERVIÇOS DO DISTRITO DE PORTALEGRE;SITESC;SITESC;registo;SINDICATO;trabalhadores;PORTALEGRE;PORTALEGRE;Extinta;1981-06-15;1984-01-30
1.207.1;SINDICATO DOS TRABALHADORES DE ESCRITÓRIO, COMÉRCIO E SERVIÇOS DO DISTRITO DE VISEU;SINDECS;SINDECS;registo;SINDICATO;trabalhadores;VISEU;VISEU;Extinta;1985-08-15;1998-07-30
1.218.4;SINDICATO DOS TRABALHADORES DE ESCRITÓRIO, COMÉRCIO, HOTELARIA E SERVIÇOS;SITESE;SITESE;registo;SINDICATO;trabalhadores;LISBOA;LISBOA;Activa;1997-12-18;2002-05-22
1.218.3;SINDICATO DOS TRABALHADORES DE ESCRITÓRIO, COMÉRCIO, SERVIÇOS E NOVAS TECNOLOGIAS;SITESE;SITESE;registo;SINDICATO;trabalhadores;LISBOA;LISBOA;Activa;1987-01-15;1994-05-15
1.108.2;SINDICATO DOS TRABALHADORES DE ESCRITÓRIO, INFORMÁTICA E SERVIÇOS DA REGIÃO SUL;STEIS;STEIS;registo;SINDICATO;trabalhadores;SETÚBAL;SETÚBAL;Extinta;1990-02-28;2007-10-15
1.133.1;SINDICATO DOS TRABALHADORES DE ESCRITÓRIO, SERVIÇOS E COMÉRCIO;SITESCritorios;SITESC;registo+desambiguada;SINDICATO;trabalhadores;PORTO;PORTO;Extinta;1984-05-15;2003-03-15
1.281.2;SINDICATO DOS TRABALHADORES DE ESCRITÓRIO, SERVIÇOS E COMÉRCIO DE BRAGA;STESCB;STESCB;registo;SINDICATO;trabalhadores;BRAGA;BRAGA;Extinta;1984-12-30;1996-11-15
1.133.4;SINDICATO DOS TRABALHADORES DE ESCRITÓRIOS, SERVIÇOS, COMÉRCIO, ALIMENTAÇÃO, HOTELARIA E TURISMO;SITESCritorios;SITESC;registo+desambiguada;SINDICATO;trabalhadores;PORTO;PORTO;Extinta;2010-12-29;2017-06-08
1.227.0;SINDICATO DOS TRABALHADORES DE ESPECTÁCULOS;ESPECTACULOS;ESPECTACULOS;recurso;SINDICATO;trabalhadores;LISBOA;LISBOA;Extinta;1975-09-02;2017-06-22
1.627.0;SINDICATO DOS TRABALHADORES DE ESPECTACULOS, DO AUDIOVISUAL E DO MUSICOS;CENASTE;CENASTE;registo;SINDICATO;trabalhadores;LISBOA;LISBOA;Activa;2017-06-22;2026-01-15
1.517.1;SINDICATO DOS TRABALHADORES DE HANDLING, DA AVIAÇÃO E AEROPORTOS;STHAA;STHAA;registo;SINDICATO;trabalhadores;LISBOA;LISBOA;Activa;2023-04-26;2026-06-22
1.279.0;SINDICATO DOS TRABALHADORES DE LANIFICIOS DO DISTRITO DE CASTELO BRANCO;LANIFICIOSDISTRITO;LANIFICIOSDISTRITO;recurso;SINDICATO;trabalhadores;COVILHÃ;CASTELO BRANCO;Activa;1975-08-23;1979-08-15
1.76.0;SINDICATO DOS TRABALHADORES DE LANIFÍCIOS DO NORTE;LANIFICIOSNORTE;LANIFICIOSNORTE;recurso;SINDICATO;trabalhadores;PORTO;PORTO;Extinta;1975-08-07;1982-06-15
1.231.0;SINDICATO DOS TRABALHADORES DE LANIFÍCIOS DOS DISTRITOS DA GUARDA E VISEU;LANIFICIOSDISTRITOS;LANIFICIOSDISTRITOS;recurso;SINDICATO;trabalhadores;GOUVEIA;GUARDA;Activa;1975-09-17;1975-09-17
1.187.0;SINDICATO DOS TRABALHADORES DE SEGUROS DO NORTE;STSN;STSN;registo;SINDICATO;trabalhadores;PORTO;PORTO;Activa;1975-09-04;1999-07-29
1.85.0;SINDICATO DOS TRABALHADORES DE SEGUROS DO SUL;SEGUROSSUL;SEGUROSSUL;recurso;SINDICATO;trabalhadores;LISBOA;LISBOA;Activa;1975-07-30;1975-07-30
1.85.1;SINDICATO DOS TRABALHADORES DE SEGUROS DO SUL E ILHAS;STSSI;STSSI;registo;SINDICATO;trabalhadores;LISBOA;LISBOA;Activa;1979-06-22;1979-06-22
1.85.2;SINDICATO DOS TRABALHADORES DE SEGUROS DO SUL E REGIÕES AUTÓNOMAS;STSSRA;STSSRA;registo;SINDICATO;trabalhadores;LISBOA;LISBOA;Activa;1987-06-30;1999-04-29
1.152.2;SINDICATO DOS TRABALHADORES DE SERVIÇOS DE PORTARIA, VIGILÂNCIA, LIMPEZA, DOMÉSTICAS E ACTIVIDADES DIVERSAS;STAD;STAD;registo;SINDICATO;trabalhadores;LISBOA;LISBOA;Activa;1998-10-27;2024-05-22
1.152.1;SINDICATO DOS TRABALHADORES DE SERVIÇOS DE PORTARIA, VIGILÂNCIA, LIMPEZA, DOMÉSTICAS E PROFISSÕES SIMILARES E ACTIVIDADES DIVERSAS;SERVICOSPORTARIA;SERVICOSPORTARIA;recurso;SINDICATO;trabalhadores;;LISBOA;Activa;1991-07-30;2001-12-15
1.119.1;SINDICATO DOS TRABALHADORES DE TELECOMUNICAÇÕES E COMUNICAÇÃO AUDIOVISUAL;STT;STT;registo;SINDICATO;trabalhadores;LISBOA;LISBOA;Activa;1984-08-30;2025-01-15
1.173.1;SINDICATO DOS TRABALHADORES DE TERRA DA MARINHA MERCANTE, AERONAVEGAÇÃO E PESCA;TERRAMARINHAMERCANTE;TERRAMARINHAMERCANTE;recurso;SINDICATO;trabalhadores;LISBOA;LISBOA;Activa;1979-10-29;2003-07-29
1.113.1;SINDICATO DOS TRABALHADORES DE TRANSPORTES RODOVIÁRIOS DE AVEIRO;TRANSPOROliveiradeaz;TRANSPORTES;recurso+desambiguada;SINDICATO;trabalhadores;OLIVEIRA DE AZEMÉIS;AVEIRO;Extinta;1981-10-30;2007-01-29
1.382.0;SINDICATO DOS TRABALHADORES DE TRANSPORTES RODOVIÁRIOS DO SUL;TRANSPORTESSetubal;TRANSPORTES;recurso+desambiguada;SINDICATO;trabalhadores;SETÚBAL;SETÚBAL;Extinta;1981-03-21;2006-08-29
1.565.0;SINDICATO DOS TRABALHADORES DE TRANSPORTES RODOVIÁRIOS E URBANOS DE PORTUGAL;STRUP;STRUP;registo;SINDICATO;trabalhadores;LISBOA;LISBOA;Activa;2006-08-29;2022-12-22
1.245.1;SINDICATO DOS TRABALHADORES DE TRANSPORTES RODOVIÁRIOS E URBANOS DE VIANA DO CASTELO;TRANSPORVianadocaste;TRANSPORTES;recurso+desambiguada;SINDICATO;trabalhadores;VIANA DO CASTELO;VIANA DO CASTELO;Extinta;1983-10-30;2006-05-15
1.201.1;SINDICATO DOS TRABALHADORES DE TRANSPORTES RODOVIÁRIOS E URBANOS DE VISEU;TRANSPORTESViseu;TRANSPORTES;recurso+desambiguada;SINDICATO;trabalhadores;VISEU;VISEU;Extinta;1983-07-15;1983-07-15
1.201.2;SINDICATO DOS TRABALHADORES DE TRANSPORTES RODOVIÁRIOS E URBANOS DE VISEU E GUARDA;STTRUVG;STTRUVG;registo;SINDICATO;trabalhadores;VISEU;VISEU;Extinta;1991-04-30;1999-12-08
1.394.0;SINDICATO DOS TRABALHADORES DE TRANSPORTES RODOVIÁRIOS E URBANOS DO CENTRO;STTRUC;STTRUC;registo;SINDICATO;trabalhadores;;LISBOA;Extinta;1981-09-30;2006-08-29
1.392.1;SINDICATO DOS TRABALHADORES DE TRANSPORTES RODOVIÁRIOS E URBANOS DO NORTE;STRUN;STRUN;registo;SINDICATO;trabalhadores;PORTO;PORTO;Activa;1984-03-30;2025-03-22
1.392.0;SINDICATO DOS TRABALHADORES DE TRANSPORTES RODOVIÁRIOS E URBANOS DO PORTO;TRANSPORTES13920;TRANSPORTES;recurso+desambiguada;SINDICATO;trabalhadores;PORTO;PORTO;Activa;1981-08-29;1981-08-29
1.272.1;SINDICATO DOS TRABALHADORES DE VESTUÁRIO;VESTUARIO;VESTUARIO;recurso;SINDICATO;trabalhadores;;BRAGA;Activa;1980-10-30;1980-10-30
1.272.0;SINDICATO DOS TRABALHADORES DE VESTUÁRIO, LAVANDARIAS E TINTURARIAS DO DISTRITO DE BRAGA;VESTUARIOLAVestuario;VESTUARIOLAVANDARIAS;recurso+desambiguada;SINDICATO;trabalhadores;;BRAGA;Activa;1975-09-24;1977-11-29
1.150.0;SINDICATO DOS TRABALHADORES DO COMÉRCIO;COMERCIO;COMERCIO;recurso;SINDICATO;trabalhadores;LISBOA;LISBOA;Extinta;1975-07-29;1975-07-29
1.208.0;SINDICATO DOS TRABALHADORES DO COMÉRCIO;COMERCIOComercio;COMERCIO;recurso+desambiguada;SINDICATO;trabalhadores;PORTO;PORTO;Extinta;1975-08-23;1975-08-23
1.58.0;SINDICATO DOS TRABALHADORES DO COMÉRCIO DO DISTRITO DE COIMBRA;COMERCIODISTRITO;COMERCIODISTRITO;recurso;SINDICATO;trabalhadores;COIMBRA;COIMBRA;Extinta;1975-08-06;1981-08-15
1.141.0;SINDICATO DOS TRABALHADORES DO COMÉRCIO DO DISTRITO DE SETÚBAL;COMERCIODISTComercio;COMERCIODISTRITO;recurso+desambiguada;SINDICATO;trabalhadores;SETÚBAL;SETÚBAL;Extinta;1975-08-11;1982-04-30
1.284.0;SINDICATO DOS TRABALHADORES DO COMÉRCIO E ESCRITÓRIO DO DISTRITO DE CASTELO BRANCO;COMERCIOESCRComercio;COMERCIOESCRITORIO;recurso+desambiguada;SINDICATO;trabalhadores;COVILHÃ;CASTELO BRANCO;Extinta;1975-10-01;1998-07-30
1.81.0;SINDICATO DOS TRABALHADORES DO COMÉRCIO E ESCRITÓRIO DO DISTRITO DE LEIRIA;COMERCIOESCRITORIO;COMERCIOESCRITORIO;recurso;SINDICATO;trabalhadores;LEIRIA;LEIRIA;Extinta;1975-07-30;1997-06-15
1.132.0;SINDICATO DOS TRABALHADORES DO COMÉRCIO E SERVIÇOS (DISTRITO DE SANTARÉM);DISTRITODESANTAREM;DISTRITODESANTAREM;derivada;SINDICATO;trabalhadores;;SANTARÉM;Extinta;1975-08-23;1998-07-30
1.271.0;SINDICATO DOS TRABALHADORES DO COMÉRCIO E SERVIÇOS DO DISTRITO DE BEJA;COMERCIOSERVICOEvora;COMERCIOSERVICOS;recurso+desambiguada;SINDICATO;trabalhadores;ÉVORA;BEJA;Extinta;1975-09-16;1982-04-30
1.177.1;SINDICATO DOS TRABALHADORES DO COMÉRCIO E SERVIÇOS DO DISTRITO DE BRAGA;COMERCIOSERVComercio;COMERCIOSERVICOS;recurso+desambiguada;SINDICATO;trabalhadores;BRAGA;BRAGA;Activa;1981-05-15;1981-05-15
1.123.1;SINDICATO DOS TRABALHADORES DO COMÉRCIO E SERVIÇOS DO DISTRITO DE ÉVORA;COMERCIOSERVICOS;COMERCIOSERVICOS;recurso;SINDICATO;trabalhadores;ÉVORA;ÉVORA;Extinta;1980-05-22;1982-04-30
1.150.1;SINDICATO DOS TRABALHADORES DO COMÉRCIO E SERVIÇOS DO DISTRITO DE LISBOA;CESL;CESL;registo;SINDICATO;trabalhadores;LISBOA;LISBOA;Extinta;1980-03-08;1997-07-30
1.208.1;SINDICATO DOS TRABALHADORES DO COMÉRCIO E SERVIÇOS DO DISTRITO DO PORTO;COMERCIOSERVICOPorto;COMERCIOSERVICOS;recurso+desambiguada;SINDICATO;trabalhadores;PORTO;PORTO;Extinta;1986-01-15;1986-01-15
1.177.0;SINDICATO DOS TRABALHADORES DO COMÉRCIO E SIMILARES DO DISTRITO DE BRAGA;COMERCIOSIMILARES;COMERCIOSIMILARES;recurso;SINDICATO;trabalhadores;BRAGA;BRAGA;Activa;1975-09-16;1975-09-16
1.391.0;SINDICATO DOS TRABALHADORES DO COMÉRCIO, ESCRITÓRIO E SERVIÇOS DO DISTRITO DE COIMBRA;COMERCIOESCRICoimbra;COMERCIOESCRITORIO;recurso+desambiguada;SINDICATO;trabalhadores;COIMBRA;COIMBRA;Extinta;1981-08-15;1998-07-30
1.81.1;SINDICATO DOS TRABALHADORES DO COMÉRCIO, ESCRITÓRIO E SERVIÇOS DO DISTRITO DE LEIRIA;COMERCIOESCRITORIO;COMERCIOESCRITORIO;recurso;SINDICATO;trabalhadores;LEIRIA;LEIRIA;Extinta;1994-05-15;1998-07-30
1.400.0;SINDICATO DOS TRABALHADORES DO COMÉRCIO, ESCRITÓRIO E SERVIÇOS DO SUL;CESSUL;CESSUL;registo;SINDICATO;trabalhadores;SETÚBAL;SETÚBAL;Extinta;1982-04-30;1998-07-30
1.518.0;SINDICATO DOS TRABALHADORES DO COMÉRCIO, ESCRITÓRIOS E SERVIÇOS DE PORTUGAL;CESP;CESP;registo;SINDICATO;trabalhadores;LISBOA;LISBOA;Activa;1998-03-15;2025-04-22
1.150.2;SINDICATO DOS TRABALHADORES DO COMÉRCIO, ESCRITÓRIOS E SERVIÇOS DO DISTRITO DE LISBOA;CESL;CESL;registo;SINDICATO;trabalhadores;LISBOA;LISBOA;Extinta;1984-07-15;1998-07-30
1.177.2;SINDICATO DOS TRABALHADORES DO COMÉRCIO, ESCRITÓRIOS E SERVIÇOS DO MINHO;COMERCIOESCRITORIOS;COMERCIOESCRITORIOS;recurso;SINDICATO;trabalhadores;BRAGA;BRAGA;Activa;1997-11-15;2010-07-22
1.177.3;SINDICATO DOS TRABALHADORES DO COMÉRCIO, ESCRITÓRIOS E SERVIÇOS DO MINHO;CESMINHO;CESMINHO;registo;SINDICATO;trabalhadores;BRAGA;BRAGA;Activa;2012-06-15;2022-12-08
1.282.2;SINDICATO DOS TRABALHADORES DO COMÉRCIO, ESCRITÓRIOS, SERVIÇOS, ALIMENTAÇÃO HOTELARIA E TURISMO (CESAHT);CESAHT;CESAHT;derivada;SINDICATO;trabalhadores;PORTO;PORTO;Extinta;2013-06-29;2014-01-29
1.282.3;SINDICATO DOS TRABALHADORES DO COMÉRCIO, ESCRITÓRIOS, SERVIÇOS, ALIMENTAÇÃO HOTELARIA E TURISMO (SINCESAHT);SINCESAHT;SINCESAHT;registo;SINDICATO;trabalhadores;PORTO;PORTO;Extinta;2014-06-29;2021-09-22
1.133.3;SINDICATO DOS TRABALHADORES DO COMÉRCIO, SERVIÇOS, ALIMENTAÇÃO, HOTELARIA E TURISMO;SITESCritorios;SITESC;registo+desambiguada;SINDICATO;trabalhadores;;PORTO;Extinta;2010-02-26;2010-03-22
1.612.0;SINDICATO DOS TRABALHADORES DO CONCELHO DE ALMADA;OS;OS;registo;SINDICATO;trabalhadores;;SETÚBAL;Activa;2015-03-22;2019-10-15
1.586.0;SINDICATO DOS TRABALHADORES DO ESTADO E DE ENTIDADES DO SECTOR PÚBLICO;STEESP;STEESP;registo;SINDICATO;trabalhadores;MATOSINHOS;PORTO;Activa;2009-10-24;2025-11-08
1.582.0;SINDICATO DOS TRABALHADORES DO ESTADO PORTUGUÊS;STEP;STEP;registo;SINDICATO;trabalhadores;LISBOA;LISBOA;Activa;2009-05-15;2011-01-08
1.248.5;SINDICATO DOS TRABALHADORES DO GRUPO ALTICE EM PORTUGAL;STPT;STPT;registo;SINDICATO;trabalhadores;LISBOA;LISBOA;Activa;2018-08-22;2024-07-22
1.248.4;SINDICATO DOS TRABALHADORES DO GRUPO PORTUGAL TELECOM;STPT;STPT;registo;SINDICATO;trabalhadores;LISBOA;LISBOA;Activa;2002-05-29;2016-07-08
1.638.0;SINDICATO DOS TRABALHADORES DO METRO E FERROVIARIOS;STMEFE;STMEFE;registo;SINDICATO;trabalhadores;MATOSINHOS;PORTO;Activa;2018-08-29;2024-08-08
1.617.0;SINDICATO DOS TRABALHADORES DO METROPOLITANO DE LISBOA;STMLMetropolitan;STML;registo+desambiguada;SINDICATO;trabalhadores;LISBOA;;Activa;2015-11-08;2016-01-08
1.617.1;SINDICATO DOS TRABALHADORES DO METROPOLITANO DE LISBOA;STMETRO;STMETRO;registo;SINDICATO;trabalhadores;LISBOA;LISBOA;Activa;2016-07-08;2025-03-29
1.327.1;SINDICATO DOS TRABALHADORES DO MUNICÍPIO DE LISBOA;STML;STML;registo;SINDICATO;trabalhadores;LISBOA;LISBOA;Activa;1986-02-15;2025-07-08
1.607.0;SINDICATO DOS TRABALHADORES DO MUNICIPIO DE OEIRAS, TÉCNICOS DE SERVIÇOS E DE ENTIDADES COM FINS PÚBLCIOS E SOCIAIS;STMO;STMO;registo;SINDICATO;trabalhadores;OEIRAS;LISBOA;Activa;2014-02-20;2014-05-22
1.170.2;SINDICATO DOS TRABALHADORES DO PORTO DE AVEIRO;STPA;STPA;registo;SINDICATO;trabalhadores;ÍLHAVO;AVEIRO;Activa;1995-03-30;2007-05-22
1.170.3;SINDICATO DOS TRABALHADORES DO PORTO DE AVEIRO;STPA;STPA;registo;SINDICATO;trabalhadores;ÍLHAVO;AVEIRO;Activa;2014-01-08;2014-03-29
1.170.4;SINDICATO DOS TRABALHADORES DO PORTO DE AVEIRO;STPA;STPA;registo;SINDICATO;trabalhadores;ÍLHAVO;AVEIRO;Activa;2014-07-22;2025-07-22
1.642.1;SINDICATO DOS TRABALHADORES DO SECTOR AUTOMOVEL;STASA;STASA;registo;SINDICATO;trabalhadores;BARREIRO;SETÚBAL;Activa;2019-01-22;2022-08-15
1.642.2;SINDICATO DOS TRABALHADORES DO SECTOR AUTOMOVEL E AFINS;STASA;STASA;registo;SINDICATO;trabalhadores;;SETÚBAL;Activa;2023-10-15;2023-10-15
1.209.1;SINDICATO DOS TRABALHADORES DO SECTOR FINANCEIRO DE PORTUGAL;SBN;SBN;registo;SINDICATO;trabalhadores;PORTO;PORTO;Activa;2020-07-22;2026-06-08
1.231.1;SINDICATO DOS TRABALHADORES DO SECTOR TÊXTIL DA BEIRA ALTA;SECTORTEXTILBEIRA;SECTORTEXTILBEIRA;recurso;SINDICATO;trabalhadores;;GUARDA;Activa;1989-02-15;2021-03-22
1.279.1;SINDICATO DOS TRABALHADORES DO SECTOR TÊXTIL DA BEIRA BAIXA;SECTORTEXTILBETextil;SECTORTEXTILBEIRA;recurso+desambiguada;SINDICATO;trabalhadores;COVILHÃ;CASTELO BRANCO;Activa;1990-08-15;2021-08-22
1.403.0;SINDICATO DOS TRABALHADORES DO SECTOR TÊXTIL DE AVEIRO;SECTORTEXTILAVEIRO;SECTORTEXTILAVEIRO;recurso;SINDICATO;trabalhadores;SÃO JOÃO DA MADEIRA;AVEIRO;Activa;1982-06-15;2019-03-29
1.218.6;SINDICATO DOS TRABALHADORES DO SETOR DE SERVIÇOS;SITESE;SITESE;registo;SINDICATO;trabalhadores;LISBOA;LISBOA;Activa;2022-04-08;2025-06-29
1.366.1;SINDICATO DOS TRABALHADORES DO TESOURO;SITES;SITES;registo;SINDICATO;trabalhadores;AMADORA;LISBOA;Extinta;1992-07-30;2023-05-29
1.36.0;SINDICATO DOS TRABALHADORES DO TRÁFEGO PORTUÁRIO DE LISBOA E CENTRO DE PORTUGAL;TRAFEGOPORTUARIO;TRAFEGOPORTUARIO;recurso;SINDICATO;trabalhadores;LISBOA;LISBOA;Extinta;1975-07-29;1999-02-15
1.272.4;SINDICATO DOS TRABALHADORES DO VESTUARIO, CONFEÇÃO E TÊXTIL DA REGIÃO NORTE;VESTUARIOCONFECAO;VESTUARIOCONFECAO;recurso;SINDICATO;trabalhadores;BRAGA;BRAGA;Activa;2012-06-08;2022-12-15
1.272.3;SINDICATO DOS TRABALHADORES DO VESTUARIO, CONFECÇAO E TÊXTIL DO NORTE;VESTUARIOCONFECCAO;VESTUARIOCONFECCAO;recurso;SINDICATO;trabalhadores;;BRAGA;Activa;2000-04-08;2009-07-15
1.266.0;SINDICATO DOS TRABALHADORES DO VESTUÁRIO, LAVANDARIAS E TINTURARIAS DO DISTRITO DE AVEIRO;VESTUARIOLAVANDARIAS;VESTUARIOLAVANDARIAS;recurso;SINDICATO;trabalhadores;CASTELO DE PAIVA;AVEIRO;Extinta;1975-09-17;1982-06-15
1.215.0;SINDICATO DOS TRABALHADORES DO VESTUÁRIO, LAVANDARIAS E TINTURARIAS DO DISTRITO DO PORTO;SINPICVAT;SINPICVAT;registo;SINDICATO;trabalhadores;PORTO;PORTO;Activa;1975-10-15;2003-01-15
1.639.1;SINDICATO DOS TRABALHADORES DOS AEROPORTOS, MANUTENÇÃO E AVIAÇÃO;STAMA;STAMA;registo;SINDICATO;trabalhadores;MONTIJO;SETÚBAL;Activa;2018-09-29;2026-01-15
1.386.0;SINDICATO DOS TRABALHADORES DOS CENTROS DE TURISMO DE PORTUGAL NO ESTRANGEIRO;CENTROSTURISMO;CENTROSTURISMO;recurso;SINDICATO;trabalhadores;LISBOA;LISBOA;Extinta;1981-07-30;2011-05-29
1.460.0;SINDICATO DOS TRABALHADORES DOS ESTABELECIMENTOS FABRIS DAS FORÇAS ARMADAS;ESTABELECIMENTOS;ESTABELECIMENTOS;recurso;SINDICATO;trabalhadores;LISBOA;LISBOA;Activa;1989-08-15;1999-05-15
1.328.1;SINDICATO DOS TRABALHADORES DOS IMPOSTOS;STI;STI;registo;SINDICATO;trabalhadores;;LISBOA;Activa;1987-04-15;2026-06-22
1.321.0;SINDICATO DOS TRABALHADORES DOS REGISTOS E DO NOTARIADO;STRN;STRN;registo;SINDICATO;trabalhadores;ODIVELAS;LISBOA;Activa;1977-01-20;2024-04-23
1.199.2;SINDICATO DOS TRABALHADORES DOS SECTORES TÊXTEIS, VESTUARIO, CALÇADO E CURTUMES DO DISTRITO DO PORTO;SECTORESTEXTEIS;SECTORESTEXTEIS;recurso;SINDICATO;trabalhadores;PORTO;PORTO;Activa;1999-07-20;2025-08-15
1.152.0;SINDICATO DOS TRABALHADORES DOS SERVIÇOS DE PORTARIA, VIGILÂNCIA, LIMPEZA E ACTIVIDADES SIMILARES;SERVICOSPORTARIA;SERVICOSPORTARIA;recurso;SINDICATO;trabalhadores;;LISBOA;Activa;1975-08-11;1975-08-11
1.307.0;SINDICATO DOS TRABALHADORES DOS SERVIÇOS MUNICIPALIZADOS (DA ZONA NORTE DO DISTRITO DE AVEIRO);SERVICOS;SERVICOS;recurso;SINDICATO;trabalhadores;PORTO;PORTO;Extinta;1976-09-24;1976-09-24
1.248.2;SINDICATO DOS TRABALHADORES DOS TELEFONES DE LISBOA E PORTO;TLP;TLP;registo;SINDICATO;trabalhadores;LISBOA;LISBOA;Activa;1988-07-30;1988-07-30
1.104.3;SINDICATO DOS TRABALHADORES DOS TRANSPORTES;SITRA;SITRA;registo;SINDICATO;trabalhadores;ODIVELAS;LISBOA;Activa;2005-04-17;2026-09-22
1.65.0;SINDICATO DOS TRABALHADORES DOS TRANSPORTES COLECTIVOS DO DISTRITO DE LISBOA;TUL;TUL;registo;SINDICATO;trabalhadores;LISBOA;LISBOA;Extinta;1975-07-29;2006-08-29
1.298.1;SINDICATO DOS TRABALHADORES DOS TRANSPORTES DA ÁREA METROPOLITANA DO PORTO;STTAMP;STTAMP;registo;SINDICATO;trabalhadores;PORTO;PORTO;Activa;2003-03-03;2017-06-15
1.298.2;SINDICATO DOS TRABALHADORES DOS TRANSPORTES DE PORTUGAL;STTAMP;STTAMP;registo;SINDICATO;trabalhadores;PORTO;PORTO;Activa;2020-08-22;2025-09-22
1.8.0;SINDICATO DOS TRABALHADORES DOS TRANSPORTES FLUVIAIS;TRANSPORTESFLUVIAIS;TRANSPORTESFLUVIAIS;recurso;SINDICATO;trabalhadores;LISBOA;LISBOA;Activa;1975-07-24;1982-11-30
1.8.1;SINDICATO DOS TRABALHADORES DOS TRANSPORTES FLUVIAIS E COSTEIROS;TRANSPORTESFLUVIAIS;TRANSPORTESFLUVIAIS;recurso;SINDICATO;trabalhadores;LISBOA;LISBOA;Activa;1986-01-15;1986-01-15
1.104.2;SINDICATO DOS TRABALHADORES DOS TRANSPORTES RODOVIÁRIOS E AFINS;SITRA;SITRA;registo;SINDICATO;trabalhadores;LEIRIA;LEIRIA;Activa;1986-09-15;2001-07-08
1.87.1;SINDICATO DOS TRABALHADORES DOS TRANSPORTES RODOVIÁRIOS, GARAGENS, POSTOS DE ABASTECIMENTOS E OFÍCIOS CORRELATIVOS DO CENTRO E SUL;TRANSPORTESLisboa;TRANSPORTES;recurso+desambiguada;SINDICATO;trabalhadores;LISBOA;LISBOA;Extinta;1977-08-15;1981-08-15
1.694.0;SINDICATO DOS TRABALHADORES DOS TRANSPORTES URBANOS DE CENTRO;STTUC;STTUC;registo;SINDICATO;trabalhadores;COIMBRA;COIMBRA;Activa;2025-09-10;2025-10-08
1.622.0;SINDICATO DOS TRABALHADORES E TECNICOS DE SERVIÇOS DA COMUNIDADE INTERMUNICIPAL DO ALTO MINHO;STTS;STTS;registo;SINDICATO;trabalhadores;VIANA DO CASTELO;VIANA DO CASTELO;Activa;2016-08-08;2016-08-08
1.622.1;SINDICATO DOS TRABALHADORES E TECNICOS DE SERVIÇOS DO ALTO MINHO;STTS;STTS;registo;SINDICATO;trabalhadores;VIANA DO CASTELO;VIANA DO CASTELO;Activa;2016-10-28;2017-01-22
1.607.1;SINDICATO DOS TRABALHADORES E TECNICOS DE SERVIÇOS DO MUNICIPIO DE OEIRAS E DE ENTIDADES PUBLICAS E SOCIAIS DA AREA METROPLITANA DE LISBOA;STMO;STMO;registo;SINDICATO;trabalhadores;OEIRAS;LISBOA;Activa;2014-07-29;2022-09-08
1.622.2;SINDICATO DOS TRABALHADORES E TECNICOS DE SERVIÇOS DO NORTE;STTS;STTS;registo;SINDICATO;trabalhadores;VIANA DO CASTELO;VIANA DO CASTELO;Activa;2017-11-29;2020-08-15
1.218.5;SINDICATO DOS TRABALHADORES E TECNICOS DE SERVIÇOS, COMERCIO, RESTAURAÇAO E TURISMO;SITESE;SITESE;registo;SINDICATO;trabalhadores;LISBOA;LISBOA;Activa;2006-07-15;2021-06-22
1.145.0;SINDICATO DOS TRABALHADORES ELECTRICISTAS DO CENTRO;SIEC;SIEC;registo;SINDICATO;trabalhadores;COIMBRA;COIMBRA;Extinta;1975-08-29;1998-08-15
1.678.0;SINDICATO DOS TRABALHADORES EM ARQUITECTURA (SINTARQ);SINTARQ;SINTARQ;registo;SINDICATO;trabalhadores;PORTO;PORTO;Activa;2022-06-08;2026-03-08
1.151.0;SINDICATO DOS TRABALHADORES EM CARNES DOS DISTRITOS DE LISBOA E DE SETÚBAL;CARNESDISTRITOS;CARNESDISTRITOS;recurso;SINDICATO;trabalhadores;LISBOA;LISBOA;Activa;1975-08-11;1975-08-11
1.324.2;SINDICATO DOS TRABALHADORES EM FUNÇÕES PÚBLICAS E SOCIAIS DO CENTRO;STFPC;STFPC;registo;SINDICATO;trabalhadores;;COIMBRA;Activa;2010-07-15;2022-12-29
1.313.2;SINDICATO DOS TRABALHADORES EM FUNÇÕES PÚBLICAS E SOCIAIS DO NORTE (STFPSN);STFPSN;STFPSN;registo;SINDICATO;trabalhadores;PORTO;PORTO;Activa;2011-11-15;2026-07-03
1.310.4;SINDICATO DOS TRABALHADORES EM FUNÇÕES PÚBLICAS E SOCIAIS DO SUL E REGIÕES AUTÓNOMAS;STFPSSRA;STFPSSRA;registo;SINDICATO;trabalhadores;LISBOA;LISBOA;Activa;2014-01-29;2024-07-08
1.121.0;SINDICATO DOS TRABALHADORES GRÁFICOS DO CENTRO;GRAFICOSCENTRO;GRAFICOSCENTRO;recurso;SINDICATO;trabalhadores;COIMBRA;COIMBRA;Extinta;1975-08-19;1982-02-15
1.127.0;SINDICATO DOS TRABALHADORES GRÁFICOS DO SUL E ILHAS ADJACENTES;GRAFICOSSULILHAS;GRAFICOSSULILHAS;recurso;SINDICATO;trabalhadores;LISBOA;LISBOA;Extinta;1975-07-30;1980-11-30
1.136.0;SINDICATO DOS TRABALHADORES GRÁFICOS DOS DISTRITO DO PORTO, BRAGANÇA E VILA REAL;GRAFICOSDISTRITO;GRAFICOSDISTRITO;recurso;SINDICATO;trabalhadores;PORTO;PORTO;Extinta;1975-08-25;1980-12-15
1.74.0;SINDICATO DOS TRABALHADORES GRÁFICOS E AFINS DO MINHO;GRAFICOSAFINSMINHO;GRAFICOSAFINSMINHO;recurso;SINDICATO;trabalhadores;BRAGA;BRAGA;Extinta;1975-08-07;1980-12-15
1.312.0;SINDICATO DOS TRABALHADORES JUDICIAIS DO DISTRITO JUDICIAL DE ÉVORA;STJDJE;STJDJE;registo;SINDICATO;trabalhadores;ÉVORA;ÉVORA;Extinta;1976-09-29;1990-06-30
1.311.0;SINDICATO DOS TRABALHADORES JUDICIAIS DO DISTRITO JUDICIAL DE LISBOA;JUDICIAISDISTRITO;JUDICIAISDISTRITO;recurso;SINDICATO;trabalhadores;LISBOA;LISBOA;Extinta;1976-09-29;1990-06-30
1.319.0;SINDICATO DOS TRABALHADORES JUDICIAIS DO DISTRITO JUDICIAL DO PORTO;JUDICIAISDIJudiciais;JUDICIAISDISTRITO;recurso+desambiguada;SINDICATO;trabalhadores;PORTO;PORTO;Extinta;1977-01-21;1990-06-30
1.212.0;SINDICATO DOS TRABALHADORES METALÚRGICOS DO ALENTEJO;METALURGICOSALENTEJO;METALURGICOSALENTEJO;recurso;SINDICATO;trabalhadores;ÉVORA;ÉVORA;Extinta;1975-09-02;1981-07-30
1.448.0;SINDICATO DOS TRABALHADORES NA AGRICULTURA DO DISTRITO DA GUARDA;AGRICULTVilanovadefo;AGRICULTURADISTRITO;recurso+desambiguada;SINDICATO;trabalhadores;VILA NOVA DE FOZ CÔA;GUARDA;Extinta;1989-02-28;2012-02-08
1.219.0;SINDICATO DOS TRABALHADORES NA HOTELARIA, RESTAURANTES E SIMILARES DO DISTRITO DE VIANA DO CASTELO;HOTELARIA;HOTELARIA;recurso;SINDICATO;trabalhadores;VIANA DO CASTELO;VIANA DO CASTELO;Extinta;1975-09-26;1981-09-30
1.21.0;SINDICATO DOS TRABALHADORES NA HOTELARIA, TURISMO, RESTAURANTES E SIMILARES DO SUL;HOTELARIATURISMO;HOTELARIATURISMO;recurso;SINDICATO;trabalhadores;LISBOA;LISBOA;Activa;1975-07-30;1975-07-30
1.34.0;SINDICATO DOS TRABALHADORES NA HOTELARIA, TURISMO,RESTAURANTES E SIMILARES DO DISTRITO DE VISEU;HOTELARIATUHotelaria;HOTELARIATURISMO;recurso+desambiguada;SINDICATO;trabalhadores;VISEU;VISEU;Extinta;1975-07-29;1981-07-15
1.21.1;SINDICATO DOS TRABALHADORES NA INDÚSTRIA DE HOTELARIA, TURISMO, RESTAURANTES E SIMILARES DO SUL;INDUSTRIAHOTELARIA;INDUSTRIAHOTELARIA;recurso;SINDICATO;trabalhadores;LISBOA;LISBOA;Activa;1985-05-15;2023-06-22
1.168.0;SINDICATO DOS TRABALHADORES NA INDÚSTRIA HOTELEIRA E SIMILARES DO DISTRITO DE AVEIRO;INDUSTRIAHOTELAveiro;INDUSTRIAHOTELEIRA;recurso+desambiguada;SINDICATO;trabalhadores;AVEIRO;AVEIRO;Extinta;1975-08-13;1981-07-15
1.217.0;SINDICATO DOS TRABALHADORES NA INDÚSTRIA HOTELEIRA E SIMILARES DO DISTRITO DE FARO;INDUSTRIAHOTELEIFaro;INDUSTRIAHOTELEIRA;recurso+desambiguada;SINDICATO;trabalhadores;FARO;FARO;Activa;1975-10-16;1975-10-16
1.59.0;SINDICATO DOS TRABALHADORES NA INDÚSTRIA HOTELEIRA E SIMILARES DOS DISTRITO DE COIMBRA, LEIRIA, GUARDA E CASTELO BRANCO;INDUSTRIAHOTELEIRA;INDUSTRIAHOTELEIRA;recurso;SINDICATO;trabalhadores;COIMBRA;COIMBRA;Extinta;1975-08-06;1981-07-15
1.18.0;SINDICATO DOS TRABALHADORES NAS INDÚSTRIAS DA CONSTRUÇÃO CIVIL DOS DISTRITO DE VISEU E GUARDA;INDUSTRIASCONSTRUCAO;INDUSTRIASCONSTRUCAO;recurso;SINDICATO;trabalhadores;VISEU;VISEU;Extinta;1975-07-24;1980-07-15
1.643.0;SINDICATO DOS TRABALHADORES PORTUARIOS DA FIGUEIRA DA FOZ;SINPORFOZ;SINPORFOZ;registo;SINDICATO;trabalhadores;FIGUEIRA DA FOZ;;Activa;2018-12-15;2023-02-28
1.170.1;SINDICATO DOS TRABALHADORES PORTUÁRIOS DE AVEIRO;PORTUARIOSAVEIRO;PORTUARIOSAVEIRO;recurso;SINDICATO;trabalhadores;AVEIRO;AVEIRO;Activa;1981-07-30;2008-03-22
1.469.0;SINDICATO DOS TRABALHADORES PORTUÁRIOS DE MAR E TERRA DE SINES;SINPORSINES;SINPORSINES;registo;SINDICATO;trabalhadores;SINES;SETÚBAL;Activa;1990-07-30;2026-05-15
1.99.1;SINDICATO DOS TRABALHADORES PORTUÁRIOS DE TRÁFEGO DO NORTE DE PORTUGAL;PORTUARIOSTRAFEGO;PORTUARIOSTRAFEGO;recurso;SINDICATO;trabalhadores;MATOSINHOS;PORTO;Extinta;1984-03-30;1991-12-15
1.479.0;SINDICATO DOS TRABALHADORES PORTUÁRIOS DO DOURO E LEIXÕES;PORTUARIOSDOURO;PORTUARIOSDOURO;recurso;SINDICATO;trabalhadores;MATOSINHOS;PORTO;Extinta;1991-12-15;1994-10-15
1.45.1;SINDICATO DOS TRABALHADORES PORTUÁRIOS DOS PORTOS DE SETÚBAL E SESIMBRA;PORTUARIOSPORTOS;PORTUARIOSPORTOS;recurso;SINDICATO;trabalhadores;SETÚBAL;SETÚBAL;Extinta;1998-12-30;2007-04-08
1.96.1;SINDICATO DOS TRABALHADORES RODOVIÁRIOS DO DISTRITO DE CASTELO BRANCO;STRDCB;STRDCB;registo;SINDICATO;trabalhadores;COVILHÃ;CASTELO BRANCO;Extinta;1981-03-21;1982-01-30
1.681.0;SINDICATO DOS TRABALHADORES RODOVIÁRIOS DO NORTE;STRNRodoviarios;STRN;registo+desambiguada;SINDICATO;trabalhadores;GONDOMAR;;Activa;2023-01-10;2023-01-29
1.343.0;SINDICATO DOS TRABALHADORES RURAIS E SIMILARES DO OESTE;RURAISSIMILARESOESTE;RURAISSIMILARESOESTE;recurso;SINDICATO;trabalhadores;;LISBOA;Extinta;1978-06-15;1978-06-15
1.118.0;SINDICATO DOS TRABALHADORES SOCIAIS;SOCIAIS;SOCIAIS;recurso;SINDICATO;trabalhadores;LISBOA;LISBOA;Extinta;1975-08-14;1975-08-14
1.84.0;SINDICATO DOS TRABALHADORES TÉCNICOS DE VENDAS;TECNICOSVENDAS;TECNICOSVENDAS;recurso;SINDICATO;trabalhadores;PORTO;PORTO;Extinta;1975-07-25;1979-06-22
1.508.0;SINDICATO DOS TRABALHADORES TÊXTEIS DO DISTRITO DE SANTARÉM;TEXTEISDISTRITexteis;TEXTEISDISTRITO;recurso+desambiguada;SINDICATO;trabalhadores;TORRES NOVAS;SANTARÉM;Extinta;1975-09-29;1976-06-29
1.507.0;SINDICATO DOS TRABALHADORES TÊXTEIS DO DISTRITO DE SETÚBAL;TEXTEISDISTRITO;TEXTEISDISTRITO;recurso;SINDICATO;trabalhadores;BARREIRO;SETÚBAL;Extinta;1975-08-05;1976-06-29
1.199.0;SINDICATO DOS TRABALHADORES TÊXTEIS DO DISTRITO DO PORTO;TEXTEISDISTRITOPORTO;TEXTEISDISTRITOPORTO;recurso;SINDICATO;trabalhadores;PORTO;PORTO;Activa;1975-09-02;1975-09-02
1.199.1;SINDICATO DOS TRABALHADORES TÊXTEIS DOS DISTRITOS DO PORTO E AVEIRO;TEXTEISDISTRITOS;TEXTEISDISTRITOS;recurso;SINDICATO;trabalhadores;PORTO;PORTO;Activa;1977-10-08;1980-12-15
1.336.0;SINDICATO DOS TRABALHADORES TÊXTEIS, LANIFÍCIOS E VESTUÁRIO DO CENTRO;TEXTEISLANIFITexteis;TEXTEISLANIFICIOS;recurso+desambiguada;SINDICATO;trabalhadores;COIMBRA;COIMBRA;Activa;1979-10-08;2012-03-15
1.242.0;SINDICATO DOS TRABALHADORES TEXTEIS, LANIFÍCIOS E VESTUÁRIO DO SUL;TEXTEISLANIFICIOS;TEXTEISLANIFICIOS;recurso;SINDICATO;trabalhadores;LISBOA;LISBOA;Activa;1975-09-03;2002-05-08
1.242.1;SINDICATO DOS TRABALHADORES TEXTEIS, LANIFICIOS, VESTUÁRIO, CALÇADO E CURTUMES DO SUL;TEXTEISLANIFICIOS;TEXTEISLANIFICIOS;recurso;SINDICATO;trabalhadores;LISBOA;LISBOA;Activa;2005-04-09;2023-01-08
1.336.1;SINDICATO DOS TRABALHADORES TÊXTEIS, LANIFÍCIOS, VESTUÁRIO, CALÇADO, ESTOFOS, CORDOARIA, LAVANDARIAS E AFINS DO CENTRO;TEXTEISLANIFITexteis;TEXTEISLANIFICIOS;recurso+desambiguada;SINDICATO;trabalhadores;COIMBRA;COIMBRA;Activa;2013-05-22;2023-05-15
1.164.1;SINDICATO DOS TRABALHADORS PORTUÁRIOS DO ALGARVE;TRABALHADORS;TRABALHADORS;recurso;SINDICATO;trabalhadores;FARO;FARO;Extinta;1990-04-16;2013-03-15
1.537.0;SINDICATO DOS TRABLHADORES DAS EMPRESAS DO GRUPO CAIXA GERAL DE DEPÓSITOS;STEC;STEC;registo;SINDICATO;trabalhadores;LISBOA;LISBOA;Activa;2001-12-15;2017-05-29
1.317.0;SINDICATO DOS TRABRABALHADORES AGRÍCOLAS E RESINEIROS DO DISTRITO DE COIMBRA;TRABRABALHADORES;TRABRABALHADORES;recurso;SINDICATO;trabalhadores;COIMBRA;COIMBRA;Extinta;1976-12-13;2012-01-22
1.676.0;SINDICATO DOS TRANSPORTES;ST;ST;registo;SINDICATO;trabalhadores;LISBOA;LISBOA;Activa;2022-02-28;2024-09-08
1.569.0;SINDICATO DOS TRANSPORTES FERROVIÁRIOS;STF;STF;registo;SINDICATO;trabalhadores;MEALHADA;LISBOA;Activa;2006-06-14;2026-06-08
1.8.2;SINDICATO DOS TRANSPORTES FLUVIAIS, COSTEIROS, E DA MARINHA MERCANTE;TRANSPORTESFLUVIAIS;TRANSPORTESFLUVIAIS;recurso;SINDICATO;trabalhadores;LISBOA;LISBOA;Activa;1989-07-30;2024-04-08
1.196.0;SINDICATO DOS TRANSPORTES RODOVIÁRIOS DO DISTRITO DA GUARDA;TRANSPORTESGuarda;TRANSPORTES;recurso+desambiguada;SINDICATO;trabalhadores;GUARDA;GUARDA;Extinta;1975-08-30;1991-04-30
1.113.0;SINDICATO DOS TRANSPORTES RODOVIÁRIOS DO DISTRITO DE AVEIRO;TRANSPOROliveiradeaz;TRANSPORTES;recurso+desambiguada;SINDICATO;trabalhadores;;AVEIRO;Extinta;1975-08-09;1975-08-09
1.10.0;SINDICATO DOS TRANSPORTES RODOVIÁRIOS DO DISTRITO DE BEJA;STRDB;STRDB;registo;SINDICATO;trabalhadores;BEJA;BEJA;Extinta;1975-07-23;1981-03-28
1.77.0;SINDICATO DOS TRANSPORTES RODOVIÁRIOS DO DISTRITO DE BRAGA;TRANSPORTTransportes;TRANSPORTES;recurso+desambiguada;SINDICATO;trabalhadores;BRAGA;BRAGA;Extinta;1975-08-09;2007-01-29
1.261.0;SINDICATO DOS TRANSPORTES RODOVIÁRIOS DO DISTRITO DE BRAGANÇA;TRANSPORTESMirandela;TRANSPORTES;recurso+desambiguada;SINDICATO;trabalhadores;MIRANDELA;BRAGANÇA;Extinta;1975-08-11;1984-03-30
1.96.0;SINDICATO DOS TRANSPORTES RODOVIÁRIOS DO DISTRITO DE CASTELO BRANCO;TRANSPORTESCovilha;TRANSPORTES;recurso+desambiguada;SINDICATO;trabalhadores;COVILHÃ;CASTELO BRANCO;Extinta;1975-07-30;1975-07-30
1.98.0;SINDICATO DOS TRANSPORTES RODOVIÁRIOS DO DISTRITO DE COIMBRA;STRDC;STRDC;registo;SINDICATO;trabalhadores;COIMBRA;COIMBRA;Extinta;1975-08-30;1997-06-15
1.153.0;SINDICATO DOS TRANSPORTES RODOVIÁRIOS DO DISTRITO DE ÉVORA;STRDE;STRDE;registo;SINDICATO;trabalhadores;ÉVORA;ÉVORA;Extinta;1975-08-11;1981-03-21
1.56.0;SINDICATO DOS TRANSPORTES RODOVIÁRIOS DO DISTRITO DE FARO;TRANSPORTES;TRANSPORTES;recurso;SINDICATO;trabalhadores;FARO;FARO;Extinta;1975-07-31;2006-08-29
1.104.0;SINDICATO DOS TRANSPORTES RODOVIÁRIOS DO DISTRITO DE LEIRIA;TRANSPORTESOdivelas;TRANSPORTES;recurso+desambiguada;SINDICATO;trabalhadores;ODIVELAS;LEIRIA;Activa;1975-08-11;1975-08-11
1.137.0;SINDICATO DOS TRANSPORTES RODOVIÁRIOS DO DISTRITO DE LISBOA;TRANSPORTransportesR;TRANSPORTES;recurso+desambiguada;SINDICATO;trabalhadores;LISBOA;LISBOA;Extinta;1975-09-16;1981-09-30
1.82.0;SINDICATO DOS TRANSPORTES RODOVIÁRIOS DO DISTRITO DE PORTALEGRE;STRDP;STRDP;registo;SINDICATO;trabalhadores;PORTALEGRE;PORTALEGRE;Extinta;1975-07-30;1982-01-30
1.135.0;SINDICATO DOS TRANSPORTES RODOVIÁRIOS DO DISTRITO DE SANTARÉM;TRANSPORTESSantarem;TRANSPORTES;recurso+desambiguada;SINDICATO;trabalhadores;SANTARÉM;SANTARÉM;Extinta;1975-08-23;1981-09-30
1.16.0;SINDICATO DOS TRANSPORTES RODOVIÁRIOS DO DISTRITO DE SETÚBAL;STDS;STDS;registo;SINDICATO;trabalhadores;SETÚBAL;SETÚBAL;Extinta;1975-10-16;1981-03-28
1.245.0;SINDICATO DOS TRANSPORTES RODOVIÁRIOS DO DISTRITO DE VIANA DO CASTELO;TRANSPORVianadocaste;TRANSPORTES;recurso+desambiguada;SINDICATO;trabalhadores;VIANA DO CASTELO;VIANA DO CASTELO;Extinta;1975-08-13;1997-08-30
1.276.0;SINDICATO DOS TRANSPORTES RODOVIÁRIOS DO DISTRITO DE VILA REAL;TRANSPORTES12760;TRANSPORTES;recurso+desambiguada;SINDICATO;trabalhadores;;VILA REAL;Extinta;1975-10-01;2006-08-29
1.201.0;SINDICATO DOS TRANSPORTES RODOVIÁRIOS DO DISTRITO DE VISEU;TRANSPORTESViseu;TRANSPORTES;recurso+desambiguada;SINDICATO;trabalhadores;VISEU;VISEU;Extinta;1975-09-02;1975-09-02
1.111.1;SINDICATO DOS TRANSPORTES RODOVIÁRIOS DO DISTRITO DO PORTO;TRANSPORTESPorto;TRANSPORTES;recurso+desambiguada;SINDICATO;trabalhadores;PORTO;PORTO;Extinta;1979-02-08;1981-08-29
1.104.1;SINDICATO DOS TRANSPORTES RODOVIÁRIOS E AFINS;SITRA;SITRA;registo;SINDICATO;trabalhadores;LEIRIA;LEIRIA;Activa;1980-12-30;1980-12-30
1.154.0;SINDICATO DOS TREINADORES DE FUTEBOL;TREINADORESFUTEBOL;TREINADORESFUTEBOL;recurso;SINDICATO;trabalhadores;PORTO;PORTO;Extinta;1975-08-11;1986-03-15
1.255.0;SINDICATO DOS VIDREIROS E OFÍCIOS CORRELATIVOS DO DISTRITO DE AVEIRO;VIDREIROSOFICIOS;VIDREIROSOFICIOS;recurso;SINDICATO;trabalhadores;OLIVEIRA DE AZEMÉIS;AVEIRO;Extinta;1976-01-12;1976-01-12
1.640.1;SINDICATO ESPECIAL DE POLICIA;SINEPOL;SINEPOL;registo;SINDICATO;trabalhadores;LISBOA;LISBOA;Activa;2019-05-22;2019-05-22
1.506.1;SINDICATO FERROVIÁRIO DA REVISÃO E COMERCIAL ITINERANTE;SFRCI;SFRCI;registo;SINDICATO;trabalhadores;LISBOA;LISBOA;Activa;2001-09-22;2024-06-22
1.524.0;SINDICATO INDEPENDENTE DA BANCA;INDEPENDENTEBANCA;INDEPENDENTEBANCA;recurso;SINDICATO;trabalhadores;LISBOA;LISBOA;Activa;1999-09-22;2022-12-22
1.541.0;SINDICATO INDEPENDENTE DA CARREIRA DE CHEFE DE POLICIA DA POLÍCIA DE SEGURANÇA PÚBLICA;SICCP;SICCP;registo;SINDICATO;trabalhadores;LISBOA;LISBOA;Activa;2002-08-31;2002-09-22
1.668.0;SINDICATO INDEPENDENTE DE MOTORISTAS DE MATERIAS PERIGOSAS;SIMMPER;SIMMPER;registo;SINDICATO;trabalhadores;AZAMBUJA;LISBOA;Activa;2021-05-12;2022-10-22
1.628.0;SINDICATO INDEPENDENTE DE PILOTOS DE LINHA AEREA;INDEPENDENTEPILOTOS;INDEPENDENTEPILOTOS;recurso;SINDICATO;trabalhadores;LISBOA;LISBOA;Activa;2017-06-07;2017-10-15
1.628.1;SINDICATO INDEPENDENTE DE PILOTOS DE LINHAS AEREAS;INDEPENDENTEPILOTOS;INDEPENDENTEPILOTOS;recurso;SINDICATO;trabalhadores;LOURES;LISBOA;Activa;2018-05-15;2026-08-15
1.551.0;SINDICATO INDEPENDENTE DE PROFESSORES E EDUCADORES (SIPE);SIPE;SIPE;registo;SINDICATO;trabalhadores;PORTO;PORTO;Activa;2003-07-19;2024-03-29
1.659.0;SINDICATO INDEPENDENTE DE TODOS OS ENFERMEIROS UNIDOS;SITEU;SITEU;registo;SINDICATO;trabalhadores;VILA VERDE;;Activa;2020-01-29;2020-02-22
1.659.1;SINDICATO INDEPENDENTE DE TODOS OS ENFERMEIROS UNIDOS DO CONTINENTE E ILHAS;SITEU;SITEU;registo;SINDICATO;trabalhadores;VILA VERDE;;Activa;2020-07-22;2026-06-15
1.558.0;SINDICATO INDEPENDENTE DO COMÉRCIO E SERVIÇOS;SICOS;SICOS;registo;SINDICATO;trabalhadores;LISBOA;LISBOA;Activa;2005-03-29;2022-12-22
1.580.0;SINDICATO INDEPENDENTE DO CORPO DA GUARDA PRISIONAL;SICGP;SICGP;registo;SINDICATO;trabalhadores;SINTRA;LISBOA;Activa;2008-11-08;2019-05-22
1.495.0;SINDICATO INDEPENDENTE DO SECTOR ENERGÉTICO;SISE;SISE;registo;SINDICATO;trabalhadores;VILA REAL;VILA REAL;Activa;1995-06-15;2015-02-28
1.528.5;SINDICATO INDEPENDENTE DO SERVIÇO COMERCIAL;ASSIFECO;ASSIFECO;registo;SINDICATO;trabalhadores;COIMBRA;AVEIRO;Activa;;
1.598.0;SINDICATO INDEPENDENTE DOS AGENTES DAS EMPRESAS MUNICIPAIS, DOS TRABALHADORES DO ESTACIONAMENTO URBANO, DO ATENDIMENTO E DOS SERVIÇOS;SINA;SINA;registo;SINDICATO;trabalhadores;LISBOA;LISBOA;Activa;2012-06-21;2012-08-22
1.598.1;SINDICATO INDEPENDENTE DOS AGENTES DAS EMPRESAS MUNICIPAIS, DOS TRABALHADORES DO ESTACIONAMENTO URBANO, DO ATENDIMENTO E DOS SERVIÇOS;SINA;SINA;registo;SINDICATO;trabalhadores;LISBOA;LISBOA;Activa;2013-02-15;2013-02-15
1.542.0;SINDICATO INDEPENDENTE DOS AGENTES DE POLICIA;SIAP;SIAP;registo;SINDICATO;trabalhadores;SINTRA;LISBOA;Activa;2002-08-30;2024-05-15
1.533.0;SINDICATO INDEPENDENTE DOS CORREIOS DE PORTUGAL;SINCOR;SINCOR;registo;SINDICATO;trabalhadores;AMADORA;LISBOA;Activa;2000-12-08;2024-10-29
1.662.0;SINDICATO INDEPENDENTE DOS CORREIOS TELECOMUNICAÇOES, TRANSPORTES E EXPRESSO DE PORTUGAL;SICTTEXPT;SICTTEXPT;registo;SINDICATO;trabalhadores;PENAFIEL;PORTO;Activa;2019-12-01;2025-01-22
1.452.0;SINDICATO INDEPENDENTE DOS ENFERMEIROS (REGIÃO SUL);SIENF;SIENF;registo;SINDICATO;trabalhadores;LISBOA;LISBOA;Extinta;1989-04-15;2011-08-08
1.474.0;SINDICATO INDEPENDENTE DOS FERROVIÁRIOS E AFINS;SIFA;SIFA;registo;SINDICATO;trabalhadores;LISBOA;LISBOA;Activa;1991-04-30;2020-07-29
1.535.0;SINDICATO INDEPENDENTE DOS FERROVIÁRIOS OPERACIONAIS DA CIRCULAÇÃO, TRANSPORTES E AFINS;SIFOCTA;SIFOCTA;registo;SINDICATO;trabalhadores;;LISBOA;Extinta;2001-03-03;2002-07-15
1.365.0;SINDICATO INDEPENDENTE DOS MÉDICOS;SIM;SIM;registo;SINDICATO;trabalhadores;LISBOA;LISBOA;Activa;1979-08-29;2024-04-15
1.616.0;SINDICATO INDEPENDENTE DOS MOTORISTAS DE MERCADORIAS;SIMM;SIMM;registo;SINDICATO;trabalhadores;ALBERGARIA-A-VELHA;VISEU;Activa;2015-08-01;2025-01-22
1.544.0;SINDICATO INDEPENDENTE DOS OPERACIONAIS FERROVIÁRIOS E AFINS;SIOFA;SIOFA;registo;SINDICATO;trabalhadores;LISBOA;LISBOA;Activa;2002-10-07;2024-05-15
1.233.3;SINDICATO INDEPENDENTE DOS PROFISSIONAIS DE ENFERMAGEM;SIPENF;SIPENF;registo;SINDICATO;trabalhadores;COIMBRA;COIMBRA;Activa;2019-07-29;2026-02-08
1.632.0;SINDICATO INDEPENDENTE DOS TECNICOS AUXILIARES DE SAUDE;SITAS;SITAS;registo;SINDICATO;trabalhadores;COIMBRA;;Activa;2017-12-15;2023-01-22
1.692.0;SINDICATO INDEPENDENTE DOS TÉCNICOS SUPERIORES DE SAÚDE;INDEPENDENTETECNICOS;INDEPENDENTETECNICOS;recurso;SINDICATO;trabalhadores;MATOSINHOS;PORTO;Activa;2025-05-17;2025-07-08
1.559.0;SINDICATO INDEPENDENTE DOS TRABALHADORES DA ADMINISTRAÇÃO PÚBLICA;SITAP;SITAP;registo;SINDICATO;trabalhadores;LISBOA;LISBOA;Activa;2005-04-08;2011-02-22
1.683.1;SINDICATO INDEPENDENTE DOS TRABALHADORES DA FLORESTA, AMBIENTE E PROTEÇÃO CIVIL;SINFAP;SINFAP;registo;SINDICATO;trabalhadores;VISEU;;Activa;2026-09-15;2026-09-15
1.516.1;SINDICATO INDEPENDENTE DOS TRABALHADORES DA INDÚSTRIA E COMUNICAÇÕES;SITIC;SITIC;registo;SINDICATO;trabalhadores;;LISBOA;Activa;1999-08-26;2007-06-22
1.516.0;SINDICATO INDEPENDENTE DOS TRABALHADORES DA INDÚSTRIA E CONSTRUÇÃO;SITIC;SITIC;registo;SINDICATO;trabalhadores;LISBOA;LISBOA;Activa;1998-03-14;2001-03-29
1.516.2;SINDICATO INDEPENDENTE DOS TRABALHADORES DA INFORMAÇÃO E COMUNICAÇÕES;SITIC;SITIC;registo;SINDICATO;trabalhadores;LISBOA;LISBOA;Activa;2007-09-08;2026-01-08
1.655.0;SINDICATO INDEPENDENTE DOS TRABALHADORES DA RODOVIARIA DE LISBOA;SITRL;SITRL;registo;SINDICATO;trabalhadores;VILA FRANCA DE XIRA;LISBOA;Extinta;2019-08-08;2023-01-15
1.683.0;SINDICATO INDEPENDENTE DOS TRABALHADORES DAS FLORESTAS, AMBIENTE E PROTEÇÃO CIVIL;SINFAP;SINFAP;registo;SINDICATO;trabalhadores;VISEU;;Activa;2023-03-10;2023-05-22
1.108.3;SINDICATO INDEPENDENTE DOS TRABALHADORES DE ESCRITÓRIO, COMÉRCIO, INFORMÁTICA E SERVIÇOS DA REGIÃO SUL;SITECIS;SITECIS;registo;SINDICATO;trabalhadores;SETÚBAL;SETÚBAL;Extinta;2010-06-12;2021-10-29
1.691.0;SINDICATO INDEPENDENTE DOS TRABALHADORES DO COMÉRCIO, ESCRITÓRIOS, SERVIÇOS E OUTROS;SITCES;SITCES;registo;SINDICATO;trabalhadores;MATOSINHOS;PORTO;Activa;2025-04-02;2025-05-08
1.519.0;SINDICATO INDEPENDENTE DOS TRABALHADORES DO SECTOR EMPRESARIAL DA CERÂMICA, DOS CIMENTOS, DO VIDRO E ACTIVIDADES CONEXAS DOS DISTRITOS DE BRAGA, PORTO E VIANA DO CASTELO;INDEPENDENTESECTOR;INDEPENDENTESECTOR;recurso;SINDICATO;trabalhadores;BARCELOS;BRAGA;Activa;1998-08-15;2024-11-08
1.646.0;SINDICATO INDEPENDENTE DOS TRABALHADORES DOS ORGANISMOS PUBLICOS E APOIO SOCIAL(SITOPAS);SITOPAS;SITOPAS;registo;SINDICATO;trabalhadores;VAGOS;AVEIRO;Activa;2019-03-22;2023-10-08
1.367.3;SINDICATO INDEPENDENTE DOS TRABALHADORES FERROVIÁRIOS, DAS INFRAESTRUTURAS E AFINS;SINFA;SINFA;registo;SINDICATO;trabalhadores;LISBOA;LISBOA;Activa;2019-05-25;2024-11-08
1.695.0;SINDICATO INDEPENDENTE DOS TRIPULANTES DA AVIAÇÃO CILVIL;SITAC;SITAC;registo;SINDICATO;trabalhadores;CASCAIS;LISBOA;Activa;2026-06-22;2026-06-22
1.695.1;SINDICATO INDEPENDENTE DOS TRIPULANTES DA AVIAÇÃO CILVIL;SITACPT;SITACPT;registo;SINDICATO;trabalhadores;CASCAIS;LISBOA;Activa;2026-07-04;2026-08-08
1.663.0;SINDICATO INDEPENDENTE E SOLIDARIO DOS TRABALHADORES DO ESTADO E REGIMES PUBLICOS ( SISTERP);SISTERP;SISTERP;registo;SINDICATO;trabalhadores;PORTO;PORTO;Activa;2020-12-08;2026-09-15
1.620.0;SINDICATO INDEPENDENTE LIVRE DA POLICIA;SILP;SILP;registo;SINDICATO;trabalhadores;LAMEGO;LISBOA;Activa;2016-03-08;2026-01-29
1.478.2;SINDICATO INDEPENDENTE NACIONAL DOS FERROVIÁRIOS;SINFB;SINFB;registo;SINDICATO;trabalhadores;ENTRONCAMENTO;SANTARÉM;Activa;2010-06-05;2022-12-22
1.233.2;SINDICATO INDEPENDENTE PROFISSIONAIS DE ENFERMAGEM;INDEPENDENTE;INDEPENDENTE;recurso;SINDICATO;trabalhadores;COIMBRA;COIMBRA;Activa;2007-09-08;2019-01-25
1.300.0;SINDICATO LIVRE DE EMPREGADAS DOMÉSTICAS;LIVREEMPREGADAS;LIVREEMPREGADAS;recurso;SINDICATO;trabalhadores;LISBOA;LISBOA;Extinta;1976-02-21;1979-06-08
1.300.1;SINDICATO LIVRE DE EMPREGADAS DOMÉSTICAS E AFINS;LIVREEMPREGADAS;LIVREEMPREGADAS;recurso;SINDICATO;trabalhadores;LISBOA;LISBOA;Extinta;1983-09-15;1983-09-15
1.131.0;SINDICATO LIVRE DO NORTE DOS TRABALHADORES DE ARMAZÉM;LIVRENORTEARMAZEM;LIVRENORTEARMAZEM;recurso;SINDICATO;trabalhadores;PORTO;PORTO;Activa;1975-08-23;1975-08-23
1.130.0;SINDICATO LIVRE DOS EMPREGADOS DE ESCRITÓRIO E CAIXEIROS DO DISTRITO DE FARO;LIVREEMPREGADOS;LIVREEMPREGADOS;recurso;SINDICATO;trabalhadores;FARO;FARO;Extinta;1975-08-23;1982-04-30
1.73.0;SINDICATO LIVRE DOS LINGADORES, APARTADORES, BARQUEIROS, FRAGATEIROS E CORRELATIVOS DO DISTRITO DO PORTO;LIVRELINGADORES;LIVRELINGADORES;recurso;SINDICATO;trabalhadores;MATOSINHOS;PORTO;Extinta;1975-08-06;1975-08-06
1.182.0;SINDICATO LIVRE DOS MAQUINISTAS, MOTORISTAS E AJUDANTES MARÍTIMOS E FLUVIAIS DO NORTE;LIVREMAQUINISTAS;LIVREMAQUINISTAS;recurso;SINDICATO;trabalhadores;MATOSINHOS;PORTO;Extinta;1975-08-30;1982-08-30
1.202.0;SINDICATO LIVRE DOS MINEIROS E DEMAIS SIMILARES DAS INDÚSTRIAS EXTRACTIVAS DO NORTE DE PORTUGAL;LIVREMINEIROSDEMAIS;LIVREMINEIROSDEMAIS;recurso;SINDICATO;trabalhadores;CASTELO DE PAIVA;AVEIRO;Extinta;1975-09-15;1975-09-15
1.188.0;SINDICATO LIVRE DOS OPERÁRIOS FABRICANTES DE GUARDA-SOIS E OFÍCIOS CORRELATIVOS DO DISTRITO DO PORTO;LIVREOPERARIOS;LIVREOPERARIOS;recurso;SINDICATO;trabalhadores;PORTO;PORTO;Extinta;1975-09-29;2011-10-15
1.252.0;SINDICATO LIVRE DOS PESCADORES;LIVREPESCADORES;LIVREPESCADORES;recurso;SINDICATO;trabalhadores;LISBOA;LISBOA;Extinta;1975-09-08;1975-09-08
1.259.0;SINDICATO LIVRE DOS PESCADORES (SECÇÃO DE VIANA DO CASTELO);LIVREPESVianadocaste;LIVREPESCADORES;recurso+desambiguada;SINDICATO;trabalhadores;VIANA DO CASTELO;VIANA DO CASTELO;Extinta;1976-02-20;1984-11-30
1.285.0;SINDICATO LIVRE DOS PESCADORES - SECÇÃO DE VILA PRAIA DE ÂNCORA;LIVREPESCADORCaminha;LIVREPESCADORES;recurso+desambiguada;SINDICATO;trabalhadores;CAMINHA;VIANA DO CASTELO;Extinta;1976-02-19;1984-11-30
1.258.0;SINDICATO LIVRE DOS PESCADORES - SECÇÃO REGIONAL DE VILA DO CONDE;LIVREPESCViladoconde;LIVREPESCADORES;recurso+desambiguada;SINDICATO;trabalhadores;VILA DO CONDE;PORTO;Extinta;1976-02-20;1976-02-20
1.257.1;SINDICATO LIVRE DOS PESCADORES DO DISTRITO DO PORTO;LIVREPESCAPescadores;LIVREPESCADORES;recurso+desambiguada;SINDICATO;trabalhadores;PORTO;PORTO;Extinta;1976-10-07;1995-03-15
1.257.0;SINDICATO LIVRE DOS PESCADORES DO DISTRITO DO PORTO - SECÇÃO DO PORTO;SECCAODOPORTO;SECCAODOPORTO;derivada;SINDICATO;trabalhadores;PORTO;PORTO;Extinta;1976-02-20;1976-02-20
1.252.1;SINDICATO LIVRE DOS PESCADORES E PROFISSÕES AFINS;LIVREPESCADORES;LIVREPESCADORES;recurso;SINDICATO;trabalhadores;LISBOA;LISBOA;Extinta;1984-11-30;2025-03-22
1.425.0;SINDICATO LIVRE DOS PROFISSIONAIS DE ODONTOLOGIA;SLIPO;SLIPO;registo;SINDICATO;trabalhadores;PORTO;PORTO;Extinta;1985-11-30;2012-01-08
1.235.0;SINDICATO LIVRE DOS PROFISSIONAIS RODOVIÁRIOS E EMPREGADOS DE GARAGENS DO DISTRITO DO PORTO;LIVRERODORodoviarios;LIVRERODOVIARIOS;recurso+desambiguada;SINDICATO;trabalhadores;PORTO;PORTO;Extinta;1975-09-26;1981-08-29
1.184.0;SINDICATO LIVRE DOS TRABALHADORES DA INDÚSTRIA DE LANIFÍCIOS DOS DISTRITO DE LEIRIA E COIMBRA;LIVREINDUSTRIA;LIVREINDUSTRIA;recurso;SINDICATO;trabalhadores;CASTANHEIRA DE PÊRA;COIMBRA;Extinta;1975-09-02;1980-01-08
1.267.0;SINDICATO LIVRE DOS TRABALHADORES DAS INDÚSTRIAS DE CERÂMICA, CIMENTOS E SIMILARES DO DISTRITO DE VIANA DO CASTELO;LIVREINDUSTRIAS;LIVREINDUSTRIAS;recurso;SINDICATO;trabalhadores;BARCELOS;VIANA DO CASTELO;Extinta;1975-09-02;2013-01-15
1.287.0;SINDICATO LIVRE DOS TRABALHADORES DAS INDÚSTRIAS DE CONSTRUÇÃO CIVIL, PEDREIRAS, SERRAÇÃO DE MADEIRAS E CARPINTARIA MECÂNICA DO ALENTEJO;LIVREINDUSIndustrias;LIVREINDUSTRIAS;recurso+desambiguada;SINDICATO;trabalhadores;ÉVORA;ÉVORA;Extinta;1975-10-28;1975-10-28
1.112.0;SINDICATO LIVRE DOS TRABALHADORES DE PANIFICAÇÃO, MOAGENS, MASSAS E SIMILARES DO DISTRITO DO PORTO;LIVREPANIFICACAO;LIVREPANIFICACAO;recurso;SINDICATO;trabalhadores;PORTO;PORTO;Extinta;1975-08-09;1975-08-09
1.300.2;SINDICATO LIVRE DOS TRABALHADORES DE SERVIÇOS DE LIMPEZA, PORTARIA, VIGILÂNCIA, MANUTENÇÃO, BENEFICÊNCIA, DOMÉSTICOS E AFINS;SLEDA;SLEDA;registo;SINDICATO;trabalhadores;LISBOA;LISBOA;Extinta;1989-12-30;2011-06-29
1.66.0;SINDICATO LIVRE DOS TRABALHADORES RODOVIÁRIOS E DE GARAGENS DO DISTRITO DE BRAGA;LIVRERODOVIARIOS;LIVRERODOVIARIOS;recurso;SINDICATO;trabalhadores;BRAGA;BRAGA;Extinta;1975-08-04;1983-07-15
1.554.0;SINDICATO MODERNO DOS PROFESSORES;SMPNOVUM;SMPNOVUM;registo;SINDICATO;trabalhadores;LISBOA;LISBOA;Extinta;2004-02-29;2005-05-08
1.2.2;SINDICATO NACIONAL DA ACTIVIDADE TURÍSTICA, TRADUTORES E INTERPRETES;SNATTI;SNATTI;registo;SINDICATO;trabalhadores;LISBOA;LISBOA;Activa;1990-07-30;2025-01-08
1.450.0;SINDICATO NACIONAL DA ADMINISTRAÇÃO PÚBLICA, CENTRAL, REGIONAL E LOCAL;SINACEL;SINACEL;registo;SINDICATO;trabalhadores;PORTO;PORTO;Extinta;1989-03-15;2015-02-28
1.480.1;SINDICATO NACIONAL DA AGÊNCIA PARA A INTEGRAÇÃO, MIGRAÇÃO E ASILO (SINAIMA);SINAIMA;SINAIMA;derivada;SINDICATO;trabalhadores;LISBOA;LISBOA;Activa;2025-04-15;2025-04-15
1.552.0;SINDICATO NACIONAL DA CARREIRA DE CHEFES DA POLÍCIA DE SEGURANÇA PÚBLICA;SNCCPSP;SNCCPSP;registo;SINDICATO;trabalhadores;PORTO;PORTO;Activa;2003-05-10;2024-09-29
1.264.4;SINDICATO NACIONAL DA CONSTRUÇÃO CIVIL, CERÂMICA, MADEIRAS, OBRAS PÚBLICAS E AFINS;SINDECO;SINDECO;registo;SINDICATO;trabalhadores;AVEIRO;AVEIRO;Extinta;1998-12-05;2004-04-15
1.264.5;SINDICATO NACIONAL DA CONSTRUÇÃO CIVIL, CERÂMICA, MADEIRAS, OBRAS PÚBLICAS E AFINS;SINDECO;SINDECO;registo;SINDICATO;trabalhadores;AVEIRO;AVEIRO;Extinta;2014-02-08;2014-02-08
1.520.0;SINDICATO NACIONAL DA EDUCAÇÃO INFANTIL E ENSINO PRÉ-ESCOLAR;SNEIP;SNEIP;registo;SINDICATO;trabalhadores;LISBOA;LISBOA;Extinta;1998-01-10;2012-03-29
1.361.1;SINDICATO NACIONAL DA ENERGIA;SINDEL;SINDEL;registo;SINDICATO;trabalhadores;LISBOA;LISBOA;Activa;1986-02-28;1998-08-15
1.361.2;SINDICATO NACIONAL DA INDÚSTRIA E DA ENERGIA;SINDEL;SINDEL;registo;SINDICATO;trabalhadores;LISBOA;LISBOA;Activa;2001-04-22;2022-05-22
1.687.0;SINDICATO NACIONAL DA INSPEÇÃO DA SEGURANÇA SOCIAL;SNISS;SNISS;registo;SINDICATO;trabalhadores;FARO;FARO;Activa;2024-09-08;2026-03-08
1.555.0;SINDICATO NACIONAL DA POLÍCIA;SINAPOL;SINAPOL;registo;SINDICATO;trabalhadores;LISBOA;LISBOA;Activa;2004-03-22;2023-05-29
1.658.0;SINDICATO NACIONAL DA PROTEÇAO CIVIL;SNPC;SNPC;registo;SINDICATO;trabalhadores;LISBOA;LISBOA;Activa;2020-03-22;2026-08-08
1.564.0;SINDICATO NACIONAL DAS POLÍCIAS MUNICIPAIS (SNPM);SNPM;SNPM;derivada;SINDICATO;trabalhadores;VILA NOVA DE GAIA;PORTO;Activa;2006-01-22;2025-04-15
1.623.0;SINDICATO NACIONAL DAS TERAPEUTICAS NAO CONVENCIONAIS E INTEGRATIVAS;SINDNAT;SINDNAT;registo;SINDICATO;trabalhadores;MATOSINHOS;PORTO;Extinta;2016-10-29;2018-05-29
1.2.1;SINDICATO NACIONAL DE ACTIVIDADE TURÍSTICA;ACTIVIDADETURISTICA;ACTIVIDADETURISTICA;recurso;SINDICATO;trabalhadores;LISBOA;LISBOA;Activa;1980-10-30;1985-07-30
1.486.0;SINDICATO NACIONAL DE BOMBEIROS PROFISSIONAIS;SNBP;SNBP;registo;SINDICATO;trabalhadores;LISBOA;LISBOA;Activa;1993-01-30;2023-07-02
1.497.0;SINDICATO NACIONAL DE CARTEIROS, LIVRE, DEMOCRÁTICO E INDEPENDENTE;SNC;SNC;registo;SINDICATO;trabalhadores;PORTO;PORTO;Extinta;1995-12-15;1996-10-15
1.447.0;SINDICATO NACIONAL DE ESTÉTICA PROFISSIONAL;SNEP;SNEP;registo;SINDICATO;trabalhadores;LISBOA;LISBOA;Extinta;1989-01-30;2013-02-08
1.367.2;SINDICATO NACIONAL DE FERROVIÁRIOS E AFINS;SINFA;SINFA;registo;SINDICATO;trabalhadores;LISBOA;LISBOA;Activa;1991-03-15;2015-05-29
1.668.1;SINDICATO NACIONAL DE MOTORISTAS DE MATERIAS PERIGOSAS E MERCADORIAS;SIMMPER;SIMMPER;registo;SINDICATO;trabalhadores;VILA FRANCA DE XIRA;LISBOA;Activa;2024-03-08;2024-03-08
1.545.0;SINDICATO NACIONAL DE OFICIAIS DE POLICIA;SNOPOficiais;SNOP;registo+desambiguada;SINDICATO;trabalhadores;ODIVELAS;LISBOA;Activa;2003-02-15;2026-04-08
1.640.0;SINDICATO NACIONAL DE POLICIA;SNPSINAPOL;SNPSINAPOL;registo;SINDICATO;trabalhadores;LISBOA;LISBOA;Activa;2018-04-27;2018-11-08
1.412.1;SINDICATO NACIONAL DE QUADROS DA METALURGIA;MENSIQ;MENSIQ;registo;SINDICATO;trabalhadores;LISBOA;LISBOA;Extinta;1983-10-30;1983-10-30
1.433.1;SINDICATO NACIONAL DE QUADROS DAS TELECOMUNICAÇÕES;TENSIQ;TENSIQ;registo;SINDICATO;trabalhadores;LISBOA;LISBOA;Activa;1987-01-30;2025-11-22
1.412.2;SINDICATO NACIONAL DE QUADROS E TÉCNICOS DA INDÚSTRIA;MENSIQ;MENSIQ;registo;SINDICATO;trabalhadores;LISBOA;LISBOA;Extinta;1990-09-30;1990-09-30
1.412.3;SINDICATO NACIONAL DE QUADROS E TÉCNICOS DA INDÚSTRIA E SERVIÇOS;MENSIQ;MENSIQ;registo;SINDICATO;trabalhadores;LISBOA;LISBOA;Extinta;1997-04-19;2017-11-08
1.338.2;SINDICATO NACIONAL DE QUADROS LICENCIADOS;SNAQ;SNAQ;registo;SINDICATO;trabalhadores;LISBOA;LISBOA;Activa;1993-05-30;1997-08-15
1.338.3;SINDICATO NACIONAL DE QUADROS TECNICOS;SNAQ;SNAQ;registo;SINDICATO;trabalhadores;LISBOA;LISBOA;Activa;1999-10-08;2026-03-08
1.338.1;SINDICATO NACIONAL DE QUADROS TÉCNICOS DE EMPRESA;SNAQ;SNAQ;registo;SINDICATO;trabalhadores;;LISBOA;Activa;1979-03-15;1986-05-15
1.264.2;SINDICATO NACIONAL DEMOCRÁTICO DA CONSTRUÇÃO CIVIL, MADEIRAS E OBRAS PÚBLICAS;SINDECO;SINDECO;registo;SINDICATO;trabalhadores;LISBOA;LISBOA;Extinta;1983-12-30;1987-05-30
1.264.3;SINDICATO NACIONAL DEMOCRÁTICO DA CONSTRUÇÃO CIVIL, MADEIRAS OBRAS PÚBLICAS E AFINS;SINDECO;SINDECO;registo;SINDICATO;trabalhadores;AVEIRO;AVEIRO;Extinta;1991-06-30;1992-03-30
1.436.1;SINDICATO NACIONAL DEMOCRATICO DA FERROVIA;SINDEFER;SINDEFER;registo;SINDICATO;trabalhadores;ENTRONCAMENTO;SANTARÉM;Activa;1996-03-30;2026-05-15
1.436.0;SINDICATO NACIONAL DEMOCRÁTICO DOS FERROVIÁRIOS;SINDEFER;SINDEFER;registo;SINDICATO;trabalhadores;ENTRONCAMENTO;SANTARÉM;Activa;1986-09-15;1996-03-30
1.409.0;SINDICATO NACIONAL DO CORPO DA GUARDA PRISIONAL;SNCGP;SNCGP;registo;SINDICATO;trabalhadores;LISBOA;LISBOA;Activa;1982-08-14;2025-06-08
1.463.0;SINDICATO NACIONAL DO ENSINO SUPERIOR (ASSOCIAÇÃO SINDICAL DE DOCENTES E INVESTIGADORES);SNESUP;SNESUP;registo;SINDICATO;trabalhadores;LISBOA;LISBOA;Activa;1989-12-30;2025-06-15
1.3.0;SINDICATO NACIONAL DO PESSOAL DA INDÚSTRIA DE DOÇARIA DO DISTRITO DE LISBOA;PESSOALINDUSTRIA;PESSOALINDUSTRIA;recurso;SINDICATO;trabalhadores;LISBOA;LISBOA;Extinta;1975-07-24;1979-06-15
1.543.0;SINDICATO NACIONAL DO PESSOAL DA SAÚDE;SNPS;SNPS;registo;SINDICATO;trabalhadores;LISBOA;LISBOA;Extinta;2002-08-26;2012-11-22
1.117.0;SINDICATO NACIONAL DO PESSOAL DE VÔO DA AVIAÇÃO CIVIL;SNPVAC;SNPVAC;registo;SINDICATO;trabalhadores;LISBOA;LISBOA;Activa;1975-08-13;2025-03-25
1.260.0;SINDICATO NACIONAL DOS AGENTES TÉCNICOS AGRÍCOLAS;AGENTESTECNICOS;AGENTESTECNICOS;recurso;SINDICATO;trabalhadores;ODIVELAS;LISBOA;Extinta;1976-02-20;1977-04-06
1.601.0;SINDICATO NACIONAL DOS ASSISTENTES SOCIAIS;SNAS;SNAS;registo;SINDICATO;trabalhadores;LISBOA;LISBOA;Activa;2013-05-15;2018-11-08
1.657.0;SINDICATO NACIONAL DOS BOMBEIROS SAPADORES;SNBS;SNBS;registo;SINDICATO;trabalhadores;BARREIRO;LISBOA;Activa;2019-09-19;2023-11-15
1.99.0;SINDICATO NACIONAL DOS CARREGADORES E DESCARREGADORES DE TERRA E MAR DO DISTRITO DO PORTO;CARREGADORES;CARREGADORES;recurso;SINDICATO;trabalhadores;MATOSINHOS;PORTO;Extinta;1975-07-26;1975-07-26
1.241.0;SINDICATO NACIONAL DOS COBRADORES E PROFISSÕES SIMILARES;COBRADORESPROFISSOES;COBRADORESPROFISSOES;recurso;SINDICATO;trabalhadores;LISBOA;LISBOA;Extinta;1975-08-25;1980-08-15
1.381.0;SINDICATO NACIONAL DOS DELEGADOS E SUBDELEGADOS ESCOLARES;SINDLEP;SINDLEP;registo;SINDICATO;trabalhadores;VILA DO CONDE;PORTO;Extinta;1981-03-21;2024-12-22
1.675.0;SINDICATO NACIONAL DOS ENFERMEIROS;SNEnfermeiros;SNE;registo+desambiguada;SINDICATO;trabalhadores;LISBOA;LISBOA;Activa;2022-02-12;2026-03-15
1.167.0;SINDICATO NACIONAL DOS ENFERMEIROS DIPLOMADOS;SNED;SNED;registo;SINDICATO;trabalhadores;LISBOA;LISBOA;Extinta;1976-05-03;2014-06-15
1.15.2;SINDICATO NACIONAL DOS ENGENHEIROS;SNE;SNE;registo;SINDICATO;trabalhadores;LISBOA;LISBOA;Activa;1975-08-19;2008-05-08
1.15.3;SINDICATO NACIONAL DOS ENGENHEIROS E ARQUITECTOS;SNEA;SNEA;registo;SINDICATO;trabalhadores;LISBOA;LISBOA;Activa;2010-11-29;2010-11-29
1.15.1;SINDICATO NACIONAL DOS ENGENHEIROS TÉCNICOS;SNETSETS;SNETSETS;registo;SINDICATO;trabalhadores;LISBOA;LISBOA;Activa;1993-03-30;2001-04-08
1.15.4;SINDICATO NACIONAL DOS ENGENHEIROS, ENGENHEIROS TÉCNICOS E ARQUITECTOS (SNEET);SNEET;SNEET;registo;SINDICATO;trabalhadores;LISBOA;LISBOA;Activa;2011-04-08;2024-12-22
1.164.0;SINDICATO NACIONAL DOS ESTIVADORES, CARREGADORES E DESCARREGADORES DE TERRA E MAR DO DISTRITO DE FARO;ESTIVADORESFaro;ESTIVADORES;recurso+desambiguada;SINDICATO;trabalhadores;FARO;FARO;Extinta;1975-09-29;1975-09-29
1.521.1;SINDICATO NACIONAL DOS ESTIVADORES, TRABALHADORES DO TRÁFEGO E CONFERENTES MARÍTIMOS E OUTROS;ESTIVADORESTRAFEGO;ESTIVADORESTRAFEGO;recurso;SINDICATO;trabalhadores;LISBOA;LISBOA;Activa;2017-01-08;2026-02-15
1.216.1;SINDICATO NACIONAL DOS FARMACÊUTICOS;FARMACEUTICOS;FARMACEUTICOS;recurso;SINDICATO;trabalhadores;PORTO;PORTO;Activa;1976-06-23;2022-08-15
1.397.1;SINDICATO NACIONAL DOS FERROVIÁRIOS ADMINISTRATIVOS, TÉCNICOS E DE SERVIÇOS;SINFESE;SINFESE;registo;SINDICATO;trabalhadores;LISBOA;LISBOA;Extinta;1984-01-15;2019-01-15
1.478.0;SINDICATO NACIONAL DOS FERROVIÁRIOS BRAÇAIS;SINFB;SINFB;registo;SINDICATO;trabalhadores;ENTRONCAMENTO;SANTARÉM;Activa;1991-09-30;2003-07-08
1.478.1;SINDICATO NACIONAL DOS FERROVIÁRIOS BRAÇAIS E AFINS;SINFB;SINFB;registo;SINDICATO;trabalhadores;;SANTARÉM;Activa;2002-05-18;2006-07-15
1.396.0;SINDICATO NACIONAL DOS FERROVIÁRIOS DE ESTAÇÃO;SINAFE;SINAFE;registo;SINDICATO;trabalhadores;LISBOA;LISBOA;Activa;1981-12-15;1981-12-15
1.396.1;SINDICATO NACIONAL DOS FERROVIÁRIOS DE ESTAÇÃO E AFINS;SINAFE;SINAFE;registo;SINDICATO;trabalhadores;LISBOA;LISBOA;Activa;1987-07-30;1987-07-30
1.397.0;SINDICATO NACIONAL DOS FERROVIÁRIOS DE SERVIÇOS;SINFESE;SINFESE;registo;SINDICATO;trabalhadores;LISBOA;LISBOA;Extinta;1981-12-15;1981-12-15
1.396.2;SINDICATO NACIONAL DOS FERROVIÁRIOS DO MOVIMENTO E AFINS;SINAFE;SINAFE;registo;SINDICATO;trabalhadores;LISBOA;LISBOA;Activa;1992-04-30;2025-11-15
1.419.0;SINDICATO NACIONAL DOS FUNCIONÁRIOS DAS COMISSÕES DE CONCILIAÇÃO E JULGAMENTO;FUNCIONARIOS;FUNCIONARIOS;recurso;SINDICATO;trabalhadores;PORTO;PORTO;Extinta;1984-01-15;1990-12-15
1.680.0;SINDICATO NACIONAL DOS JUÍZES DE PAZ;SINJUP;SINJUP;registo;SINDICATO;trabalhadores;COIMBRA;;Activa;2021-12-17;2025-06-08
1.344.0;SINDICATO NACIONAL DOS MAQUINISTAS DOS CAMINHOS DE FERRO PORTUGUESES;SNMCFP;SNMCFP;registo;SINDICATO;trabalhadores;LISBOA;LISBOA;Activa;1978-06-15;1978-06-15
1.344.1;SINDICATO NACIONAL DOS MAQUINISTAS DOS CAMINHOS DE FERRO PORTUGUESES;SMAQ;SMAQ;registo;SINDICATO;trabalhadores;LISBOA;LISBOA;Activa;1987-10-15;2003-05-23
1.344.2;SINDICATO NACIONAL DOS MAQUINISTAS DOS CAMINHOS DE FERRO PORTUGUESES;SMAQ;SMAQ;registo;SINDICATO;trabalhadores;LISBOA;LISBOA;Activa;2006-06-30;2025-07-29
1.420.1;SINDICATO NACIONAL DOS MASSAGISTAS DE RECUPERAÇÃO E CINESIOTERAPEUTAS;SIMAC;SIMAC;registo;SINDICATO;trabalhadores;LISBOA;LISBOA;Activa;1986-11-30;2014-03-03
1.420.2;SINDICATO NACIONAL DOS MASSAGISTAS DE RECUPERAÇAO, CINESIOTERAPEUTAS, OSTEOPATAS, TERAPEUTAS MANUAIS E PESSOAL AUXILIAR E ADMINISTRATIVO;SIMAC;SIMAC;registo;SINDICATO;trabalhadores;LISBOA;LISBOA;Activa;2014-12-08;2019-08-08
1.162.0;SINDICATO NACIONAL DOS MÉDICOS VETERINÁRIOS;SNMV;SNMV;registo;SINDICATO;trabalhadores;LISBOA;LISBOA;Activa;1975-09-26;2025-02-15
1.427.0;SINDICATO NACIONAL DOS MOTORISTAS;MOTORISTAS;MOTORISTAS;recurso;SINDICATO;trabalhadores;PORTO;LISBOA;Activa;1985-11-30;2016-09-08
1.641.0;SINDICATO NACIONAL DOS MOTORISTAS DE MATERIAS PERIGOSAS;SNMMP;SNMMP;registo;SINDICATO;trabalhadores;LISBOA;LISBOA;Extinta;2018-09-22;2022-11-09
1.512.0;SINDICATO NACIONAL DOS MOTORISTAS DE TAXIS E AUTOMÓVEIS ALUGUER LIGEIROS DE PASSAGEIROS;SINMTAXI;SINMTAXI;registo;SINDICATO;trabalhadores;LISBOA;LISBOA;Extinta;1997-08-15;2012-02-08
1.427.1;SINDICATO NACIONAL DOS MOTORISTAS E OUTROS TRABALHADORES;MOTORISTASOUTROS;MOTORISTASOUTROS;recurso;SINDICATO;trabalhadores;PORTO;LISBOA;Activa;2021-07-07;2021-08-22
1.427.2;SINDICATO NACIONAL DOS MOTORISTAS E OUTROS TRABALHADORES;SNMOT;SNMOT;registo;SINDICATO;trabalhadores;PORTO;LISBOA;Activa;2023-02-08;2025-11-29
1.156.0;SINDICATO NACIONAL DOS MOTORISTAS MARÍTIMOS E AJUDANTES DO DISTRITO DE LEIRIA;MOTORISTASMARITIMOS;MOTORISTASMARITIMOS;recurso;SINDICATO;trabalhadores;PENICHE;LEIRIA;Extinta;1975-08-09;1981-12-15
1.63.0;SINDICATO NACIONAL DOS ODONTOLOGISTAS PORTUGUESES;SNOP;SNOP;registo;SINDICATO;trabalhadores;LISBOA;LISBOA;Extinta;1975-08-08;1975-08-08
1.637.0;SINDICATO NACIONAL DOS OFICIAIS DE JUSTIÇA;SNOJ;SNOJ;registo;SINDICATO;trabalhadores;VALONGO;;Activa;2018-07-15;2018-07-15
1.574.0;SINDICATO NACIONAL DOS OFICIAIS DE OPERAÇÕES DE VOO;SINOOV;SINOOV;registo;SINDICATO;trabalhadores;LISBOA;LISBOA;Activa;2007-06-08;2010-05-08
1.240.0;SINDICATO NACIONAL DOS OPERÁRIOS CONFEITEIROS E OFÍCIOS CORRELATIVOS DO DISTRITO DO PORTO;OPERARIOSOperarios;OPERARIOS;recurso+desambiguada;SINDICATO;trabalhadores;PORTO;PORTO;Extinta;1975-08-12;2003-01-08
1.165.0;SINDICATO NACIONAL DOS OPERÁRIOS DA INDÚSTRIA DE CURTUMES E OFÍCIOS CORRELATIVOS DO DISTRITO DE SANTARÉM;OPERARIOSINDAlcanena;OPERARIOSINDUSTRIA;recurso+desambiguada;SINDICATO;trabalhadores;ALCANENA;SANTARÉM;Extinta;1975-09-28;2013-08-15
1.262.0;SINDICATO NACIONAL DOS OPERÁRIOS METALÚRGICOS DO DISTRITO DE BRAGANÇA;OPERARIOSBraganca;OPERARIOS;recurso+desambiguada;SINDICATO;trabalhadores;BRAGANÇA;BRAGANÇA;Extinta;1975-12-19;1982-08-14
1.666.0;SINDICATO NACIONAL DOS OSTEOPATAS;SNO;SNO;registo;SINDICATO;trabalhadores;LISBOA;LISBOA;Activa;2021-02-08;2021-02-08
1.377.1;SINDICATO NACIONAL DOS PROFESSORES;SINAP;SINAP;registo;SINDICATO;trabalhadores;LISBOA;LISBOA;Activa;1988-08-15;1988-08-15
1.377.0;SINDICATO NACIONAL DOS PROFESSORES (ENSINO PARTICULAR);ENSINOPARTICULAR;ENSINOPARTICULAR;derivada;SINDICATO;trabalhadores;LISBOA;LISBOA;Activa;1980-11-15;1980-11-15
1.557.0;SINDICATO NACIONAL DOS PROFESSORES DO ENSINO SECUNDÁRIO;PROFESSORESENSINO;PROFESSORESENSINO;recurso;SINDICATO;trabalhadores;LISBOA;LISBOA;Extinta;2004-06-29;2012-03-22
1.568.0;SINDICATO NACIONAL DOS PROFESSORES E EDUCADORES (SINPROFE);SINPROFE;SINPROFE;registo;SINDICATO;trabalhadores;BRAGA;BRAGA;Extinta;2006-06-22;2011-03-29
1.513.0;SINDICATO NACIONAL DOS PROFESSORES E INVESTIGADORES DO ENSINO SUPERIOR PARTICULAR E COOPERATIVO (ASSOCIAÇÃO SINDICAL DE INVESTIGADORES E DOCENTES DO ENSINO SUPERIOR PARTICULAR E COOPERATIVO);SIPESP;SIPESP;registo;SINDICATO;trabalhadores;;LISBOA;Activa;1997-10-30;2011-04-22
1.570.0;SINDICATO NACIONAL DOS PROFESSORES E/OU FORMADORES PÓS-GRADUADOS;SINPROFPG;SINPROFPG;registo;SINDICATO;trabalhadores;COVILHÃ;CASTELO BRANCO;Extinta;2006-07-22;2007-02-15
1.570.1;SINDICATO NACIONAL DOS PROFESSORES E/OU FORMADORES PÓS-GRADUADOS;SINPROFPG;SINPROFPG;registo;SINDICATO;trabalhadores;COVILHÃ;CASTELO BRANCO;Extinta;2014-06-15;2014-06-15
1.482.0;SINDICATO NACIONAL DOS PROFESSORES LICENCIADOS;SNPL;SNPL;registo;SINDICATO;trabalhadores;LISBOA;LISBOA;Activa;1992-07-30;2026-08-29
1.489.1;SINDICATO NACIONAL DOS PROFESSORES LICENCIADOS PELOS INSTITUTOS POLITÉCNICOS E UNIVERSIDADES;SPLIU;SPLIU;registo;SINDICATO;trabalhadores;LISBOA;LISBOA;Activa;1994-07-30;2000-06-22
1.489.2;SINDICATO NACIONAL DOS PROFESSORES LICENCIADOS PELOS POLITÉCNICOS E UNIVERSIDADES;SPLIU;SPLIU;registo;SINDICATO;trabalhadores;LISBOA;LISBOA;Activa;2000-06-22;2025-02-22
1.619.0;SINDICATO NACIONAL DOS PROFISSIONAIS DA AUTORIDADE DE SEGURANÇA ALIMENTAR E ECONOMICA (SNP;ASAE;ASAE;registo;SINDICATO;trabalhadores;COIMBRA;;Activa;2016-02-22;2020-08-22
1.377.2;SINDICATO NACIONAL DOS PROFISSIONAIS DA EDUCAÇÃO;SINAPE;SINAPE;registo;SINDICATO;trabalhadores;LISBOA;LISBOA;Activa;1993-08-15;2026-04-22
1.215.1;SINDICATO NACIONAL DOS PROFISSIONAIS DA INDÚSTRIA E COMÉRCIO DE VESTUÁRIO E DE ARTIGOS TÊXTEIS;SINPICVAT;SINPICVAT;registo;SINDICATO;trabalhadores;PORTO;PORTO;Activa;2005-03-29;2026-01-08
1.230.1;SINDICATO NACIONAL DOS PROFISSIONAIS DA INDÚSTRIA E COMÉRCIO DO CALÇADO, MALAS E AFINS;INDUSTRISaojoaodamad;INDUSTRIACOMERCIO;recurso+desambiguada;SINDICATO;trabalhadores;SÃO JOÃO DA MADEIRA;AVEIRO;Activa;2012-04-08;2026-05-08
1.588.0;SINDICATO NACIONAL DOS PROFISSIONAIS DE EMERGÊNCIA MÉDICA;SINAPEM;SINAPEM;registo;SINDICATO;trabalhadores;PORTO;PORTO;Extinta;2010-07-08;2026-03-08
1.229.1;SINDICATO NACIONAL DOS PROFISSIONAIS DE FARMÁCIA;SINPROFARM;SINPROFARM;registo;SINDICATO;trabalhadores;;PORTO;Activa;1992-02-29;2022-11-15
1.19.1;SINDICATO NACIONAL DOS PROFISSIONAIS DE FARMÁCIA E PARAMÉDICOS;SIFAP;SIFAP;registo;SINDICATO;trabalhadores;LISBOA;LISBOA;Activa;1990-01-30;2022-02-28
1.122.0;SINDICATO NACIONAL DOS PROFISSIONAIS DE PSICOLOGIA;SNP;SNP;registo;SINDICATO;trabalhadores;LISBOA;LISBOA;Activa;1975-08-18;1977-08-15
1.187.1;SINDICATO NACIONAL DOS PROFISSIONAIS DE SEGUROS E AFINS (SINAPSA);SINAPSA;SINAPSA;registo;SINDICATO;trabalhadores;PORTO;PORTO;Activa;2000-02-22;2025-07-08
1.118.2;SINDICATO NACIONAL DOS PROFISSIONAIS DE SERVIÇO SOCIAL;SERVICOSOCIAL;SERVICOSOCIAL;recurso;SINDICATO;trabalhadores;LISBOA;LISBOA;Extinta;2004-10-29;2010-12-08
1.122.1;SINDICATO NACIONAL DOS PSICÓLOGOS;PSICOLOGOS;PSICOLOGOS;recurso;SINDICATO;trabalhadores;LISBOA;LISBOA;Activa;1980-11-30;2025-01-29
1.417.0;SINDICATO NACIONAL DOS QUADROS E TÉCNICOS BANCÁRIOS;QUADROSTQuadrosTecni;QUADROSTECNICOS;recurso+desambiguada;SINDICATO;trabalhadores;LISBOA;LISBOA;Activa;1984-02-15;2025-12-15
1.603.0;SINDICATO NACIONAL DOS REGISTOS;SNR;SNR;registo;SINDICATO;trabalhadores;PORTO;PORTO;Activa;2013-08-22;2022-05-15
1.428.0;SINDICATO NACIONAL DOS TÉCNICOS ASSISTENTES DENTÁRIOS;SINTAD;SINTAD;registo;SINDICATO;trabalhadores;LISBOA;LISBOA;Extinta;1985-12-30;2012-03-15
1.456.0;SINDICATO NACIONAL DOS TÉCNICOS DA SAÚDE;SINTESTecnicos;SINTES;registo+desambiguada;SINDICATO;trabalhadores;LISBOA;LISBOA;Extinta;1989-05-15;1991-03-15
1.498.0;SINDICATO NACIONAL DOS TÉCNICOS DE EMPREGO;STEcnicos;STE;registo+desambiguada;SINDICATO;trabalhadores;LISBOA;LISBOA;Activa;1996-03-30;2011-01-22
1.435.0;SINDICATO NACIONAL DOS TÉCNICOS DE SAÚDE;SINTES;SINTES;registo;SINDICATO;trabalhadores;LISBOA;LISBOA;Extinta;1986-08-15;2012-01-08
1.200.0;SINDICATO NACIONAL DOS TÉCNICOS E OPERÁRIOS METALÚRGICOS E METALOMECÂNICOS DO DISTRITO DE FARO;TECNICOSOPERARIOS;TECNICOSOPERARIOS;recurso;SINDICATO;trabalhadores;FARO;FARO;Extinta;1975-09-02;1981-07-30
1.273.3;SINDICATO NACIONAL DOS TÉCNICOS SUPERIORES DE SAÚDE DAS ÁREAS DE DIAGNÓSTICO E TERAPÊUTICA;TECNICOSSUPERIORES;TECNICOSSUPERIORES;recurso;SINDICATO;trabalhadores;MATOSINHOS;PORTO;Activa;2012-03-08;2025-07-08
1.248.0;SINDICATO NACIONAL DOS TELEFONISTAS E OFÍCIOS CORRELATIVOS DO DISTRITO DE LISBOA;TELEFONITelefonistas;TELEFONISTASOFICIOS;recurso+desambiguada;SINDICATO;trabalhadores;LISBOA;LISBOA;Activa;1975-08-30;1975-08-30
1.29.0;SINDICATO NACIONAL DOS TOUREIROS PORTUGUESES;TOUREIROS;TOUREIROS;recurso;SINDICATO;trabalhadores;LISBOA;LISBOA;Activa;1975-07-23;2020-01-29
1.29.1;SINDICATO NACIONAL DOS TOUREIROS PORTUGUESES;SNTP;SNTP;registo;SINDICATO;trabalhadores;LISBOA;LISBOA;Activa;2026-03-29;2026-03-29
1.306.0;SINDICATO NACIONAL DOS TRABALHADORES DA ADMINISTRAÇÃO LOCAL;STAL;STAL;registo;SINDICATO;trabalhadores;LISBOA;LISBOA;Activa;1976-07-20;2012-01-22
1.306.1;SINDICATO NACIONAL DOS TRABALHADORES DA ADMINISTRAÇÃO LOCAL E REGIONAL, EMPRESAS PÚBLICAS, CONCESSIONÁRIAS E AFINS;STAL;STAL;registo;SINDICATO;trabalhadores;LISBOA;LISBOA;Activa;2014-01-22;2024-01-22
1.631.0;SINDICATO NACIONAL DOS TRABALHADORES DA AGRICULTURA, FLORESTA PESCA TURISMO INDÚSTRIA ALIMENTAR BEBIDAS E AFINS;SETAAB;SETAAB;registo;SINDICATO;trabalhadores;LISBOA;LISBOA;Activa;2017-10-28;2022-05-15
1.470.0;SINDICATO NACIONAL DOS TRABALHADORES DA AVIAÇÃO CIVIL;SINTAC;SINTAC;registo;SINDICATO;trabalhadores;LISBOA;LISBOA;Activa;1990-08-15;2022-09-22
1.57.1;SINDICATO NACIONAL DOS TRABALHADORES DA BANCA, SEGUROS E TECNOLOGIAS;SBC;SBC;registo;SINDICATO;trabalhadores;;COIMBRA;Activa;2023-04-27;2026-01-22
1.625.0;SINDICATO NACIONAL DOS TRABALHADORES DA EDUCAÇÃO A CONTRATO;SINATEC;SINATEC;registo;SINDICATO;trabalhadores;PORTO;PORTO;Extinta;2017-01-24;2020-02-15
1.14.0;SINDICATO NACIONAL DOS TRABALHADORES DA INDÚSTRIA ALIMENTAR;INDUSTRIAALIMENTAR;INDUSTRIAALIMENTAR;recurso;SINDICATO;trabalhadores;SANTARÉM;SANTARÉM;Extinta;1975-07-28;1982-07-30
1.406.2;SINDICATO NACIONAL DOS TRABALHADORES DA INDÚSTRIA ALIMENTAR;STIAC;STIAC;registo;SINDICATO;trabalhadores;SANTARÉM;SANTARÉM;Activa;2022-05-29;2022-11-29
1.323.0;SINDICATO NACIONAL DOS TRABALHADORES DA INDÚSTRIA DE BEBIDAS;INDUSTRIABEIndustria;INDUSTRIABEBIDAS;recurso+desambiguada;SINDICATO;trabalhadores;LISBOA;LISBOA;Extinta;1977-02-23;2001-05-08
1.131.4;SINDICATO NACIONAL DOS TRABALHADORES DA INDÚSTRIA E COMÉRCIO DE ALIMENTAÇÃO BEBIDAS E AFINS;INDUSTRIACOMERCPorto;INDUSTRIACOMERCIO;recurso+desambiguada;SINDICATO;trabalhadores;PORTO;PORTO;Activa;2000-12-08;2026-02-22
1.131.3;SINDICATO NACIONAL DOS TRABALHADORES DA INDÚSTRIA E COMÉRCIO DE BEBIDAS;INDUSTRIACOMERCPorto;INDUSTRIACOMERCIO;recurso+desambiguada;SINDICATO;trabalhadores;PORTO;PORTO;Activa;1999-07-21;1999-09-08
1.573.0;SINDICATO NACIONAL DOS TRABALHADORES DA INDÚSTRIA FARMACÊUTICA;STIF;STIF;registo;SINDICATO;trabalhadores;SINTRA;LISBOA;Extinta;2007-03-08;2019-06-08
1.325.0;SINDICATO NACIONAL DOS TRABALHADORES DAS ADMINISTRAÇÕES E JUNTAS PORTUÁRIAS;ADMINISTRACOESJUNTAS;ADMINISTRACOESJUNTAS;recurso;SINDICATO;trabalhadores;LISBOA;LISBOA;Activa;1977-02-24;1998-05-30
1.325.1;SINDICATO NACIONAL DOS TRABALHADORES DAS ADMINISTRAÇÕES PORTUÁRIAS;ADMINISTRACOES;ADMINISTRACOES;recurso;SINDICATO;trabalhadores;LISBOA;LISBOA;Activa;1986-06-30;2022-11-08
1.488.1;SINDICATO NACIONAL DOS TRABALHADORES DAS INDÚSTRIAS DE ALIMENTAÇAO E BEBIDAS (STIANOR);STIANOR;STIANOR;registo;SINDICATO;trabalhadores;PORTO;PORTO;Activa;2020-07-29;2026-03-15
1.323.2;SINDICATO NACIONAL DOS TRABALHADORES DAS INDÚSTRIAS DE BEBIDAS;INDUSTRIASBEBIDAS;INDUSTRIASBEBIDAS;recurso;SINDICATO;trabalhadores;LISBOA;LISBOA;Extinta;1994-12-30;2006-04-29
1.295.1;SINDICATO NACIONAL DOS TRABALHADORES DAS INDÚSTRIAS DE CERÂMICA, CIMENTOS, ABRASIVOS, VIDRO E SIMILARES;SINTICAVS;SINTICAVS;registo;SINDICATO;trabalhadores;;AVEIRO;Activa;1982-07-15;2012-05-19
1.295.2;SINDICATO NACIONAL DOS TRABALHADORES DAS INDÚSTRIAS DE CERÂMICA, CIMENTOS, ABRASIVOS, VIDRO, SIMILARES, CONSTRUÇAO CIVIL E OBRAS PUBLICAS (SINTICAVS);SINTICAVS;SINTICAVS;registo;SINDICATO;trabalhadores;AVEIRO;AVEIRO;Activa;2012-05-22;2026-01-08
1.550.1;SINDICATO NACIONAL DOS TRABALHADORES DAS INDÚSTRIAS DE CERÂMICA, CIMENTOS, CONSTRUÇÃO E SIMILARES;INDUSTRIASCERALeiria;INDUSTRIASCERAMICA;recurso+desambiguada;SINDICATO;trabalhadores;LEIRIA;LEIRIA;Activa;2006-11-29;2020-04-29
1.44.2;SINDICATO NACIONAL DOS TRABALHADORES DAS TELECOMUNICAÇÕES;SINTEL;SINTEL;registo;SINDICATO;trabalhadores;LISBOA;LISBOA;Extinta;1985-10-30;1985-10-30
1.44.1;SINDICATO NACIONAL DOS TRABALHADORES DAS TELECOMUNICAÇÕES DOS CTT;SINTEL;SINTEL;registo;SINDICATO;trabalhadores;LISBOA;LISBOA;Extinta;1983-03-15;1983-03-15
1.504.0;SINDICATO NACIONAL DOS TRABALHADORES DAS TELECOMUNICAÇÕES E AUDIOVISUAL;SINTTAV;SINTTAV;registo;SINDICATO;trabalhadores;LISBOA;LISBOA;Activa;1997-02-15;2023-04-29
1.44.3;SINDICATO NACIONAL DOS TRABALHADORES DAS TELECOMUNICAÇÕES, COMUNICAÇÕES E AUDIOVISUAL;SINTEL;SINTEL;registo;SINDICATO;trabalhadores;LISBOA;LISBOA;Extinta;1995-06-15;1997-02-15
1.530.0;SINDICATO NACIONAL DOS TRABALHADORES DAS VIAS FÉRREAS PORTUGUESAS;VIASFERREAS;VIASFERREAS;recurso;SINDICATO;trabalhadores;GUIMARÃES;BRAGA;Extinta;2000-07-22;2021-02-22
1.649.0;SINDICATO NACIONAL DOS TRABALHADORES DO ESTADO E FUNÇOES SOCIAIS;SINTEFS;SINTEFS;registo;SINDICATO;trabalhadores;COIMBRA;COIMBRA;Activa;2019-06-08;2024-11-22
1.615.0;SINDICATO NACIONAL DOS TRABALHADORES DO ESTADO SETOR PUBLICO E AFINS;SINTESPA;SINTESPA;registo;SINDICATO;trabalhadores;MATOSINHOS;PORTO;Activa;2015-05-23;2025-01-15
1.607.2;SINDICATO NACIONAL DOS TRABALHADORES DO ESTADO, DAS AUTARQUIAS E DE ENTIDADES COM FINS PÚBLICOS E SOCIAIS;STMO;STMO;registo;SINDICATO;trabalhadores;OEIRAS;LISBOA;Activa;2023-12-22;2025-11-08
1.282.1;SINDICATO NACIONAL DOS TRABALHADORES DO RAMO ALIMENTAR E SIMILARES;RAMOALIMENTAR;RAMOALIMENTAR;recurso;SINDICATO;trabalhadores;PORTO;PORTO;Extinta;2003-06-08;2012-03-29
1.642.3;SINDICATO NACIONAL DOS TRABALHADORES DO SECTOR AUTOMOVEL E AFINS;STASA;STASA;registo;SINDICATO;trabalhadores;;SETÚBAL;Activa;2024-05-02;2024-06-29
1.277.2;SINDICATO NACIONAL DOS TRABALHADORES DO SECTOR DAS PESCAS;PESCAS;PESCAS;registo;SINDICATO;trabalhadores;;AVEIRO;Activa;1987-08-30;1987-08-30
1.277.3;SINDICATO NACIONAL DOS TRABALHADORES DO SECTOR DAS PESCAS;PESCAS;PESCAS;registo;SINDICATO;trabalhadores;AVEIRO;AVEIRO;Activa;;
1.277.4;SINDICATO NACIONAL DOS TRABALHADORES DO SECTOR DAS PESCAS;PESCAS;PESCAS;registo;SINDICATO;trabalhadores;AVEIRO;AVEIRO;Activa;2011-07-02;2020-01-22
1.44.0;SINDICATO NACIONAL DOS TRABALHADORES DO SECTOR DAS TELECOMUNICAÇÕES DOS CTT;SINTEL;SINTEL;registo;SINDICATO;trabalhadores;LISBOA;LISBOA;Extinta;1975-11-03;1975-11-03
1.525.0;SINDICATO NACIONAL DOS TRABALHADORES DO SECTOR FERROVIÁRIO;SECTORFERROVIARIO;SECTORFERROVIARIO;recurso;SINDICATO;trabalhadores;LISBOA;LISBOA;Activa;1999-10-15;2023-03-29
1.498.1;SINDICATO NACIONAL DOS TRABALHADORES DO SERVIÇO PÚBLICO DE EMPREGO E FORMAÇÃO PROFISSIONAL;STEMPFOR;STEMPFOR;registo;SINDICATO;trabalhadores;LISBOA;LISBOA;Activa;2009-05-15;2026-06-16
1.47.0;SINDICATO NACIONAL DOS TRABALHADORES DOS CORREIOS E TELECOMUNICAÇOES;SNTCT;SNTCT;registo;SINDICATO;trabalhadores;LISBOA;LISBOA;Activa;1975-12-09;2024-01-22
1.406.3;SINDICATO NACIONAL DOS TRABALHADORES DOS SECTORES ALIMENTAR, BEBIDAS, AGRICULTURA, AQUICULTURA, PESCA E SERVIÇOS RELACIONADOS;STIAC;STIAC;registo;SINDICATO;trabalhadores;SANTARÉM;SANTARÉM;Activa;2023-11-15;2023-11-15
1.622.3;SINDICATO NACIONAL DOS TRABALHADORES DOS SERVIÇOS E DE ENTIDADES COM FINS PÚBLICOS;STTS;STTS;registo;SINDICATO;trabalhadores;VIANA DO CASTELO;VIANA DO CASTELO;Activa;2020-12-15;2026-09-08
1.307.1;SINDICATO NACIONAL DOS TRABALHADORES DOS SERVIÇOS MUNICIPALIZADOS;SERVICOS;SERVICOS;recurso;SINDICATO;trabalhadores;PORTO;PORTO;Extinta;1979-04-08;1989-01-30
1.608.0;SINDICATO NACIONAL DOS TRABALHADORES DOS TRANSPORTES E INDÚSTRIA;SINTTI;SINTTI;registo;SINDICATO;trabalhadores;LISBOA;LISBOA;Activa;2014-01-25;2024-02-22
1.12.1;SINDICATO NACIONAL DOS TRABALHADORES E TÉCNICOS DA AGRICULTURA, FLORESTAS E PECUÁRIA;TECNICOSAGRICULTURA;TECNICOSAGRICULTURA;recurso;SINDICATO;trabalhadores;LISBOA;LISBOA;Extinta;1993-02-15;2006-04-29
1.536.0;SINDICATO NACIONAL DOS TRANSPORTES, COMUNICAÇÕES E OBRAS PÚBLICAS;FENTCOP;FENTCOP;registo;SINDICATO;trabalhadores;LISBOA;LISBOA;Activa;2001-08-31;2022-02-28
1.393.1;SINDICATO NACIONAL E DEMOCRATICO DOS PROFESSORES;SINDEP;SINDEP;registo;SINDICATO;trabalhadores;LISBOA;LISBOA;Activa;1992-07-30;2026-04-22
1.506.0;SINDICATO NACIONAL FERROVIÁRIO DA REVISÃO;SNFR;SNFR;registo;SINDICATO;trabalhadores;LISBOA;LISBOA;Activa;1997-04-30;2000-08-22
1.367.0;SINDICATO NACIONAL FERROVIÁRIO DE TRENS E REVISÃO DOS CAMINHOS DE FERRO PORTUGUESES;SNFTR;SNFTR;registo;SINDICATO;trabalhadores;LISBOA;LISBOA;Activa;1980-01-15;1980-01-15
1.367.1;SINDICATO NACIONAL FERROVIÁRIO DE TRENS, REVISÃO E AFINS;SNFTR;SNFTR;registo;SINDICATO;trabalhadores;LISBOA;LISBOA;Activa;1988-06-15;1989-08-15
1.515.0;SINDICATO NACIONAL FERROVIÁRIO DO PESSOAL DE TRENS;SITRENS;SITRENS;registo;SINDICATO;trabalhadores;LISBOA;LISBOA;Activa;1998-01-30;2025-01-22
1.378.0;SINDICATO NACIONAL VERTICAL DOS TRABALHADORES DAS INDÚSTRIAS EXTRACTIVAS E DEMAIS SIMILARES;VERTICALINDUSTRIAS;VERTICALINDUSTRIAS;recurso;SINDICATO;trabalhadores;CASTELO DE PAIVA;BRAGA;Extinta;1981-02-28;1981-02-28
1.301.0;SINDICATO OPERÁRIO DA INDÚSTRIA DE PANIFICAÇÃO E PRODUTOS AFINS DO DISTRITO DE FARO;OPERARIOINDUSTRIA;OPERARIOINDUSTRIA;recurso;SINDICATO;trabalhadores;FARO;FARO;Extinta;1976-04-09;1976-04-09
1.203.0;SINDICATO OPERÁRIO DAS INDÚSTRIAS QUÍMICAS DO NORTE;STIQN;STIQN;registo;SINDICATO;trabalhadores;PORTO;PORTO;Extinta;1975-09-17;1975-09-17
1.296.2;SINDICATO PORTUGUÊS DOS ENGENHEIROS GRADUADOS NA UNIÃO EUROPEIA;SETN;SETN;registo;SINDICATO;trabalhadores;PORTO;PORTO;Activa;2002-08-08;2002-12-08
1.296.3;SINDICATO PORTUGUÊS DOS ENGENHEIROS GRADUADOS NA UNIÃO EUROPEIA;SPEUE;SPEUE;registo;SINDICATO;trabalhadores;PORTO;PORTO;Activa;2004-04-29;2011-06-08
1.296.4;SINDICATO PORTUGUÊS DOS ENGENHEIROS GRADUADOS NA UNIÃO EUROPEIA;SPEUE;SPEUE;registo;SINDICATO;trabalhadores;PORTO;PORTO;Activa;2015-10-31;2023-11-29
1.547.0;SINDICATO PORTUGUES DOS PSICOLOGOS;PSICOLOGOSPsicologos;PSICOLOGOS;recurso+desambiguada;SINDICATO;trabalhadores;LISBOA;LISBOA;Extinta;2003-05-15;2004-02-22
1.547.1;SINDICATO PORTUGUES DOS PSICOLOGOS;PSICOLOGOSPsicologos;PSICOLOGOS;recurso+desambiguada;SINDICATO;trabalhadores;LISBOA;LISBOA;Extinta;2011-05-08;2011-05-08
1.665.0;SINDICATO PORTUGUES DOS PSICOLOGOS (SPP);SPP;SPP;registo;SINDICATO;trabalhadores;LISBOA;LISBOA;Activa;2021-05-15;2021-08-15
1.653.0;SINDICATO SVP;SVP;SVP;recurso;SINDICATO;trabalhadores;LISBOA;LISBOA;Activa;2019-07-12;2019-09-08
1.124.0;SINDICATO TÊXTIL DO DISTRITO DE BRAGA;TEXTILDISTRITOBRAGA;TEXTILDISTRITOBRAGA;recurso;SINDICATO;trabalhadores;GUIMARÃES;BRAGA;Activa;1975-08-23;1982-12-15
1.120.0;SINDICATO TÊXTIL DO DISTRITO DE COIMBRA;TEXTILDISTRITO;TEXTILDISTRITO;recurso;SINDICATO;trabalhadores;COIMBRA;COIMBRA;Extinta;1975-08-18;1980-01-08
1.109.0;SINDICATO TÊXTIL DO DISTRITO DE LEIRIA;TEXTILDISTRITOLEIRIA;TEXTILDISTRITOLEIRIA;recurso;SINDICATO;trabalhadores;ALCOBAÇA;LEIRIA;Extinta;1975-08-20;1980-01-08
1.124.1;SINDICATO TÊXTIL DO MINHO E TRÁS-OS-MONTES;STMTM;STMTM;registo;SINDICATO;trabalhadores;;BRAGA;Activa;1991-02-15;2025-05-15
1.272.2;SINDICATO TÊXTIL DO MINHO E TRÁS-OS-MONTES;STMTMTextil;STMTM;registo+desambiguada;SINDICATO;trabalhadores;;BRAGA;Activa;1991-07-30;1997-01-30
1.679.0;SINDICATO TRIPULATES DA NETJETS-SSTN;SKYSHARE;SKYSHARE;registo;SINDICATO;trabalhadores;LISBOA;;Activa;2022-09-12;2022-09-19
1.556.0;SINDICATO UNIDADE DOS PROFESSORES;SINDUP;SINDUP;registo;SINDICATO;trabalhadores;LISBOA;LISBOA;Activa;2004-04-29;2011-08-08
1.523.1;SINDICATO UNIFICADO DA POLÍCIA DE SEGURANÇA PÚBLICA;SUP;SUP;registo;SINDICATO;trabalhadores;LISBOA;LISBOA;Activa;2008-04-28;2023-03-22
1.673.0;SINDICATO UNIFICADO DA SEGURANÇA PRIVADA;SUSP;SUSP;registo;SINDICATO;trabalhadores;PORTO;;Activa;2021-11-02;2026-02-15
1.605.0;SINDICATO VERTICAL DE CARREIRAS DA POLICIA;SVCP;SVCP;registo;SINDICATO;trabalhadores;PORTO;PORTO;Activa;2013-11-08;2024-04-22
1.4.0;SINDICATO VERTICAL DOS TRABALHADORES TERRESTRES DA MANIPULAÇÃO DO PESCADO E AFINS DE PORTUGAL;VERTICALTERRESTRES;VERTICALTERRESTRES;recurso;SINDICATO;trabalhadores;LISBOA;LISBOA;Activa;1975-08-13;1975-08-13
1.553.0;SINDICATO XXI - ASSOCIAÇÃO SINDICAL DOS TRABALHADORES ADMINISTRATIVOS, TÉCNICOS E OPERADORES DOS TERMINAIS DE CARGA CONTENTORIZADA DO PORTO DE SINES;SINDICATOXXI;SINDICATOXXI;derivada;SINDICATO;trabalhadores;;SETÚBAL;Activa;2004-01-30;2025-06-15
1.237.2;SINDICATOS DOS TRABALHADORES DAS INDÚSTRIAS ELÉCTRICAS DO NORTE;STIEN;STIEN;registo;SINDICATO;trabalhadores;PORTO;PORTO;Extinta;1998-04-15;2007-07-15
1.679.1;SKYSHARE - SINDICATO NACIONAL DOS TRIPULATES DA NETJETS;SSTN;SSTN;registo;SINDICATO;trabalhadores;LISBOA;LISBOA;Activa;2024-12-08;2024-12-08
1.455.2;STAE-ZN- SINDICATO DOS TRABALHADORES DE APOIO EDUCATIVO/PESSOAL NÃO DOCENTE DA ZONA NORTE;STAEZN;STAEZN;registo;SINDICATO;trabalhadores;PORTO;PORTO;Activa;;
3.47.0;UGT - ALGARVE, UNIÃO GERAL DE TRABALHADORES DO ALGARVE;UGTALGARVE;UGTALGARVE;registo;UNIÃO SINDICAL;trabalhadores;FARO;FARO;Activa;2010-03-20;2023-07-08
3.57.0;UGT - AVEIRO, UNIÃO GERAL DE TRABALHADORES DE AVEIRO;UGTAVEIRO;UGTAVEIRO;registo;UNIÃO SINDICAL;trabalhadores;AVEIRO;AVEIRO;Activa;2010-05-29;2023-03-15
3.45.0;UGT - BRAGA, UNIÃO GERAL DE TRABALHADORES DE BRAGA;UGTBRAGA;UGTBRAGA;registo;UNIÃO SINDICAL;trabalhadores;;BRAGA;Activa;2010-02-06;2023-07-11
3.50.0;UGT - CASTELO BRANCO - UNIÃO GERAL DE TRABALHADORES DE CASTELO BRANCO;UGTCBRANCO;UGTCBRANCO;registo;UNIÃO SINDICAL;trabalhadores;CASTELO BRANCO;CASTELO BRANCO;Activa;2010-04-11;2024-01-08
3.42.0;UGT - COIMBRA - UNIÃO GERAL DE TRABALHADORES DE COIMBRA;UGTCOIMBRA;UGTCOIMBRA;registo;UNIÃO SINDICAL;trabalhadores;COIMBRA;COIMBRA;Activa;2009-10-31;2026-09-08
3.52.0;UGT - ÉVORA - UNIÃO GERAL DE TRABALHADORES DE ÉVORA;UGTEVORA;UGTEVORA;registo;UNIÃO SINDICAL;trabalhadores;ÉVORA;ÉVORA;Activa;2010-04-18;2023-11-08
3.49.0;UGT - GUARDA, UNIÃO GERAL DE TRABALHADORES DA GUARDA;UGTGUARDA;UGTGUARDA;registo;UNIÃO SINDICAL;trabalhadores;GUARDA;GUARDA;Activa;2010-04-10;2026-06-29
3.60.0;UGT - LEIRIA - UNIÃO GERAL DE TRABALHADORES DE LEIRIA;UGTLEIRIA;UGTLEIRIA;registo;UNIÃO SINDICAL;trabalhadores;LEIRIA;LEIRIA;Activa;2010-09-04;2023-02-15
3.44.0;UGT - SETÚBAL, UNIÃO GERAL DE TRABALHADORES DE SETÚBAL;UGTSETUBAL;UGTSETUBAL;registo;UNIÃO SINDICAL;trabalhadores;SETÚBAL;SETÚBAL;Activa;2009-11-28;2023-04-29
3.46.0;UGT - VIANA DO CASTELO, UNIÃO GERAL DOS TRABALHADORES DE VIANA DO CASTELO;UGTVCASTELO;UGTVCASTELO;registo;UNIÃO SINDICAL;trabalhadores;;VIANA DO CASTELO;Activa;2010-02-07;2023-11-08
3.53.0;UGT - VILA REAL, UNIÃO GERAL DE TRABALHADORES DE VILA REAL;UGTVILAREAL;UGTVILAREAL;registo;UNIÃO SINDICAL;trabalhadores;VILA REAL;VILA REAL;Activa;2010-05-15;2023-02-08
3.56.0;UGT - VISEU, UNIÃO GERAL DE TRABALHADORES DE VISEU;UGTVISEU;UGTVISEU;registo;UNIÃO SINDICAL;trabalhadores;VISEU;VISEU;Activa;2010-05-30;2026-07-08
3.48.0;UGT BEJA - UNIÃO GERAL DE TRABALHADORES DE BEJA;UGTBEJA;UGTBEJA;registo;UNIÃO SINDICAL;trabalhadores;BEJA;BEJA;Activa;2010-03-21;2014-12-08
3.51.0;UGT PORTALEGRE - UNIÃO GERAL DE TRABALHADORES DE PORTALEGRE;UGTPORTALEGRE;UGTPORTALEGRE;registo;UNIÃO SINDICAL;trabalhadores;PORTALEGRE;PORTALEGRE;Activa;2010-04-17;2023-04-22
3.55.0;UGT-BRAGANÇA - UNIÃO GERAL DE TRABALHADORES DE BRAGANÇA;UGTBRAGANCA;UGTBRAGANCA;registo;UNIÃO SINDICAL;trabalhadores;BRAGANÇA;BRAGANÇA;Activa;2010-05-16;2023-11-08
3.58.0;UGT-LISBOA, UNIÃO GERAL DE TRABALHADORES DE LISBOA;UGTLISBOA;UGTLISBOA;registo;UNIÃO SINDICAL;trabalhadores;LISBOA;LISBOA;Activa;2010-09-18;2026-05-15
3.54.0;UGT-SANTAREM, UNIÃO GERAL DE TRABALHADORES DE SANTAREM;UGTSANTAREM;UGTSANTAREM;registo;UNIÃO SINDICAL;trabalhadores;SANTARÉM;SANTARÉM;Activa;2010-05-08;2024-02-29
3.25.0;UNIÃO DOS SINDICATOS DA AMADORA;AMADORA;AMADORA;recurso;UNIÃO SINDICAL;trabalhadores;AMADORA;LISBOA;Extinta;1978-12-29;2011-09-22
3.37.0;UNIÃO DOS SINDICATOS DA FIGUEIRA DA FOZ;USFFN;USFFN;registo;UNIÃO SINDICAL;trabalhadores;FIGUEIRA DA FOZ;COIMBRA;Activa;1982-06-15;2025-08-08
3.16.0;UNIÃO DOS SINDICATOS DA GUARDA/CGTP-IN;USGN;USGN;registo;UNIÃO SINDICAL;trabalhadores;GUARDA;GUARDA;Activa;1976-10-08;2025-11-29
3.7.0;UNIÃO DOS SINDICATOS DE AVEIRO;AVEIRO;AVEIRO;recurso;UNIÃO SINDICAL;trabalhadores;AVEIRO;AVEIRO;Activa;1975-09-02;1997-04-30
3.7.1;UNIÃO DOS SINDICATOS DE AVEIRO /CGT;AVEIROCGT;AVEIROCGT;recurso;UNIÃO SINDICAL;trabalhadores;AVEIRO;AVEIRO;Activa;1981-08-29;1981-08-29
3.7.2;UNIÃO DOS SINDICATOS DE AVEIRO/CGTP-IN;USANAveiro;USAN;registo+desambiguada;UNIÃO SINDICAL;trabalhadores;AVEIRO;AVEIRO;Activa;1984-03-30;2024-08-15
3.32.0;UNIÃO DOS SINDICATOS DE BENAVENTE E SALVATERRA DE MAGOS;BENAVENTESALVATERRA;BENAVENTESALVATERRA;recurso;UNIÃO SINDICAL;trabalhadores;BENAVENTE;SANTARÉM;Extinta;1979-10-29;2016-04-15
3.12.1;UNIÃO DOS SINDICATOS DE BRAGA - CGTP-IN;USB;USB;registo;UNIÃO SINDICAL;trabalhadores;BRAGA;BRAGA;Activa;1993-08-15;1996-12-15
3.30.0;UNIÃO DOS SINDICATOS DE BRAGANÇA;CGTPINBraganca;CGTPIN;registo+desambiguada;UNIÃO SINDICAL;trabalhadores;BRAGANÇA;BRAGANÇA;Activa;1979-09-15;1981-03-21
3.30.1;UNIÃO DOS SINDICATOS DE BRAGANÇA;USBraganca;USB;registo+desambiguada;UNIÃO SINDICAL;trabalhadores;MIRANDELA;BRAGANÇA;Activa;1998-06-26;1998-08-15
3.30.2;UNIÃO DOS SINDICATOS DE BRAGANÇA (U.S. BRAGANÇA;USBNBraganca;USBN;registo+desambiguada;UNIÃO SINDICAL;trabalhadores;BRAGANÇA;BRAGANÇA;Activa;2002-04-13;2024-12-08
3.20.0;UNIÃO DOS SINDICATOS DE CALDAS DA RAÍNHA;CALDASRAINHA;CALDASRAINHA;recurso;UNIÃO SINDICAL;trabalhadores;CALDAS DA RAINHA;LEIRIA;Extinta;1978-09-22;2018-10-15
3.31.0;UNIÃO DOS SINDICATOS DE CASTELO BRANCO;CASTELOBRANCO;CASTELOBRANCO;recurso;UNIÃO SINDICAL;trabalhadores;;CASTELO BRANCO;Activa;1979-10-29;1979-10-29
3.17.0;UNIÃO DOS SINDICATOS DE CASTELO BRANCO (VILA VELHA DO RÓDÃO);VILAVELHADORODAO;VILAVELHADORODAO;derivada;UNIÃO SINDICAL;trabalhadores;COVILHÃ;CASTELO BRANCO;Extinta;1980-12-15;1997-04-22
3.31.1;UNIÃO DOS SINDICATOS DE CASTELO BRANCO / CGTP;CASTELOBRANCOCGTP;CASTELOBRANCOCGTP;recurso;UNIÃO SINDICAL;trabalhadores;;CASTELO BRANCO;Activa;1986-04-15;1990-11-15
3.31.2;UNIÃO DOS SINDICATOS DE CASTELO BRANCO / CGTP-IN;USCBN;USCBN;registo;UNIÃO SINDICAL;trabalhadores;COVILHÃ;CASTELO BRANCO;Activa;1991-06-30;2026-04-22
3.8.0;UNIÃO DOS SINDICATOS DE COIMBRA;COIMBRA;COIMBRA;recurso;UNIÃO SINDICAL;trabalhadores;COIMBRA;COIMBRA;Activa;1975-09-16;1981-02-14
3.8.1;UNIÃO DOS SINDICATOS DE COIMBRA / CGTP-IN;USC;USC;registo;UNIÃO SINDICAL;trabalhadores;COIMBRA;COIMBRA;Activa;1983-11-30;1984-06-15
3.8.2;UNIÃO DOS SINDICATOS DE COIMBRA/CONFEDERAÇÃO GERAL DOS TRABALHADORES PORTUGUESES-INTERSINDICAL NACIONAL;USC;USC;registo;UNIÃO SINDICAL;trabalhadores;COIMBRA;COIMBRA;Activa;1984-07-15;2026-08-29
3.6.1;UNIÃO DOS SINDICATOS DE FARO;FARO;FARO;recurso;UNIÃO SINDICAL;trabalhadores;FARO;FARO;Activa;1978-01-29;1983-03-15
3.38.0;UNIÃO DOS SINDICATOS DE GUIMARÃES;GUIMARAES;GUIMARAES;recurso;UNIÃO SINDICAL;trabalhadores;GUIMARÃES;BRAGA;Extinta;1983-12-30;2018-11-15
3.11.0;UNIÃO DOS SINDICATOS DE LISBOA/CGTP-IN;USLN;USLN;registo;UNIÃO SINDICAL;trabalhadores;LISBOA;LISBOA;Activa;1975-10-06;2023-12-29
3.23.0;UNIÃO DOS SINDICATOS DE MAFRA;MAFRA;MAFRA;recurso;UNIÃO SINDICAL;trabalhadores;MAFRA;LISBOA;Extinta;1978-11-22;1978-11-22
3.9.0;UNIÃO DOS SINDICATOS DE SANTARÉM;SANTAREM;SANTAREM;recurso;UNIÃO SINDICAL;trabalhadores;;SANTARÉM;Activa;1976-03-25;1978-03-15
3.1.2;UNIÃO DOS SINDICATOS DE SETÚBAL /CGTP-IN;USSN;USSN;registo;UNIÃO SINDICAL;trabalhadores;SETÚBAL;SETÚBAL;Activa;1991-01-30;2024-10-29
3.18.0;UNIÃO DOS SINDICATOS DE SINES E SANTIAGO DO CACEM (CGTP;SINESSANTIAGOCACEM;SINESSANTIAGOCACEM;recurso;UNIÃO SINDICAL;trabalhadores;SINES;SETÚBAL;Activa;1977-11-15;1998-08-30
3.27.0;UNIÃO DOS SINDICATOS DE TOMAR/CGTP-IN;USTN;USTN;registo;UNIÃO SINDICAL;trabalhadores;TOMAR;SANTARÉM;Extinta;1979-04-08;2020-01-22
3.21.0;UNIÃO DOS SINDICATOS DE TORRES NOVAS;TORRESNOVAS;TORRESNOVAS;recurso;UNIÃO SINDICAL;trabalhadores;TORRES NOVAS;SANTARÉM;Extinta;1978-10-08;2011-04-08
3.14.0;UNIÃO DOS SINDICATOS DE VIANA DO CASTELO;VIANACASTELO;VIANACASTELO;recurso;UNIÃO SINDICAL;trabalhadores;VIANA DO CASTELO;VIANA DO CASTELO;Activa;1975-11-04;1981-02-21
3.14.2;UNIÃO DOS SINDICATOS DE VIANA DO CASTELO/CGTP-IN;USVCN;USVCN;registo;UNIÃO SINDICAL;trabalhadores;VIANA DO CASTELO;VIANA DO CASTELO;Activa;1987-07-30;2026-07-22
3.24.0;UNIÃO DOS SINDICATOS DE VILA FRANCA DE XIRA;VILAFRANCAXIRA;VILAFRANCAXIRA;recurso;UNIÃO SINDICAL;trabalhadores;VILA FRANCA DE XIRA;LISBOA;Extinta;1978-12-22;2013-03-15
3.3.0;UNIÃO DOS SINDICATOS DE VILA REAL;VILAREAL;VILAREAL;recurso;UNIÃO SINDICAL;trabalhadores;VILA REAL;VILA REAL;Activa;1975-08-11;1987-02-15
3.3.2;UNIÃO DOS SINDICATOS DE VILA REAL;USVR;USVR;registo;UNIÃO SINDICAL;trabalhadores;VILA REAL;VILA REAL;Activa;1994-04-30;2023-12-22
3.15.0;UNIÃO DOS SINDICATOS DE VISEU;INTERSINDICAL;INTERSINDICAL;registo;UNIÃO SINDICAL;trabalhadores;;VISEU;Activa;1976-09-28;1976-09-28
3.15.1;UNIÃO DOS SINDICATOS DE VISEU;VISEU;VISEU;recurso;UNIÃO SINDICAL;trabalhadores;;VISEU;Activa;1978-02-08;2003-10-15
3.15.2;UNIÃO DOS SINDICATOS DE VISEU / CGTP - INTERSINDICAL NACIONAL;VISEUCGTP;VISEUCGTP;recurso;UNIÃO SINDICAL;trabalhadores;;VISEU;Activa;1981-03-21;1981-03-21
3.15.3;UNIÃO DOS SINDICATOS DE VISEU/CONFEDERAÇÃO GERAL DOS TRABALHADORES PORTUGUESES-INTERSINDICAL NACIONAL;USVN;USVN;registo;UNIÃO SINDICAL;trabalhadores;VISEU;VISEU;Activa;1985-01-15;2023-12-22
3.6.2;UNIÃO DOS SINDICATOS DO ALGARVE/CGTP-IN;USAN;USAN;registo;UNIÃO SINDICAL;trabalhadores;FARO;FARO;Activa;1986-05-15;2022-11-29
3.22.0;UNIÃO DOS SINDICATOS DO BARREIRO E MOITA;BARREIROMOITA;BARREIROMOITA;recurso;UNIÃO SINDICAL;trabalhadores;BARREIRO;SETÚBAL;Extinta;1978-09-22;1988-03-30
3.22.1;UNIÃO DOS SINDICATOS DO BARREIRO E MOITA/CGTP-IN;USBMN;USBMN;registo;UNIÃO SINDICAL;trabalhadores;BARREIRO;SETÚBAL;Extinta;1988-04-30;2015-08-08
3.39.0;UNIÃO DOS SINDICATOS DO CENCELHO DE FAMALICÃO;CENCELHOFAMALICAO;CENCELHOFAMALICAO;recurso;UNIÃO SINDICAL;trabalhadores;VILA NOVA DE FAMALICÃO;BRAGA;Extinta;1986-07-30;2011-05-15
3.19.0;UNIÃO DOS SINDICATOS DO CONCELHO DE ALMADA;CONCELHOALMADA;CONCELHOALMADA;recurso;UNIÃO SINDICAL;trabalhadores;ALMADA;SETÚBAL;Extinta;1978-06-15;1988-03-15
3.19.1;UNIÃO DOS SINDICATOS DO CONCELHO DE ALMADA / CGTP;CONCELHOALMADACGTP;CONCELHOALMADACGTP;recurso;UNIÃO SINDICAL;trabalhadores;ALMADA;SETÚBAL;Extinta;1988-06-15;2012-05-15
3.34.0;UNIÃO DOS SINDICATOS DO CONCELHO DE MONTEMOR;ONOVO;ONOVO;registo;UNIÃO SINDICAL;trabalhadores;MONTEMOR-O-NOVO;ÉVORA;Extinta;1980-07-22;2011-06-15
3.4.0;UNIÃO DOS SINDICATOS DO DISTRITO DE BEJA;USBEJA;USBEJA;registo;UNIÃO SINDICAL;trabalhadores;BEJA;BEJA;Activa;1975-08-30;1975-08-30
3.4.1;UNIÃO DOS SINDICATOS DO DISTRITO DE BEJA/ CGTP - IN;USBEJAN;USBEJAN;registo;UNIÃO SINDICAL;trabalhadores;BEJA;BEJA;Activa;1982-03-30;2025-05-22
3.12.0;UNIÃO DOS SINDICATOS DO DISTRITO DE BRAGA;CGTPINBraga;CGTPIN;registo+desambiguada;UNIÃO SINDICAL;trabalhadores;BRAGA;BRAGA;Activa;1976-03-26;1990-06-30
3.12.2;UNIÃO DOS SINDICATOS DO DISTRITO DE BRAGA;USBN;USBN;registo;UNIÃO SINDICAL;trabalhadores;BRAGA;BRAGA;Activa;2000-10-27;2024-08-08
3.33.0;UNIÃO DOS SINDICATOS DO DISTRITO DE ÉVORA;DISTRITOEVORA;DISTRITOEVORA;recurso;UNIÃO SINDICAL;trabalhadores;ÉVORA;ÉVORA;Activa;1980-01-08;1999-05-08
3.33.2;UNIÃO DOS SINDICATOS DO DISTRITO DE ÉVORA;USDEN;USDEN;registo;UNIÃO SINDICAL;trabalhadores;ÉVORA;ÉVORA;Activa;1996-01-30;2023-07-22
3.33.1;UNIÃO DOS SINDICATOS DO DISTRITO DE ÉVORA / CGTP;DISTRITOEVORACGTP;DISTRITOEVORACGTP;recurso;UNIÃO SINDICAL;trabalhadores;ÉVORA;ÉVORA;Activa;1986-02-28;2008-05-08
3.6.0;UNIÃO DOS SINDICATOS DO DISTRITO DE FARO / INTERSINDICAL;DISTRITOFARO;DISTRITOFARO;recurso;UNIÃO SINDICAL;trabalhadores;FARO;FARO;Activa;1975-08-23;1975-08-23
3.2.0;UNIÃO DOS SINDICATOS DO DISTRITO DE LEIRIA;DISTRITOLEIRIA;DISTRITOLEIRIA;recurso;UNIÃO SINDICAL;trabalhadores;LEIRIA;LEIRIA;Extinta;1975-09-02;1976-10-14
3.41.0;UNIÃO DOS SINDICATOS DO DISTRITO DE LEIRIA;DISTRITOLEIRDistrito;DISTRITOLEIRIA;recurso+desambiguada;UNIÃO SINDICAL;trabalhadores;LEIRIA;LEIRIA;Activa;1978-01-29;1999-05-29
3.41.1;UNIÃO DOS SINDICATOS DO DISTRITO DE LEIRIA;USDL;USDL;registo;UNIÃO SINDICAL;trabalhadores;LEIRIA;LEIRIA;Activa;1996-03-30;2022-12-08
3.10.0;UNIÃO DOS SINDICATOS DO DISTRITO DE PORTALEGRE;DISTRITOPORTALEGRE;DISTRITOPORTALEGRE;recurso;UNIÃO SINDICAL;trabalhadores;PORTALEGRE;PORTALEGRE;Activa;1976-06-25;1999-09-22
3.9.1;UNIÃO DOS SINDICATOS DO DISTRITO DE SANTARÉM/CGTP - INTERSINDICAL NACIONAL;USSNDistrito;USSN;registo+desambiguada;UNIÃO SINDICAL;trabalhadores;;SANTARÉM;Activa;1981-03-21;2023-11-22
3.1.0;UNIÃO DOS SINDICATOS DO DISTRITO DE SETÚBAL;DISTRITOSETUBAL;DISTRITOSETUBAL;recurso;UNIÃO SINDICAL;trabalhadores;SETÚBAL;SETÚBAL;Activa;1975-08-06;1975-08-06
3.1.1;UNIÃO DOS SINDICATOS DO DISTRITO DE SETÚBAL;CGTPIN;CGTPIN;registo;UNIÃO SINDICAL;trabalhadores;SETÚBAL;SETÚBAL;Activa;1977-08-15;2008-11-15
3.14.1;UNIÃO DOS SINDICATOS DO DISTRITO DE VIANA DO CASTELO/CGTP-IN;USVCN;USVCN;registo;UNIÃO SINDICAL;trabalhadores;VIANA DO CASTELO;VIANA DO CASTELO;Activa;1984-09-30;2008-08-15
3.3.1;UNIÃO DOS SINDICATOS DO DISTRITO DE VILA REAL;CGTPINDistrito;CGTPIN;registo+desambiguada;UNIÃO SINDICAL;trabalhadores;VILA REAL;VILA REAL;Activa;1987-05-30;1990-04-30
3.10.1;UNIÃO DOS SINDICATOS DO NORTE ALENTEJANO;NORTEALENTEJANO;NORTEALENTEJANO;recurso;UNIÃO SINDICAL;trabalhadores;PORTALEGRE;PORTALEGRE;Activa;2002-10-01;2023-03-29
3.5.0;UNIÃO DOS SINDICATOS DO PORTO;PORTO;PORTO;recurso;UNIÃO SINDICAL;trabalhadores;PORTO;PORTO;Activa;1975-09-29;2004-11-15
3.5.1;UNIÃO DOS SINDICATOS DO PORTO / CGT;PORTOCGT;PORTOCGT;recurso;UNIÃO SINDICAL;trabalhadores;PORTO;PORTO;Activa;1978-01-29;1983-10-15
3.5.2;UNIÃO DOS SINDICATOS DO PORTO / CONFEDERAÇAO GERAL DOS TRABALHADORES PORTUGUESES/CGTP-IN;USPN;USPN;registo;UNIÃO SINDICAL;trabalhadores;PORTO;PORTO;Activa;1984-04-15;2024-12-29
4.7.0;UNIÃO DOS SINDICATOS INDEPENDENTES;USI;USI;registo;CONFEDERAÇÃO SINDICAL;trabalhadores;LISBOA;LISBOA;Activa;2001-01-08;2024-07-08
4.2.0;UNIÃO GERAL DE TRABALHADORES;GERAL;GERAL;recurso;CONFEDERAÇÃO SINDICAL;trabalhadores;LISBOA;LISBOA;Activa;1978-12-22;2022-05-22
3.43.0;UNIAO GERAL DE TRABALHADORES - UGT PORTO;UGTPORTO;UGTPORTO;registo;UNIÃO SINDICAL;trabalhadores;PORTO;LISBOA;Activa;2009-11-07;2023-05-22
3.29.0;UNIÃO LOCAL DOS SINDICATOS DE ÁGUEDA;LOCALAGUEDA;LOCALAGUEDA;recurso;UNIÃO SINDICAL;trabalhadores;ÁGUEDA;AVEIRO;Extinta;1979-07-08;2012-03-15
3.26.0;UNIÃO LOCAL DOS SINDICATOS DE PORTIMÃO E LAGOA/CGTP-IN;USPLN;USPLN;registo;UNIÃO SINDICAL;trabalhadores;PORTIMÃO;FARO;Extinta;1979-01-29;2011-07-08
3.18.1;UNIÃO LOCAL DOS SINDICATOS DE SINES, SANTIAGO DO CACEM, GRÂNDOLA E ALCÁCER DO SAL/CGTP-IN;USSSCGAN;USSSCGAN;registo;UNIÃO SINDICAL;trabalhadores;SINES;SETÚBAL;Activa;2001-10-19;2022-02-15
3.28.0;UNIÃO LOCAL DOS SINDICATOS DE SXO JOÃO DA MADEIRA;LOCALSXOJOAOMADEIRA;LOCALSXOJOAOMADEIRA;recurso;UNIÃO SINDICAL;trabalhadores;OLIVEIRA DE AZEMÉIS;AVEIRO;Extinta;1979-05-08;2012-03-29
3.40.0;UNIÃO LOCAL DOS SINDICATOS DE VILA REAL DE SANTO ANTÓNIO, TAVIRA, CASTRO MARIM E ALCOUTIM;LOCALVILAREALSANTO;LOCALVILAREALSANTO;recurso;UNIÃO SINDICAL;trabalhadores;FARO;FARO;Extinta;1990-03-30;2011-06-08
3.36.0;UNIÃO SINDICAL CONCELHIA DE FELGUEIRAS/CGTP/IN;USFN;USFN;registo;UNIÃO SINDICAL;trabalhadores;FELGUEIRAS;PORTO;Activa;1980-11-15;2006-07-08
3.35.0;UNIÃO SINDICAL CONCELHIA DE PENAFIEL;CONCELHIAPENAFIEL;CONCELHIAPENAFIEL;recurso;UNIÃO SINDICAL;trabalhadores;PENAFIEL;PORTO;Extinta;1980-10-30;2013-07-22
3.23.1;UNIÃO SINDICAL DE MAFRA;USM;USM;registo;UNIÃO SINDICAL;trabalhadores;MAFRA;LISBOA;Extinta;1984-11-15;2011-12-15
1.562.0;UNIÃO SINDICAL DE PROFESSORES;USPROF;USPROF;registo;SINDICATO;trabalhadores;LISBOA;LISBOA;Extinta;2005-07-08;2010-04-29
3.13.0;UNIÃO SINDICAL DE TORRES VEDRAS;USTV;USTV;registo;UNIÃO SINDICAL;trabalhadores;TORRES VEDRAS;LISBOA;Activa;1975-10-16;2013-04-22
3.13.1;UNIÃO SINDICAL DE TORRES VEDRAS, CADAVAL, LOURINHÃ, MAFRA E SOBRAL DE MONTE AGRAÇO;USTCLMS;USTCLMS;registo;UNIÃO SINDICAL;trabalhadores;TORRES VEDRAS;LISBOA;Activa;2014-02-08;2026-02-22
